Marca,Modelo,Año,Versión,Color,Tipo de combustible,Motor,tiene_camara,Kilómetros,Precio,Tipo de vendedor,HP,is_4x4,is_manual,is_coupe
36,107,2013.0,409,13,3,2.0,1,141000.0,18500.0,1,200.0,1,1,0
18,23,2024.0,199,18,3,1.3,1,0.0,31600.0,0,170.0,0,0,0
18,42,2008.0,205,2,3,6.1,0,110000.0,29000.0,1,465.0,1,0,0
13,47,2019.0,157,4,3,1.8,1,49000.0,25200.0,0,154.0,0,0,0
10,71,2025.0,124,13,3,1.0,1,1000.0,11000.0,0,110.0,0,0,0
35,95,2023.0,393,4,0,2.8,1,7000.0,54000.0,0,204.0,1,0,0
35,25,2023.0,370,22,3,2.0,1,12000.0,30400.0,2,170.0,0,0,0
29,0,2025.0,297,13,3,1.0,1,0.0,32285.0,2,120.0,0,0,0
36,96,2024.0,398,13,3,1.4,1,0.0,34500.0,1,150.0,0,0,0
1,78,2021.0,17,13,3,3.0,0,43000.0,140000.0,2,340.0,1,0,0
5,110,2018.0,92,22,3,1.8,0,107000.0,15600.0,1,140.0,1,1,0
18,23,2025.0,200,4,3,1.3,1,0.0,35992.0,2,272.0,0,0,0
3,117,2019.0,34,13,3,2.0,1,59271.0,34900.0,0,192.0,1,1,0
6,11,2018.0,110,8,3,1.6,0,85000.0,14320.0,0,165.0,0,0,0
3,125,2014.0,60,4,3,3.0,0,112000.0,45000.0,1,306.0,1,0,0
5,110,2017.0,92,22,3,1.8,1,78000.0,13199.0,0,140.0,0,1,0
36,63,2024.0,397,13,3,1.0,1,1111.0,27600.0,1,116.0,0,0,0
31,32,2018.0,327,4,3,1.6,1,81000.0,16240.0,0,110.0,0,1,0
13,47,2018.0,158,18,3,1.8,1,95000.0,20400.0,0,185.0,0,0,0
29,0,2018.0,296,13,3,1.6,1,60000.0,15192.0,0,150.0,1,1,0
3,125,2012.0,60,2,3,3.0,0,155000.0,42000.0,0,306.0,1,0,0
13,47,2015.0,158,18,3,1.8,1,70000.0,19000.0,1,185.0,0,0,0
28,51,2017.0,276,21,3,1.6,1,98000.0,18000.0,0,120.0,1,0,0
5,110,2015.0,92,13,3,1.8,1,112000.0,12800.0,1,140.0,1,0,0
28,51,2019.0,275,13,3,1.6,1,101100.0,20760.0,2,120.0,0,0,0
31,52,2025.0,335,13,3,2.5,1,3000.0,37520.0,1,257.0,1,0,0
11,34,2007.0,132,18,3,1.6,0,190000.0,7200.0,0,110.0,0,1,0
11,34,2010.0,132,13,3,2.0,0,143635.0,8800.0,1,143.0,0,1,0
2,124,2025.0,25,4,3,1.5,1,0.0,37900.0,0,185.0,0,0,0
18,23,2025.0,200,18,3,1.3,1,0.0,35992.0,2,272.0,0,0,0
28,51,2025.0,275,4,3,1.6,0,0.0,12480.0,0,120.0,0,1,0
36,63,2025.0,397,13,3,1.0,1,0.0,24440.0,0,101.0,0,0,0
18,82,2025.0,208,4,3,1.3,1,0.0,31160.0,2,170.0,0,0,0
36,63,2025.0,397,21,3,1.0,1,0.0,27600.0,0,101.0,0,0,0
5,110,2025.0,95,13,3,1.2,1,0.0,21840.0,2,132.0,1,0,0
11,34,2014.0,134,4,3,1.6,0,125000.0,13520.0,0,110.0,0,1,0
11,34,2019.0,134,4,3,1.5,0,115000.0,17500.0,1,123.0,0,1,0
18,23,2018.0,198,18,3,2.4,1,94000.0,28500.0,0,170.0,1,1,0
35,46,2023.0,375,13,0,2.8,1,44000.0,50400.0,1,177.0,1,0,0
18,23,2025.0,200,18,3,1.3,1,0.0,35680.0,1,272.0,0,0,0
18,82,2025.0,212,4,3,1.3,1,0.0,34640.0,2,170.0,1,0,0
31,32,2012.0,328,13,3,2.0,0,144000.0,10500.0,1,138.0,0,1,0
10,71,2025.0,125,13,3,1.3,1,0.0,21920.0,2,110.0,0,0,0
18,23,2025.0,200,18,3,1.3,1,0.0,35880.0,0,272.0,0,0,0
31,32,2016.0,327,13,3,2.0,1,109000.0,15000.0,1,143.0,0,1,0
18,23,2019.0,198,13,3,2.4,1,79000.0,29500.0,1,170.0,1,0,0
35,81,2013.0,387,18,3,2.0,0,218000.0,15920.0,2,110.0,0,1,0
5,110,2024.0,91,13,3,1.2,1,1000.0,21600.0,2,132.0,1,0,0
18,23,2025.0,200,13,3,1.3,1,0.0,35960.0,2,272.0,0,0,0
28,129,2007.0,285,13,0,2.8,0,280000.0,13500.0,1,123.0,1,1,0
31,32,2013.0,326,18,3,2.0,0,134000.0,13500.0,1,138.0,1,1,0
18,82,2025.0,208,18,3,1.3,1,0.0,29592.0,0,170.0,0,0,0
28,130,2014.0,289,13,3,2.5,1,160000.0,16800.0,1,110.0,1,0,0
28,51,2022.0,276,22,3,1.6,1,60000.0,29500.0,0,120.0,1,0,0
10,71,2024.0,125,4,3,1.3,1,0.0,19920.0,0,110.0,0,0,0
24,61,2017.0,251,22,3,1.8,0,105000.0,14900.0,1,110.0,0,1,0
35,46,2016.0,375,21,0,2.8,1,109000.0,36500.0,0,177.0,1,0,0
11,34,2006.0,132,2,4,1.6,0,190000.0,7120.0,1,110.0,0,1,0
6,11,2021.0,110,13,3,1.6,1,101000.0,18000.0,2,165.0,0,0,0
6,11,2019.0,110,4,3,1.6,1,65500.0,17900.0,1,165.0,0,0,0
10,71,2024.0,125,22,3,1.3,1,0.0,25641.0,2,110.0,0,0,0
36,96,2024.0,398,4,3,1.4,1,0.0,28560.0,1,150.0,0,0,0
36,107,2009.0,409,8,3,2.0,0,180000.0,12900.0,0,200.0,1,0,0
36,63,2025.0,397,13,3,1.0,1,0.0,22560.0,2,101.0,0,0,0
13,47,2019.0,157,2,3,1.8,1,79000.0,30999.0,0,154.0,0,0,0
3,123,2016.0,54,13,3,3.0,0,165000.0,45000.0,1,306.0,1,1,0
29,0,2016.0,296,13,3,1.6,0,78000.0,12800.0,0,150.0,1,1,0
35,95,2018.0,393,13,0,2.8,1,87028.0,42500.0,0,204.0,1,0,0
36,63,2021.0,397,13,3,1.0,1,94000.0,21200.0,0,101.0,0,0,0
36,97,2025.0,400,4,3,1.0,1,0.0,32372.0,2,110.0,0,0,0
31,32,2014.0,326,18,3,2.0,0,135000.0,15000.0,0,138.0,1,1,0
28,51,2018.0,276,4,3,1.6,1,90000.0,21360.0,0,120.0,1,0,0
18,23,2013.0,200,13,3,2.4,0,165000.0,14000.0,0,170.0,0,0,0
3,125,2017.0,62,4,3,4.4,0,98000.0,148000.0,1,575.0,1,0,0
30,14,2008.0,309,18,3,3.6,0,178000.0,25000.0,0,300.0,1,0,0
31,32,2018.0,327,13,3,1.6,1,81000.0,15200.0,0,110.0,0,1,0
28,51,2025.0,275,13,3,1.6,0,0.0,25200.0,2,120.0,0,0,0
35,46,2001.0,372,13,0,3.0,0,252000.0,19000.0,0,171.0,1,1,0
28,51,2019.0,276,13,3,1.6,1,87000.0,21200.0,0,120.0,1,0,0
35,95,2025.0,393,13,0,2.8,1,0.0,56950.0,2,204.0,1,0,0
10,71,2024.0,125,13,3,1.3,1,0.0,22800.0,2,110.0,0,0,0
36,97,2025.0,400,21,3,1.0,1,0.0,23200.0,2,110.0,0,1,0
5,110,2024.0,94,22,3,1.2,1,0.0,27622.0,0,132.0,0,0,0
11,34,2009.0,132,18,3,1.6,0,125000.0,8000.0,1,110.0,0,1,0
5,110,2023.0,95,2,3,1.2,0,38200.0,24000.0,1,132.0,1,0,0
11,34,2013.0,134,2,3,2.0,0,136897.0,13500.0,0,143.0,0,1,0
13,47,2017.0,158,13,3,1.8,1,149000.0,18900.0,0,175.0,0,0,0
36,63,2022.0,397,22,3,1.0,1,50000.0,27000.0,0,101.0,0,0,0
11,34,2014.0,136,4,3,1.6,0,119000.0,12792.0,0,110.0,0,1,0
25,18,2018.0,258,4,3,2.0,1,90000.0,58000.0,0,367.0,1,0,0
31,32,2012.0,327,13,3,1.6,0,208000.0,9000.0,1,110.0,0,1,0
5,110,2025.0,95,4,3,1.2,0,0.0,27640.0,2,132.0,1,0,0
5,110,2024.0,95,2,3,1.2,1,0.0,34604.0,0,132.0,1,0,0
11,8,2022.0,129,13,3,1.5,0,52000.0,35000.0,1,110.0,1,0,0
29,0,2021.0,293,13,3,1.6,1,105000.0,15920.0,0,120.0,0,1,0
13,27,2002.0,155,13,3,2.0,0,237000.0,11500.0,1,148.0,1,1,0
36,107,2016.0,409,4,3,2.0,0,100000.0,22000.0,0,200.0,1,0,0
31,32,2013.0,322,18,3,1.6,0,188208.0,9500.0,1,110.0,0,1,0
1,78,2021.0,17,18,3,3.0,0,59050.0,160000.0,0,340.0,1,0,0
11,34,2022.0,134,18,3,1.5,0,42000.0,19200.0,1,123.0,0,1,0
35,46,2020.0,375,13,0,2.8,1,118000.0,43500.0,0,177.0,1,0,0
10,71,2025.0,125,13,3,1.3,0,0.0,27120.0,2,110.0,0,0,0
18,82,2025.0,209,13,3,1.3,1,0.0,29600.0,0,170.0,0,0,0
18,23,2024.0,200,4,3,1.3,1,1100.0,35992.0,2,170.0,0,0,0
29,0,2024.0,297,13,3,1.0,1,8300.0,30160.0,0,120.0,0,0,0
11,8,2025.0,129,26,3,2.0,0,0.0,44625.0,2,110.0,1,0,0
14,113,2019.0,182,4,3,2.0,1,54000.0,26900.0,2,154.0,0,0,0
28,51,2025.0,275,13,3,1.6,0,0.0,20060.0,2,120.0,0,0,0
31,32,2013.0,322,13,3,1.6,0,145000.0,11120.0,0,110.0,0,1,0
18,23,2019.0,198,21,3,2.4,1,95000.0,24000.0,1,170.0,1,0,0
11,34,2017.0,130,22,3,1.5,1,71000.0,19000.0,1,123.0,0,1,0
35,25,2025.0,369,4,2,1.8,1,0.0,39920.0,0,170.0,0,0,0
11,100,2022.0,144,3,2,1.5,0,39621.0,26464.0,2,143.0,0,0,0
1,75,2024.0,13,13,3,2.0,1,0.0,85000.0,2,252.0,1,0,0
8,50,2012.0,115,13,3,2.4,0,120000.0,15600.0,1,170.0,1,0,0
36,109,2008.0,417,13,3,4.2,0,185000.0,22500.0,0,240.0,0,0,0
13,27,2008.0,152,13,3,2.4,0,238000.0,12500.0,1,185.0,1,0,0
13,47,2017.0,157,13,3,1.8,1,150000.0,18500.0,0,154.0,0,0,0
29,0,2018.0,292,13,3,1.6,0,72166.0,12800.0,2,120.0,0,1,0
18,23,2025.0,200,4,3,1.3,1,0.0,42100.0,2,272.0,0,0,0
13,47,2018.0,157,13,3,1.8,1,126000.0,22900.0,1,154.0,0,0,0
11,8,2022.0,129,13,3,1.5,1,9600.0,35840.0,0,110.0,1,0,0
28,51,2018.0,275,18,3,1.6,1,104151.0,19500.0,0,120.0,0,0,0
11,34,2020.0,136,21,3,1.5,1,55000.0,19960.0,0,123.0,0,1,0
14,113,2011.0,178,13,0,2.0,0,200000.0,10800.0,0,154.0,1,1,0
1,75,2018.0,13,18,3,2.0,0,87028.0,34000.0,1,252.0,1,0,0
36,97,2025.0,400,4,3,1.0,1,0.0,32520.0,2,110.0,0,0,0
36,97,2025.0,400,13,3,1.0,1,0.0,25592.0,2,110.0,0,0,0
31,32,2016.0,327,21,3,1.6,1,87900.0,13900.0,2,110.0,0,1,0
5,110,2025.0,92,22,3,1.2,1,0.0,24400.0,2,132.0,1,0,0
10,71,2022.0,125,18,3,1.3,1,47500.0,19600.0,0,110.0,0,1,0
11,34,2014.0,134,4,3,1.6,0,150000.0,11999.0,0,110.0,0,1,0
11,8,2024.0,129,8,3,1.5,1,0.0,36000.0,2,110.0,1,0,0
21,89,2016.0,226,13,0,2.2,1,149000.0,26000.0,1,132.0,0,0,0
31,52,2014.0,337,13,3,2.5,0,119000.0,14500.0,1,110.0,0,1,0
34,44,2008.0,351,13,3,2.0,1,192000.0,11000.0,1,110.0,1,1,0
18,42,2013.0,204,18,3,3.6,1,150000.0,25000.0,1,286.0,1,0,0
36,107,2019.0,409,4,3,1.4,0,60000.0,30000.0,0,150.0,1,0,0
28,51,2024.0,276,4,3,1.6,1,5808.0,28800.0,2,120.0,1,0,0
31,32,2013.0,326,2,3,2.0,0,105000.0,13700.0,0,138.0,1,1,0
5,110,2018.0,92,13,3,1.8,1,90000.0,19900.0,0,140.0,1,1,0
3,123,2007.0,59,18,3,4.8,0,195456.0,18500.0,0,306.0,1,1,0
36,107,2010.0,409,13,3,2.0,0,170000.0,9600.0,1,200.0,1,0,0
11,100,2022.0,144,4,3,1.5,0,86000.0,31000.0,0,143.0,0,0,0
11,34,2013.0,134,22,3,1.6,0,105000.0,5600.0,0,110.0,0,1,0
11,34,2020.0,130,4,3,1.5,1,82000.0,18400.0,1,123.0,0,1,0
18,23,2025.0,200,4,3,1.3,1,1000.0,42000.0,0,272.0,0,0,0
18,15,2005.0,193,13,3,3.7,0,260000.0,11600.0,1,205.0,0,1,0
3,120,2019.0,47,18,3,2.0,1,49000.0,99990.0,1,184.0,1,1,0
11,34,2020.0,134,22,3,1.5,0,42571.0,18000.0,0,123.0,0,1,0
5,110,2025.0,91,13,3,1.2,0,0.0,21360.0,2,132.0,1,0,0
29,0,2022.0,292,13,3,1.6,1,45000.0,19992.0,1,120.0,0,1,0
36,96,2023.0,398,13,3,1.4,1,0.0,38000.0,0,150.0,0,0,0
3,117,2019.0,34,13,3,2.0,1,88000.0,35000.0,1,192.0,1,1,0
25,20,2013.0,263,13,3,3.0,0,135000.0,24500.0,1,231.0,1,0,0
36,96,2025.0,398,21,3,1.4,1,0.0,31200.0,2,150.0,0,0,0
5,110,2017.0,92,4,3,1.8,1,100378.0,14000.0,0,140.0,0,1,0
36,96,2025.0,398,13,3,1.4,1,0.0,13840.0,2,150.0,0,0,0
31,32,2025.0,329,13,3,1.3,1,0.0,23992.0,2,155.0,1,0,0
18,23,2025.0,200,13,3,1.3,1,0.0,36400.0,2,272.0,0,0,0
29,0,2022.0,296,4,3,1.6,1,44000.0,20960.0,1,150.0,1,1,0
18,69,2012.0,207,13,3,2.4,0,184000.0,13200.0,1,170.0,1,0,0
14,113,2007.0,173,5,0,2.0,0,265000.0,6400.0,2,154.0,0,1,0
1,75,2025.0,13,21,2,2.0,1,0.0,81000.0,0,252.0,1,0,0
5,110,2024.0,91,4,3,1.2,1,6900.0,22800.0,0,132.0,1,1,0
10,71,2022.0,125,21,3,1.3,1,78428.0,19360.0,0,110.0,0,1,0
35,25,2025.0,369,4,2,1.8,1,0.0,41200.0,0,170.0,0,0,0
35,46,2009.0,374,18,0,3.0,0,182427.0,20400.0,0,171.0,1,1,0
5,110,2015.0,92,13,3,1.8,1,156000.0,14800.0,0,140.0,0,1,0
18,23,2019.0,201,13,3,2.4,0,92500.0,25950.0,1,170.0,1,0,0
2,121,2025.0,21,2,3,1.5,1,0.0,28200.0,0,148.0,1,0,0
18,23,2025.0,200,4,3,1.3,1,0.0,31384.0,2,272.0,0,0,0
18,22,2023.0,195,18,0,2.0,0,1000.0,41600.0,0,272.0,1,0,0
31,32,2013.0,326,4,3,2.0,0,130000.0,11912.0,1,138.0,1,1,0
11,34,2018.0,131,2,3,2.0,1,85000.0,21000.0,1,170.0,1,0,0
31,32,2012.0,328,18,3,2.0,0,185000.0,10800.0,0,138.0,0,1,0
6,11,2018.0,110,21,3,1.2,1,65100.0,12800.0,1,165.0,0,0,0
10,71,2024.0,124,13,3,1.0,0,0.0,22240.0,1,110.0,0,0,0
9,30,2025.0,117,13,3,1.6,1,0.0,56800.0,0,215.0,0,0,0
5,110,2025.0,92,22,3,1.2,1,0.0,26162.0,2,132.0,1,0,0
31,32,2018.0,327,5,3,1.6,0,87028.0,11300.0,2,110.0,0,1,0
29,1,2024.0,303,2,3,1.6,0,10000.0,45000.0,0,165.0,1,0,0
31,32,2025.0,329,13,3,1.3,1,0.0,22560.0,0,155.0,1,0,0
8,50,2013.0,115,22,3,2.4,0,140000.0,12000.0,1,170.0,1,0,0
3,117,2016.0,32,18,3,2.0,1,135000.0,28900.0,1,231.0,1,1,0
11,54,2013.0,142,13,3,2.5,0,141000.0,14319.0,0,110.0,1,0,0
29,0,2025.0,292,21,3,1.6,1,999.0,27200.0,0,120.0,0,1,0
18,82,2018.0,210,18,3,1.8,1,82900.0,18240.0,0,170.0,0,1,0
13,47,2020.0,157,4,3,1.8,1,77000.0,27500.0,0,154.0,0,0,0
35,81,2012.0,382,18,3,2.4,0,214400.0,14900.0,1,257.0,0,0,0
6,10,2025.0,103,4,3,1.0,1,0.0,14400.0,2,120.0,0,0,0
11,34,2021.0,134,21,3,1.5,1,78281.0,19040.0,0,123.0,0,1,0
18,42,2013.0,204,13,3,3.6,1,88000.0,28900.0,0,286.0,1,0,0
35,25,2024.0,369,4,2,1.8,1,0.0,44000.0,0,170.0,0,0,0
37,128,2024.0,422,13,2,2.0,0,0.0,114900.0,0,462.0,1,0,0
10,71,2025.0,125,18,3,1.3,1,1111.0,27404.0,1,110.0,0,0,0
18,23,2025.0,200,6,3,1.3,1,0.0,36560.0,0,272.0,0,0,0
29,0,2025.0,293,13,3,1.0,1,0.0,31840.0,0,120.0,0,0,0
14,43,2016.0,168,4,0,2.2,0,130000.0,31500.0,0,110.0,0,0,0
29,0,2024.0,297,4,3,1.0,1,0.0,32464.0,2,120.0,0,0,0
35,25,2022.0,369,4,3,2.0,1,45000.0,33000.0,1,170.0,0,0,0
6,11,2023.0,106,13,3,1.6,0,16000.0,19592.0,1,165.0,0,1,0
29,0,2018.0,299,21,3,1.6,1,91900.0,13600.0,1,120.0,0,1,0
11,34,2014.0,134,18,3,1.6,0,121000.0,12000.0,1,110.0,0,1,0
13,27,2010.0,154,21,3,2.4,0,167000.0,13200.0,1,185.0,0,0,0
31,52,2012.0,337,18,3,2.5,0,122300.0,11040.0,1,110.0,0,1,0
14,113,2017.0,180,13,3,2.0,1,100700.0,26000.0,1,154.0,0,0,0
3,120,2025.0,48,4,3,3.0,1,0.0,137900.0,2,398.0,1,1,0
10,71,2025.0,126,13,3,1.0,1,0.0,25520.0,2,110.0,0,0,0
35,25,2023.0,369,21,3,2.0,1,40000.0,34000.0,0,170.0,0,0,0
5,110,2017.0,92,4,3,1.8,1,120000.0,15600.0,0,140.0,1,0,0
5,110,2016.0,92,13,3,1.8,1,146000.0,12160.0,0,140.0,0,1,0
14,113,2017.0,174,13,3,2.0,1,156000.0,21000.0,1,154.0,0,1,0
11,8,2025.0,129,2,3,2.0,0,0.0,45440.0,2,110.0,1,0,0
6,11,2020.0,110,4,3,1.6,1,87000.0,15600.0,0,165.0,0,1,0
14,113,2025.0,183,21,3,1.6,1,800.0,57000.0,1,154.0,0,0,0
35,46,2011.0,374,13,0,3.0,0,215000.0,24000.0,1,171.0,1,1,0
18,82,2024.0,210,13,3,1.8,1,0.0,27943.0,2,175.0,0,0,0
28,51,2018.0,276,21,3,1.6,1,93300.0,20560.0,2,120.0,1,0,0
35,95,2023.0,393,13,3,2.8,1,44000.0,54500.0,0,204.0,1,0,0
36,96,2025.0,398,21,3,1.4,1,0.0,35360.0,2,150.0,0,0,0
13,47,2025.0,158,13,3,1.5,0,1111.0,31600.0,0,121.0,0,0,0
21,89,2013.0,226,13,3,2.4,1,140000.0,15500.0,0,185.0,1,0,0
21,89,2018.0,226,21,0,2.2,1,87028.0,32400.0,0,154.0,1,0,0
36,96,2025.0,398,4,3,1.4,1,0.0,30400.0,0,150.0,0,0,0
13,47,2017.0,158,13,3,1.8,1,98000.0,17900.0,1,175.0,0,0,0
36,96,2022.0,398,13,3,1.4,1,47000.0,32000.0,1,150.0,0,0,0
18,23,2020.0,199,3,3,2.4,1,68000.0,25000.0,1,170.0,0,0,0
31,32,2011.0,324,18,3,1.6,0,160000.0,7840.0,1,110.0,0,1,0
36,107,2012.0,410,18,0,2.0,0,198000.0,19350.0,1,140.0,1,0,0
5,110,2025.0,92,2,3,1.2,1,0.0,27120.0,0,132.0,1,0,0
35,25,2021.0,370,13,3,2.0,1,44000.0,29600.0,2,170.0,0,0,0
13,47,2019.0,157,4,3,1.8,1,62000.0,23920.0,0,154.0,0,0,0
18,82,2023.0,210,21,3,1.8,1,19000.0,22400.0,0,170.0,0,1,0
6,10,2025.0,103,13,3,1.0,1,0.0,24560.0,2,120.0,0,0,0
5,110,2017.0,92,4,3,1.8,1,119000.0,15600.0,0,140.0,1,0,0
6,11,2021.0,110,22,3,1.6,1,58900.0,19000.0,1,165.0,0,0,0
18,82,2025.0,209,18,3,1.3,1,0.0,31120.0,2,170.0,0,0,0
13,27,2015.0,154,21,3,2.4,1,145000.0,22900.0,1,185.0,0,0,0
25,17,2016.0,255,21,3,1.6,1,115000.0,30000.0,1,211.0,1,0,0
21,89,2014.0,226,18,3,2.4,0,128000.0,17000.0,1,132.0,0,0,0
29,0,2016.0,296,4,3,1.6,1,109000.0,14800.0,1,150.0,1,1,0
4,103,2016.0,70,4,3,1.6,1,98000.0,12720.0,1,110.0,0,1,0
35,81,2017.0,387,4,3,2.0,1,64000.0,32500.0,1,110.0,1,0,0
11,34,2015.0,134,22,3,1.6,0,119000.0,12080.0,0,110.0,0,1,0
18,23,2018.0,200,4,3,2.4,0,48000.0,27680.0,0,170.0,0,0,0
11,100,2025.0,144,4,3,1.8,1,0.0,37240.0,2,85.0,1,0,0
3,117,2012.0,34,2,3,2.0,0,153000.0,19500.0,1,150.0,1,1,0
36,107,2018.0,405,4,3,2.0,0,89000.0,28560.0,0,200.0,1,0,0
14,26,2016.0,162,13,3,1.6,0,103850.0,17500.0,1,252.0,0,1,0
31,32,2012.0,327,26,3,1.6,0,93000.0,12500.0,1,110.0,0,1,0
11,34,2014.0,134,4,0,1.5,0,117000.0,10800.0,1,90.0,0,1,0
28,51,2020.0,278,4,3,1.6,1,65000.0,22000.0,1,120.0,0,0,0
11,34,2016.0,136,13,3,2.0,0,90000.0,10400.0,0,143.0,0,1,0
28,51,2021.0,275,22,3,1.6,1,40000.0,23200.0,1,120.0,0,0,0
29,0,2018.0,296,4,3,1.6,1,73000.0,16500.0,1,150.0,1,1,0
5,111,2017.0,98,4,0,2.8,1,120000.0,31000.0,0,200.0,1,0,0
25,17,2025.0,255,21,3,1.3,0,0.0,65000.0,0,163.0,1,0,0
13,27,1998.0,153,18,3,2.0,0,271000.0,8500.0,1,148.0,1,1,0
18,23,2011.0,200,13,3,2.4,1,152000.0,14500.0,1,170.0,0,0,0
5,110,2018.0,92,21,3,1.8,1,83300.0,17500.0,1,140.0,1,1,0
11,100,2025.0,144,13,3,1.8,1,0.0,37240.0,2,85.0,1,0,0
18,23,2025.0,200,13,3,1.3,1,0.0,39920.0,0,272.0,0,0,0
11,54,2018.0,141,2,3,2.0,0,115000.0,17900.0,1,143.0,1,0,0
11,54,2013.0,142,4,3,1.6,0,137000.0,18000.0,0,180.0,1,0,0
5,110,2024.0,95,4,3,1.2,1,6000.0,30500.0,0,132.0,1,0,0
31,32,2025.0,329,13,3,1.3,1,0.0,23824.0,0,155.0,1,0,0
11,34,2015.0,136,4,3,2.0,0,114000.0,14320.0,0,143.0,0,1,0
28,129,2008.0,285,13,0,2.8,0,193000.0,11200.0,1,123.0,1,1,0
35,95,2025.0,393,13,0,2.8,1,0.0,58400.0,0,204.0,1,0,0
5,110,2022.0,92,13,3,1.2,1,49800.0,22400.0,1,132.0,1,0,0
31,13,2020.0,320,22,3,2.0,1,90000.0,20800.0,0,110.0,0,1,0
6,10,2025.0,103,4,3,1.0,1,0.0,15200.0,0,120.0,0,0,0
25,18,2019.0,258,18,3,2.0,1,109000.0,71000.0,1,390.0,1,0,0
17,38,2018.0,191,18,0,2.0,0,87028.0,59900.0,0,110.0,0,0,0
5,110,2020.0,95,4,3,1.2,1,65000.0,19900.0,0,132.0,1,1,0
10,71,2025.0,125,4,3,1.3,0,500.0,17000.0,0,110.0,0,0,0
31,32,2024.0,329,13,3,1.3,1,0.0,24720.0,0,155.0,1,0,0
1,75,2024.0,13,4,3,2.0,1,0.0,85000.0,2,252.0,1,0,0
14,113,2013.0,178,4,3,2.0,0,165482.0,17500.0,0,154.0,1,0,0
18,82,2016.0,210,13,3,1.8,0,134000.0,15500.0,0,170.0,0,1,0
28,129,2008.0,285,13,0,2.8,0,280000.0,13000.0,1,123.0,1,1,0
18,15,2004.0,194,4,3,2.4,0,220000.0,10900.0,0,170.0,1,1,0
3,117,2024.0,34,13,3,2.0,0,0.0,85000.0,0,192.0,1,1,0
10,71,2025.0,125,21,3,1.3,1,1000.0,22319.0,1,110.0,0,1,0
6,10,2024.0,103,22,3,1.0,1,0.0,21039.0,2,120.0,0,0,0
36,107,2011.0,409,21,3,2.0,0,200000.0,12500.0,1,200.0,1,1,0
36,96,2024.0,398,13,3,1.4,1,0.0,34000.0,0,150.0,0,0,0
11,34,2018.0,134,2,3,1.5,0,86441.0,14320.0,2,123.0,0,1,0
31,32,2017.0,327,18,3,1.6,0,69000.0,17200.0,0,110.0,0,1,0
35,55,2018.0,380,4,0,4.5,0,114000.0,129000.0,1,265.0,0,0,0
35,46,2016.0,375,4,0,2.8,1,160000.0,38500.0,0,177.0,1,0,0
4,103,2019.0,70,18,3,1.6,1,130000.0,12000.0,1,110.0,0,1,0
1,75,2025.0,13,13,3,2.0,1,0.0,84001.0,2,245.0,1,0,0
5,35,2020.0,83,4,3,1.5,1,87000.0,80000.0,0,105.0,1,0,0
36,107,2018.0,409,22,3,2.0,0,126000.0,30800.0,0,200.0,1,0,0
36,96,2023.0,398,13,3,1.4,1,30000.0,32800.0,1,150.0,0,0,0
27,66,2013.0,274,18,3,2.0,0,172000.0,16000.0,0,150.0,1,0,0
36,63,2025.0,397,21,3,1.0,1,0.0,26000.0,2,101.0,0,0,0
31,32,2013.0,326,4,3,2.0,0,115000.0,12480.0,0,138.0,0,1,0
28,51,2021.0,276,4,3,1.6,1,36000.0,25600.0,0,120.0,1,0,0
18,23,2024.0,200,13,3,1.3,1,0.0,29207.0,2,170.0,0,0,0
28,51,2019.0,276,4,3,1.6,1,65000.0,18800.0,1,120.0,1,0,0
18,82,2024.0,208,18,3,1.3,1,0.0,29400.0,2,175.0,0,0,0
29,0,2025.0,297,13,3,1.0,1,0.0,26320.0,2,120.0,0,0,0
1,75,2010.0,13,18,3,2.0,1,124000.0,18500.0,1,211.0,1,0,0
36,96,2025.0,398,21,3,1.4,1,0.0,35400.0,0,150.0,0,0,0
18,15,2008.0,193,18,3,3.7,0,179000.0,15000.0,0,205.0,0,0,0
28,51,2022.0,276,4,3,1.6,1,20000.0,29000.0,0,120.0,1,0,0
28,51,2017.0,276,21,3,1.6,1,86500.0,20640.0,1,120.0,1,0,0
35,46,2019.0,375,13,0,2.8,1,105000.0,39600.0,1,177.0,1,0,0
11,34,2015.0,130,13,3,2.0,0,135000.0,14800.0,0,143.0,1,1,0
18,82,2025.0,208,13,3,1.3,1,0.0,30834.0,2,170.0,0,0,0
29,0,2019.0,295,4,3,1.6,0,109000.0,17200.0,2,120.0,0,1,0
29,0,2019.0,295,4,3,1.6,0,90000.0,14400.0,0,120.0,0,1,0
18,42,2024.0,203,18,3,3.6,0,0.0,146002.0,0,286.0,1,0,0
29,0,2017.0,293,4,3,1.6,0,149000.0,11200.0,1,120.0,0,1,0
18,42,2013.0,204,4,3,3.6,1,126000.0,31000.0,1,286.0,1,0,0
8,50,2010.0,115,18,3,2.4,0,183000.0,9600.0,1,170.0,1,0,0
5,110,2025.0,92,2,3,1.2,1,0.0,27120.0,0,132.0,1,0,0
5,111,2022.0,96,13,0,2.8,1,45000.0,36000.0,1,200.0,1,0,0
6,11,2021.0,110,13,3,1.6,0,65000.0,17900.0,2,165.0,0,1,0
36,97,2024.0,400,4,3,1.0,1,0.0,23840.0,1,110.0,0,0,0
11,8,2023.0,129,13,3,2.0,1,14800.0,44000.0,1,110.0,1,0,0
11,34,2015.0,136,17,3,1.6,0,126000.0,13200.0,0,110.0,0,1,0
1,78,2025.0,17,4,2,3.0,1,0.0,168900.0,2,340.0,1,0,0
4,104,2025.0,73,8,3,1.5,1,0.0,31500.0,0,127.0,1,0,0
10,71,2025.0,125,4,3,1.3,0,0.0,9200.0,2,110.0,0,1,0
11,8,2025.0,129,26,3,1.5,0,0.0,37942.0,2,110.0,1,0,0
18,23,2019.0,197,13,3,2.4,1,89000.0,26990.0,0,170.0,1,1,0
3,88,2017.0,27,18,3,3.0,1,98000.0,60000.0,0,326.0,0,0,1
35,25,2022.0,369,18,2,1.8,0,61800.0,30800.0,0,170.0,0,0,0
35,46,2007.0,374,13,0,3.0,1,141000.0,26950.0,0,171.0,1,0,0
29,1,2019.0,303,13,0,2.0,1,99945.0,26800.0,2,165.0,1,0,0
31,32,2016.0,327,18,3,1.6,1,112000.0,13700.0,0,110.0,0,1,0
29,0,2017.0,293,13,3,1.6,0,117029.0,12800.0,0,120.0,0,1,0
11,34,2014.0,133,13,3,1.6,0,135000.0,12400.0,0,110.0,0,1,0
11,34,2018.0,130,4,3,1.5,1,87028.0,16240.0,0,123.0,0,1,0
5,6,2007.0,78,26,0,2.8,0,252000.0,12000.0,1,160.0,0,1,0
14,113,2008.0,179,5,3,2.0,0,240000.0,9500.0,1,154.0,1,1,0
5,110,2024.0,92,4,3,1.2,0,1000.0,26476.0,2,132.0,1,0,0
11,8,2021.0,129,13,3,2.0,1,63000.0,37000.0,1,110.0,1,0,0
3,117,2017.0,34,4,3,2.0,1,92000.0,31000.0,1,192.0,1,1,0
28,51,2022.0,276,4,3,1.6,1,38500.0,31000.0,1,120.0,1,0,0
18,82,2025.0,212,4,3,1.3,1,0.0,34240.0,0,170.0,1,0,0
31,33,2017.0,333,26,3,2.0,1,98000.0,13600.0,1,110.0,0,1,0
29,0,2022.0,296,22,3,1.6,1,47000.0,20800.0,1,150.0,1,1,0
5,110,2022.0,92,2,3,1.2,0,49500.0,21600.0,2,132.0,1,0,0
14,113,2018.0,182,13,3,2.0,1,82800.0,26000.0,1,154.0,0,0,0
4,101,2013.0,65,18,3,2.0,0,105000.0,10000.0,0,127.0,0,1,0
29,0,2017.0,296,15,3,1.6,1,86279.0,13479.0,0,150.0,1,1,0
18,116,2025.0,216,18,3,2.0,1,0.0,130000.0,2,272.0,1,0,1
11,34,2015.0,136,22,3,1.6,0,145000.0,12800.0,1,110.0,0,1,0
18,23,2025.0,200,4,3,1.3,1,0.0,32640.0,2,272.0,0,0,0
5,110,2014.0,92,13,3,1.8,0,100000.0,14000.0,1,140.0,1,0,0
28,129,2005.0,285,18,0,2.8,0,227000.0,11800.0,1,123.0,1,1,0
36,96,2022.0,398,5,3,1.4,1,89000.0,35000.0,1,150.0,0,0,0
5,110,2017.0,92,18,3,1.8,1,154000.0,14640.0,0,140.0,1,0,0
28,51,2020.0,277,13,3,1.6,0,59900.0,19200.0,1,120.0,0,1,0
36,97,2024.0,400,2,3,1.0,1,500.0,22240.0,1,110.0,0,0,0
3,125,2018.0,60,13,3,3.0,0,87028.0,88900.0,1,306.0,1,0,0
14,26,2025.0,164,4,3,1.6,1,0.0,35000.0,0,115.0,0,0,0
29,0,2024.0,292,13,3,1.0,1,9000.0,30000.0,0,120.0,0,1,0
29,0,2019.0,296,13,3,1.6,1,97000.0,14300.0,1,150.0,1,1,0
5,6,1996.0,78,4,3,2.2,0,171000.0,6080.0,1,160.0,0,1,0
10,71,2023.0,126,13,3,1.0,0,1000.0,27760.0,1,110.0,0,0,0
18,69,2013.0,207,18,3,2.4,0,140000.0,12000.0,1,170.0,1,0,0
36,63,2025.0,397,13,3,1.0,1,0.0,24792.0,2,101.0,0,0,0
18,82,2025.0,208,13,3,1.3,1,0.0,30392.0,0,170.0,0,0,0
18,82,2020.0,208,18,3,1.8,1,52000.0,24000.0,0,170.0,0,0,0
31,13,2017.0,320,13,3,2.0,0,87000.0,16800.0,0,110.0,0,1,0
4,101,2014.0,65,13,3,2.0,0,168000.0,10000.0,0,138.0,0,1,0
5,110,2024.0,95,4,3,1.2,1,0.0,21519.0,2,132.0,1,0,0
35,81,2012.0,382,4,3,2.4,0,180000.0,13500.0,0,257.0,0,0,0
1,75,2025.0,13,13,2,2.0,1,0.0,77800.0,2,252.0,1,0,0
18,23,2021.0,200,4,3,2.4,0,76000.0,30400.0,0,170.0,0,0,0
11,34,2017.0,130,18,3,2.0,1,108119.0,16080.0,0,143.0,1,1,0
3,117,2018.0,34,4,3,2.0,1,105000.0,33900.0,0,192.0,1,1,0
36,96,2025.0,398,13,3,1.4,1,0.0,35440.0,2,150.0,0,0,0
29,0,2024.0,293,13,3,1.0,1,0.0,29200.0,2,120.0,0,1,0
36,96,2025.0,398,21,3,1.4,1,0.0,28000.0,0,150.0,0,0,0
5,110,2016.0,92,18,3,1.8,1,110000.0,15500.0,1,140.0,1,0,0
10,71,2024.0,126,22,3,1.0,1,8000.0,25500.0,0,110.0,0,0,0
35,25,2022.0,369,4,2,1.8,1,72000.0,32000.0,1,170.0,0,0,0
28,130,2007.0,286,18,0,2.2,0,185000.0,11000.0,0,257.0,1,1,0
11,54,2024.0,140,18,2,2.5,0,10000.0,56000.0,1,180.0,1,0,0
5,110,2025.0,92,4,3,1.2,1,0.0,29492.0,0,132.0,1,0,0
29,0,2016.0,299,4,3,1.6,0,92000.0,11600.0,1,120.0,0,1,0
3,123,2006.0,54,13,3,3.0,0,257000.0,19000.0,0,306.0,1,1,0
36,96,2025.0,398,2,3,1.4,1,0.0,36640.0,2,150.0,0,0,0
8,50,2013.0,114,13,3,2.4,0,190000.0,13600.0,0,170.0,1,0,0
29,0,2018.0,293,4,3,1.6,0,100000.0,14800.0,1,120.0,0,1,0
5,110,2025.0,91,22,3,1.2,0,0.0,24000.0,0,132.0,1,0,0
3,117,2018.0,34,18,3,2.0,1,87028.0,37000.0,1,150.0,1,1,0
11,34,2016.0,134,18,3,2.0,0,128000.0,14800.0,1,143.0,0,1,0
28,51,2022.0,276,2,3,1.6,1,36645.0,27512.0,2,120.0,1,0,0
9,30,2024.0,118,13,3,1.6,1,0.0,52000.0,0,215.0,0,0,0
29,0,2018.0,292,4,3,1.6,0,87028.0,14800.0,1,120.0,0,1,0
5,110,2017.0,92,13,3,1.8,1,96000.0,15120.0,0,140.0,1,0,0
11,34,2014.0,130,4,3,1.6,0,111500.0,10796.0,0,110.0,0,1,0
29,0,2024.0,292,2,3,1.0,1,0.0,27464.0,2,120.0,0,1,0
5,110,2023.0,95,26,3,1.2,0,19750.0,22000.0,1,132.0,1,0,0
36,96,2024.0,398,4,3,1.4,1,0.0,35200.0,2,150.0,0,0,0
36,97,2025.0,400,4,3,1.0,1,0.0,24000.0,2,110.0,0,0,0
18,116,2013.0,216,18,3,3.6,0,85000.0,60000.0,1,284.0,1,0,1
4,104,2025.0,73,22,3,1.5,1,0.0,27920.0,0,127.0,1,0,0
35,25,2025.0,369,4,2,1.8,1,1000.0,41992.0,1,170.0,0,0,0
4,101,2013.0,66,26,3,2.0,0,120000.0,10400.0,1,138.0,1,1,0
5,110,2017.0,92,13,3,1.8,1,165000.0,15500.0,0,140.0,1,0,0
1,74,2020.0,9,21,3,1.4,1,95500.0,41500.0,2,150.0,1,0,0
6,11,2020.0,106,2,2,1.6,0,87000.0,14872.0,2,165.0,0,1,0
36,108,2021.0,414,4,3,1.4,0,109000.0,28400.0,0,150.0,0,0,0
29,0,2020.0,293,13,3,1.6,0,51000.0,16640.0,0,120.0,0,1,0
5,110,2019.0,92,4,3,1.8,1,75000.0,17600.0,1,140.0,1,1,0
29,0,2021.0,296,13,3,1.6,0,75000.0,22990.0,0,150.0,1,1,0
37,127,2024.0,419,13,1,2.0,1,0.0,89000.0,0,408.0,1,0,0
18,23,2025.0,200,6,3,1.3,1,0.0,33840.0,0,272.0,0,0,0
18,23,2024.0,200,13,3,1.3,1,0.0,38000.0,0,170.0,0,0,0
18,82,2020.0,210,18,3,1.8,1,93000.0,17192.0,2,170.0,0,1,0
36,96,2025.0,398,21,3,1.4,1,0.0,37200.0,2,150.0,0,0,0
29,0,2016.0,293,18,3,1.6,0,99000.0,11992.0,0,120.0,0,1,0
8,50,2012.0,115,22,3,2.4,1,142000.0,14900.0,1,170.0,1,0,0
5,110,2025.0,95,13,3,1.2,0,0.0,21360.0,2,132.0,1,0,0
11,34,2012.0,132,18,3,1.6,0,172400.0,8400.0,1,110.0,0,1,0
36,97,2025.0,400,13,3,1.0,1,0.0,23600.0,2,110.0,0,1,0
11,37,1995.0,138,22,3,4.0,0,180000.0,6000.0,1,110.0,1,1,0
36,63,2025.0,397,13,3,1.0,1,0.0,23200.0,2,101.0,0,0,0
18,23,2024.0,197,18,3,1.3,0,0.0,34400.0,0,170.0,0,0,0
28,51,2018.0,275,18,3,1.6,1,67000.0,21000.0,0,120.0,0,0,0
31,32,2017.0,327,13,3,1.6,1,97000.0,15400.0,1,110.0,0,1,0
3,117,2017.0,34,18,3,2.0,1,165000.0,26900.0,1,192.0,1,1,0
29,0,2025.0,297,13,3,1.0,1,0.0,36000.0,0,120.0,0,0,0
18,22,2025.0,195,4,3,1.3,1,0.0,39032.0,2,272.0,0,0,0
4,101,2012.0,65,22,3,2.0,0,120000.0,8600.0,0,127.0,0,1,0
10,71,2025.0,125,18,3,1.3,0,0.0,31199.0,0,110.0,0,0,0
36,96,2025.0,398,21,3,1.4,1,0.0,30720.0,0,150.0,0,0,0
32,60,2006.0,346,13,0,2.9,1,210000.0,10400.0,1,110.0,0,1,0
28,51,2019.0,275,21,3,1.6,1,93000.0,18000.0,1,120.0,0,0,0
11,34,2003.0,132,13,3,1.6,0,160000.0,6320.0,0,110.0,0,1,0
18,23,2024.0,200,13,3,1.3,1,1000.0,38400.0,0,170.0,0,0,0
11,34,2018.0,134,4,3,1.5,0,107000.0,15600.0,0,123.0,0,1,0
29,1,2018.0,303,21,3,1.6,1,85000.0,30300.0,1,165.0,1,0,0
35,25,2025.0,369,4,2,1.8,1,0.0,38400.0,0,170.0,0,0,0
18,23,2022.0,200,18,3,1.3,1,47000.0,29600.0,1,170.0,0,0,0
31,13,2018.0,318,4,3,2.0,1,56000.0,19200.0,0,110.0,0,1,0
18,82,2020.0,208,4,3,1.8,1,61000.0,21512.0,0,170.0,0,0,0
29,0,2017.0,293,13,3,1.6,0,80000.0,14400.0,1,120.0,0,1,0
31,33,2021.0,332,22,3,1.6,0,91021.0,17600.0,2,110.0,0,1,0
1,75,2018.0,13,13,3,2.0,0,84000.0,39000.0,1,252.0,1,0,0
28,51,2020.0,275,13,3,1.6,1,67000.0,19840.0,0,120.0,0,0,0
5,110,2018.0,95,13,3,1.8,0,118046.0,17200.0,0,140.0,1,0,0
31,13,2020.0,318,13,3,1.6,1,50000.0,20000.0,0,110.0,0,0,0
18,82,2025.0,209,13,3,1.3,1,0.0,29520.0,2,170.0,0,0,0
18,116,1998.0,215,18,3,4.0,0,108000.0,28500.0,1,284.0,1,1,1
6,11,2020.0,106,13,3,1.6,1,43500.0,17900.0,1,165.0,0,1,0
13,47,2025.0,158,4,3,1.5,0,0.0,35200.0,0,121.0,0,0,0
35,81,2018.0,385,4,3,2.0,0,105000.0,26400.0,1,110.0,0,0,0
31,32,2015.0,327,13,3,1.6,1,78354.0,11999.0,0,110.0,0,1,0
4,103,2018.0,71,15,3,1.6,1,103000.0,14500.0,1,127.0,1,1,0
13,27,2011.0,154,13,3,2.4,0,160000.0,15000.0,1,185.0,0,0,0
28,51,2023.0,276,13,3,1.6,0,45000.0,27200.0,0,120.0,1,0,0
3,117,2022.0,34,13,3,2.0,0,68900.0,49800.0,0,192.0,1,1,0
18,116,2025.0,216,13,3,3.6,1,0.0,124500.0,0,284.0,1,0,1
5,110,2023.0,92,4,3,1.2,1,23000.0,23600.0,0,132.0,1,0,0
5,110,2018.0,92,21,3,1.8,1,138000.0,17900.0,0,140.0,1,1,0
5,35,2018.0,83,22,3,1.5,0,120000.0,26900.0,1,105.0,1,1,0
29,1,2018.0,303,13,3,1.6,1,125000.0,25000.0,0,165.0,1,0,0
11,34,2020.0,133,13,3,1.5,0,49000.0,20400.0,0,123.0,0,1,0
14,113,2017.0,180,13,3,2.0,1,101000.0,26900.0,0,154.0,0,0,0
13,27,2012.0,154,18,3,2.4,0,151000.0,16200.0,0,185.0,0,0,0
31,52,2011.0,336,4,3,2.5,0,135000.0,12000.0,1,110.0,1,1,0
35,95,2024.0,389,18,0,2.8,0,0.0,65900.0,0,204.0,1,0,0
36,96,2024.0,398,21,3,1.4,1,0.0,31600.0,1,150.0,0,0,0
11,100,2021.0,144,4,3,1.5,0,40000.0,31500.0,1,85.0,1,0,0
35,81,2018.0,387,4,3,2.0,1,46000.0,33520.0,0,110.0,1,1,0
5,110,2024.0,95,22,3,1.2,1,0.0,21600.0,1,132.0,1,0,0
28,51,2018.0,275,18,3,1.6,1,86000.0,18400.0,0,120.0,0,0,0
4,101,2015.0,65,13,3,1.6,1,119000.0,11550.0,1,125.0,0,1,0
28,51,2025.0,277,13,3,1.6,1,0.0,23120.0,2,120.0,0,1,0
31,13,2019.0,318,22,3,1.6,1,86000.0,17600.0,0,110.0,0,0,0
35,46,2014.0,374,21,0,3.0,1,135000.0,32000.0,0,171.0,1,1,0
5,110,2021.0,92,2,3,1.2,1,42657.0,20520.0,0,132.0,1,0,0
11,34,2017.0,130,13,3,1.6,1,112800.0,12500.0,0,110.0,0,1,0
11,100,2022.0,144,18,3,1.5,0,69000.0,28720.0,0,143.0,0,0,0
36,63,2022.0,397,4,3,1.0,1,49500.0,21040.0,1,101.0,0,0,0
18,82,2025.0,212,18,3,1.3,1,0.0,33992.0,2,170.0,1,0,0
5,110,2025.0,92,21,3,1.2,1,0.0,29400.0,0,132.0,1,0,0
14,113,2013.0,178,13,3,2.0,0,127000.0,16800.0,0,154.0,0,0,0
11,8,2021.0,129,13,3,2.0,1,55000.0,35200.0,1,110.0,1,0,0
18,23,2024.0,200,18,3,1.3,1,0.0,37360.0,0,170.0,0,0,0
28,51,2021.0,275,5,3,1.6,0,82000.0,18900.0,0,120.0,0,1,0
11,34,2012.0,132,21,3,1.6,0,143000.0,9600.0,0,110.0,0,1,0
11,34,2016.0,133,4,3,1.6,0,99000.0,12400.0,0,110.0,0,1,0
1,77,2010.0,16,13,3,4.2,0,197000.0,17000.0,0,350.0,1,0,0
29,0,2017.0,293,18,3,1.6,0,86000.0,13200.0,0,120.0,0,1,0
18,23,2022.0,200,4,3,1.3,0,27000.0,35500.0,1,170.0,0,0,0
5,110,2015.0,92,18,3,1.8,0,155000.0,12720.0,0,140.0,0,1,0
5,110,2014.0,92,18,3,1.8,0,143000.0,12200.0,1,140.0,0,1,0
18,116,2021.0,216,22,3,3.6,1,59050.0,105000.0,0,284.0,1,0,1
18,82,2025.0,209,4,3,1.3,1,0.0,31120.0,2,170.0,0,0,0
29,1,2018.0,303,22,3,1.6,1,93000.0,35000.0,1,165.0,1,0,0
36,96,2025.0,398,3,3,1.4,1,7000.0,34000.0,1,150.0,0,0,0
11,100,2021.0,144,4,3,1.5,1,78300.0,26500.0,1,85.0,1,0,0
10,71,2025.0,125,4,3,1.3,0,0.0,10000.0,2,110.0,0,0,0
5,111,2025.0,99,2,0,2.8,1,0.0,50400.0,2,207.0,1,0,0
5,110,2021.0,95,4,3,1.2,1,40000.0,21500.0,1,132.0,1,0,0
11,34,2015.0,134,3,3,1.6,0,115000.0,12000.0,0,110.0,0,1,0
5,110,2025.0,91,4,3,1.2,0,0.0,21199.0,2,132.0,1,0,0
18,82,2017.0,210,13,3,1.8,1,76000.0,16400.0,2,170.0,0,1,0
31,32,2013.0,322,18,3,1.6,0,135000.0,10240.0,0,110.0,0,1,0
36,63,2025.0,397,13,3,1.0,1,0.0,23000.0,2,101.0,0,0,0
11,34,2013.0,134,18,3,2.0,0,186000.0,12000.0,0,143.0,0,1,0
18,22,2023.0,195,13,3,1.3,1,0.0,38560.0,2,272.0,0,0,0
28,59,2010.0,281,13,3,3.5,1,165000.0,12000.0,1,260.0,1,0,0
35,46,2017.0,375,4,0,2.8,1,128000.0,40900.0,0,177.0,1,0,0
28,51,2021.0,276,4,3,1.6,1,47000.0,26000.0,1,120.0,1,0,0
18,82,2020.0,208,13,3,1.8,1,92000.0,20720.0,0,170.0,0,0,0
18,23,2025.0,200,13,3,1.3,1,0.0,36800.0,0,272.0,0,0,0
29,0,2018.0,293,4,3,1.6,0,75000.0,18000.0,1,120.0,0,1,0
6,11,2020.0,110,13,3,1.6,1,68000.0,17520.0,1,165.0,0,0,0
36,96,2022.0,398,4,3,1.4,1,30000.0,34079.0,0,150.0,0,0,0
29,0,2025.0,292,13,3,1.0,1,0.0,26984.0,0,120.0,0,1,0
31,32,2025.0,329,21,3,1.3,1,2400.0,23584.0,2,155.0,1,0,0
11,34,2019.0,136,22,3,1.5,1,50000.0,16800.0,0,123.0,0,1,0
31,32,2020.0,327,22,3,1.6,0,38000.0,16000.0,0,110.0,0,1,0
5,110,2021.0,92,13,3,1.2,1,53317.0,23000.0,1,132.0,1,0,0
5,110,2025.0,95,4,3,1.2,0,0.0,21200.0,2,132.0,1,0,0
36,97,2025.0,402,18,3,1.6,0,0.0,29000.0,2,116.0,0,0,0
13,70,2011.0,159,13,3,3.5,1,198000.0,23500.0,1,257.0,0,0,0
5,110,2017.0,92,22,3,1.8,1,119000.0,17900.0,0,140.0,1,0,0
1,74,2025.0,9,4,3,1.4,0,0.0,64000.0,0,150.0,1,0,0
11,34,2020.0,136,2,3,1.5,1,60000.0,11200.0,1,123.0,0,1,0
5,35,2024.0,83,13,3,1.5,1,2838.0,42000.0,1,105.0,1,0,0
18,23,2025.0,200,18,3,1.3,1,0.0,36792.0,2,272.0,0,0,0
11,34,2018.0,134,17,3,1.5,0,58000.0,15600.0,0,123.0,0,1,0
36,97,2024.0,400,18,3,1.0,1,1111.0,22400.0,1,110.0,0,0,0
35,81,2018.0,387,22,3,2.0,1,95000.0,26800.0,1,110.0,1,1,0
13,47,2017.0,157,13,3,1.8,1,118000.0,18500.0,1,154.0,0,0,0
31,32,2015.0,322,13,3,1.6,1,136000.0,12560.0,1,110.0,0,1,0
29,0,2017.0,293,13,3,1.6,0,104560.0,12800.0,1,120.0,0,1,0
11,8,2021.0,129,4,3,1.5,1,69500.0,31120.0,0,110.0,1,0,0
36,97,2020.0,402,13,3,1.6,1,75000.0,25000.0,1,116.0,0,0,0
36,96,2022.0,398,21,3,1.4,1,38000.0,32800.0,0,150.0,0,0,0
28,129,2008.0,285,18,0,2.8,0,230000.0,13000.0,1,123.0,1,1,0
21,92,2010.0,231,18,3,2.0,0,199158.0,9000.0,0,154.0,0,1,0
5,91,2017.0,89,18,3,1.8,0,130000.0,9840.0,0,105.0,0,1,0
30,14,2014.0,306,4,3,3.6,1,105488.0,58900.0,0,300.0,0,0,0
13,27,2008.0,154,13,3,2.4,0,198600.0,15000.0,1,185.0,1,0,0
36,96,2022.0,398,13,3,1.4,1,34600.0,27600.0,1,150.0,0,0,0
28,51,2021.0,276,4,3,1.6,1,59050.0,21000.0,1,120.0,1,0,0
25,20,2010.0,263,13,3,2.5,0,135000.0,18900.0,1,231.0,1,0,0
36,97,2022.0,400,13,3,1.0,0,37000.0,30900.0,0,110.0,0,0,0
2,124,2024.0,24,22,3,1.5,1,0.0,38900.0,2,185.0,0,0,0
31,32,2017.0,327,18,3,1.6,1,145000.0,16400.0,0,110.0,0,1,0
18,23,2025.0,201,13,3,2.0,0,0.0,44400.0,2,272.0,1,0,0
31,32,2017.0,327,13,3,2.0,1,114000.0,16500.0,1,143.0,1,1,0
11,34,2018.0,136,13,3,1.5,1,60000.0,16720.0,0,123.0,0,1,0
3,120,2013.0,44,4,3,3.0,1,140000.0,25000.0,1,306.0,1,1,0
5,110,2015.0,92,4,3,1.8,0,138000.0,12720.0,0,140.0,1,0,0
11,34,2018.0,136,18,3,1.5,1,81000.0,16000.0,0,123.0,0,1,0
11,34,2020.0,134,2,3,1.5,0,67000.0,17200.0,1,123.0,0,1,0
10,71,2025.0,125,4,3,1.3,0,0.0,20000.0,2,110.0,0,1,0
5,110,2025.0,95,13,3,1.2,0,0.0,21440.0,2,132.0,1,0,0
36,107,2016.0,409,2,3,2.0,0,120000.0,25000.0,0,200.0,1,0,0
28,51,2025.0,276,22,3,1.6,1,0.0,19960.0,2,120.0,1,0,0
18,23,2025.0,201,13,3,2.0,0,0.0,45200.0,0,272.0,1,0,0
21,90,2011.0,227,18,3,1.6,0,160000.0,9600.0,1,132.0,0,1,0
13,27,2012.0,152,13,3,2.4,1,164000.0,18800.0,0,185.0,1,0,0
35,46,2016.0,375,18,0,2.8,1,107000.0,35900.0,1,177.0,1,0,0
11,34,2017.0,134,4,3,1.6,0,56500.0,15200.0,0,110.0,0,1,0
36,63,2021.0,397,13,3,1.0,1,68000.0,20800.0,0,101.0,0,0,0
36,63,2025.0,397,4,3,1.0,1,0.0,22720.0,0,101.0,0,0,0
5,35,2020.0,82,22,3,1.5,0,70000.0,21520.0,0,105.0,0,0,0
5,110,2020.0,92,13,3,1.2,0,71000.0,23000.0,0,132.0,1,0,0
36,63,2024.0,397,22,3,1.0,1,1111.0,23840.0,1,116.0,0,0,0
31,52,2024.0,335,22,3,2.5,1,6400.0,39200.0,1,257.0,1,0,0
13,27,2016.0,154,4,3,2.4,1,70000.0,25520.0,0,175.0,0,0,0
14,113,2017.0,174,13,3,2.0,1,120000.0,22400.0,0,154.0,0,1,0
29,0,2024.0,292,18,3,1.0,1,0.0,23920.0,2,120.0,0,1,0
5,110,2016.0,92,13,3,1.8,1,94000.0,14500.0,1,140.0,1,0,0
28,51,2018.0,276,13,3,1.6,1,77512.0,19920.0,0,120.0,1,0,0
1,73,2016.0,8,13,3,1.4,0,123500.0,22500.0,0,150.0,1,0,0
2,124,2024.0,24,13,3,1.5,1,0.0,37900.0,2,185.0,0,0,0
31,32,2025.0,325,13,3,1.6,1,1000.0,111.0,0,115.0,1,1,0
10,71,2023.0,125,22,3,1.3,1,17000.0,19600.0,0,110.0,0,0,0
11,8,2021.0,129,13,3,1.5,1,105000.0,29600.0,0,110.0,1,0,0
1,72,2025.0,5,18,3,1.5,0,0.0,52000.0,2,150.0,1,0,0
35,46,2017.0,375,4,0,2.8,1,105000.0,39000.0,0,177.0,1,0,0
25,18,2019.0,258,4,3,2.0,1,94000.0,49800.0,0,390.0,1,0,0
36,107,2010.0,409,18,3,2.0,0,159000.0,16000.0,1,200.0,1,0,0
13,27,2016.0,154,4,3,2.4,1,138000.0,24500.0,0,175.0,0,0,0
29,0,2018.0,293,4,3,1.6,0,106000.0,13600.0,1,120.0,0,1,0
31,32,2013.0,326,18,3,2.0,0,140000.0,12160.0,0,138.0,0,1,0
35,25,2023.0,370,21,3,2.0,1,73000.0,30400.0,1,170.0,0,0,0
28,51,2019.0,275,22,3,1.6,1,49800.0,20400.0,0,120.0,0,0,0
8,50,2010.0,113,18,3,2.7,1,143000.0,12000.0,1,170.0,1,0,0
18,82,2024.0,210,4,3,1.8,1,4000.0,27500.0,0,175.0,0,0,0
5,110,2014.0,92,4,3,1.8,0,135000.0,14800.0,0,140.0,0,1,0
29,0,2024.0,292,4,3,1.0,1,0.0,23200.0,0,120.0,0,1,0
31,32,2013.0,326,18,3,2.0,0,190000.0,12720.0,0,138.0,0,1,0
18,23,2022.0,200,21,3,1.3,0,58900.0,29200.0,2,170.0,0,0,0
14,26,2024.0,164,13,3,1.5,1,0.0,31120.0,0,115.0,0,0,0
10,71,2025.0,125,4,3,1.3,0,0.0,23120.0,0,110.0,0,0,0
21,90,2010.0,227,13,3,1.6,0,170000.0,8000.0,0,132.0,0,1,0
11,34,2018.0,134,13,3,1.5,0,90000.0,15600.0,0,123.0,0,1,0
31,13,2018.0,319,22,3,1.6,0,140000.0,14320.0,0,110.0,1,1,0
36,96,2025.0,398,19,2,1.4,0,1003.0,37691.0,2,150.0,0,0,0
28,51,2021.0,276,4,3,1.6,1,36000.0,25600.0,0,120.0,1,0,0
11,34,2016.0,136,4,3,2.0,0,60800.0,16990.0,0,143.0,0,1,0
11,54,2017.0,141,21,3,2.0,0,80000.0,25000.0,0,143.0,1,0,0
36,107,2016.0,409,8,3,2.0,0,163000.0,22000.0,1,200.0,1,0,0
1,74,2020.0,9,13,3,1.4,1,73000.0,44000.0,1,150.0,1,0,0
10,71,2025.0,125,4,3,1.3,0,0.0,20800.0,2,110.0,0,0,0
11,100,2022.0,145,8,3,1.5,1,26500.0,30500.0,1,143.0,0,0,0
31,13,2020.0,320,13,3,2.0,1,88000.0,16000.0,0,110.0,0,1,0
18,23,2021.0,199,4,3,2.4,1,48000.0,27119.0,0,170.0,0,1,0
36,107,2010.0,410,13,0,2.0,0,220000.0,11520.0,0,140.0,1,0,0
3,120,2024.0,42,13,1,2.0,1,0.0,99900.0,0,184.0,1,1,0
18,82,2025.0,210,4,3,1.8,1,0.0,24800.0,2,170.0,0,0,0
3,125,2013.0,62,4,3,4.4,0,140000.0,78500.0,0,555.0,1,0,0
3,117,2011.0,29,4,0,2.0,0,165000.0,15900.0,0,177.0,1,1,0
11,37,1998.0,138,13,3,4.0,0,200000.0,9000.0,1,110.0,1,0,0
29,0,2025.0,292,21,3,1.0,1,0.0,10520.0,2,120.0,0,1,0
11,34,2018.0,134,13,3,1.5,0,122900.0,17600.0,2,123.0,0,1,0
27,66,2011.0,274,4,3,2.4,0,160000.0,14000.0,1,170.0,1,0,0
31,52,2011.0,339,18,3,2.5,0,140000.0,11500.0,0,138.0,1,0,0
18,69,2013.0,207,13,3,2.4,0,153000.0,13700.0,0,170.0,1,0,0
35,46,2025.0,375,13,0,2.8,1,0.0,54150.0,0,204.0,1,0,0
29,0,2025.0,292,4,3,1.0,1,0.0,25200.0,0,120.0,0,1,0
6,11,2022.0,106,4,3,1.6,0,36000.0,18800.0,1,165.0,0,1,0
1,77,2024.0,16,21,3,3.0,1,0.0,169000.0,2,333.0,1,0,0
5,110,2017.0,92,18,3,1.8,1,106000.0,16800.0,0,140.0,1,0,0
6,11,2024.0,110,13,3,1.6,1,0.0,24000.0,1,165.0,0,0,0
1,77,2025.0,16,13,2,3.0,0,0.0,151900.0,2,333.0,1,0,0
21,90,2011.0,227,3,3,1.6,1,190000.0,9800.0,1,132.0,0,1,0
35,46,2007.0,374,18,0,3.0,1,265000.0,21000.0,1,171.0,1,1,0
11,34,2018.0,134,18,3,1.5,0,69000.0,16500.0,0,123.0,0,1,0
1,75,2010.0,13,13,3,2.0,1,195000.0,16800.0,0,211.0,1,0,0
18,23,2023.0,200,13,3,1.3,1,0.0,30880.0,2,170.0,0,0,0
21,90,2014.0,230,4,3,1.6,0,105000.0,11600.0,0,132.0,0,0,0
25,17,2024.0,255,4,3,1.3,1,0.0,58000.0,1,163.0,1,0,0
11,34,2019.0,136,18,3,1.5,1,65000.0,16000.0,2,123.0,0,0,0
23,64,2019.0,248,2,2,2.5,0,52000.0,51000.0,0,110.0,0,0,0
11,34,2018.0,136,4,3,1.5,1,63000.0,18560.0,2,123.0,0,1,0
5,110,2019.0,92,13,3,1.8,1,90000.0,17120.0,2,140.0,1,1,0
10,71,2025.0,125,13,3,1.3,0,0.0,14240.0,0,110.0,0,0,0
3,120,2019.0,47,2,3,2.0,1,79000.0,133000.0,1,184.0,1,1,0
11,34,2017.0,130,2,3,1.5,1,72000.0,14400.0,0,123.0,0,1,0
36,96,2023.0,398,13,3,1.4,1,22000.0,28960.0,2,150.0,0,0,0
5,110,2017.0,92,4,3,1.8,1,120000.0,15920.0,0,140.0,0,1,0
11,34,2017.0,136,2,3,1.5,1,47434.0,16490.0,0,123.0,0,1,0
14,113,2020.0,176,1,3,2.0,0,106368.0,27920.0,2,154.0,0,0,0
5,110,2022.0,95,2,3,1.2,0,60000.0,20760.0,0,132.0,1,0,0
28,51,2021.0,276,4,3,1.6,1,59050.0,21000.0,1,120.0,1,0,0
14,113,2012.0,178,13,3,2.0,0,176800.0,11000.0,1,154.0,0,1,0
36,63,2025.0,397,13,3,1.0,1,0.0,25500.0,0,101.0,0,1,0
11,54,2018.0,141,2,3,2.0,0,84000.0,22400.0,1,143.0,1,0,0
28,51,2021.0,275,21,3,1.6,1,55105.0,24400.0,0,120.0,0,0,0
18,23,2018.0,199,18,3,2.4,1,58719.0,23056.0,0,170.0,0,1,0
31,32,2012.0,327,18,3,1.6,0,132300.0,10500.0,0,110.0,0,1,0
36,107,2013.0,409,4,3,2.0,0,171000.0,16500.0,0,200.0,1,1,0
28,68,1992.0,282,22,0,2.7,0,394000.0,10000.0,0,110.0,1,1,0
36,107,2010.0,409,18,3,2.0,0,159000.0,16000.0,1,200.0,1,0,0
28,51,2023.0,275,4,3,1.6,1,61000.0,23992.0,0,120.0,0,0,0
14,113,2013.0,178,21,3,2.0,0,155000.0,14000.0,1,154.0,0,0,0
1,76,2025.0,14,18,3,2.0,1,0.0,108000.0,2,245.0,1,0,0
28,51,2021.0,276,4,3,1.6,1,78000.0,26000.0,1,120.0,1,0,0
18,23,2023.0,200,13,3,1.3,1,0.0,36160.0,2,170.0,0,0,0
18,23,2013.0,200,18,3,2.4,0,129597.0,11800.0,0,170.0,0,0,0
18,82,2018.0,210,18,2,1.8,0,84454.0,15576.0,2,170.0,0,1,0
31,32,2024.0,325,13,3,1.6,1,6100.0,24800.0,0,115.0,1,1,0
31,32,2017.0,327,13,3,1.6,1,106000.0,14000.0,0,110.0,0,1,0
36,107,2009.0,409,4,3,2.0,0,163000.0,12000.0,1,200.0,1,1,0
18,23,2019.0,201,13,3,2.4,1,75000.0,30000.0,1,170.0,1,0,0
29,0,2018.0,293,4,3,1.6,0,72000.0,14400.0,1,120.0,0,1,0
11,100,2024.0,144,13,3,1.8,1,0.0,37200.0,0,85.0,1,0,0
5,110,2017.0,92,4,3,1.8,1,95000.0,17490.0,2,140.0,1,0,0
13,27,2004.0,152,13,3,2.4,0,240000.0,7800.0,1,185.0,1,1,0
36,96,2025.0,398,4,3,1.4,1,0.0,31760.0,0,150.0,0,0,0
10,71,2025.0,125,22,3,1.3,1,0.0,18000.0,2,110.0,0,1,0
31,32,2013.0,326,2,3,2.0,0,123803.0,13000.0,1,138.0,1,1,0
18,23,2024.0,200,4,3,1.3,1,0.0,32072.0,2,170.0,0,0,0
18,23,2022.0,198,4,3,2.4,0,37000.0,36000.0,0,170.0,1,0,0
18,82,2025.0,210,18,3,1.8,1,0.0,26080.0,2,170.0,0,0,0
5,110,2023.0,92,2,2,1.2,0,13487.0,20816.0,2,132.0,1,0,0
35,25,2022.0,369,4,2,1.8,1,64000.0,31600.0,1,170.0,0,0,0
36,97,2019.0,403,2,3,1.6,0,116000.0,18500.0,1,110.0,0,1,0
14,86,2008.0,171,13,3,2.7,0,169000.0,11500.0,1,110.0,1,0,0
3,117,2025.0,34,24,3,2.0,1,0.0,62900.0,0,192.0,1,1,0
18,15,1999.0,192,22,0,2.5,0,192000.0,11200.0,0,205.0,0,1,0
5,110,2020.0,95,13,3,1.2,1,58900.0,22500.0,0,132.0,1,0,0
36,97,2024.0,400,13,3,1.0,1,1111.0,27200.0,1,110.0,0,0,0
2,121,2025.0,21,13,3,1.5,1,0.0,28200.0,0,148.0,1,0,0
35,25,2025.0,369,4,2,1.8,1,0.0,37200.0,0,170.0,0,0,0
29,0,2025.0,292,4,3,1.0,1,0.0,25702.0,0,120.0,0,1,0
31,32,2013.0,326,18,3,2.0,1,100000.0,6951.0,0,138.0,1,1,0
11,34,2014.0,136,18,3,1.6,0,190000.0,10800.0,0,110.0,0,1,0
3,120,2025.0,46,18,3,2.0,0,0.0,91900.0,2,184.0,1,1,0
29,0,2019.0,293,4,3,1.6,0,79000.0,16000.0,0,120.0,0,1,0
28,51,2025.0,275,13,3,1.6,0,0.0,24440.0,2,120.0,0,0,0
5,110,2025.0,91,4,3,1.2,0,0.0,21320.0,2,132.0,1,0,0
35,46,2017.0,375,18,0,2.8,1,72000.0,39300.0,1,177.0,1,0,0
5,110,2024.0,95,18,3,1.2,1,1000.0,22480.0,2,132.0,1,0,0
18,23,2023.0,200,13,3,1.3,1,18000.0,36500.0,1,170.0,0,0,0
35,95,2025.0,393,4,0,2.8,1,0.0,59700.0,0,204.0,1,0,0
35,46,1999.0,375,22,0,3.0,0,247650.0,15000.0,1,171.0,1,1,0
36,96,2025.0,398,21,3,1.4,1,0.0,30000.0,0,150.0,0,0,0
18,82,2024.0,210,18,3,1.8,1,0.0,23600.0,0,175.0,0,1,0
35,25,2024.0,369,21,3,2.0,1,0.0,38792.0,0,170.0,0,0,0
28,51,2024.0,276,4,3,1.6,1,5800.0,28800.0,2,120.0,1,0,0
11,34,2013.0,136,2,3,1.6,0,175000.0,11200.0,1,110.0,0,1,0
35,95,2000.0,391,5,0,3.0,0,230000.0,15000.0,1,171.0,1,1,0
11,54,2012.0,143,18,3,2.5,0,160000.0,11600.0,2,180.0,1,1,0
3,120,2021.0,45,18,3,3.0,0,32000.0,70000.0,1,306.0,1,1,0
5,110,2017.0,92,22,3,1.8,1,103622.0,15700.0,2,140.0,1,0,0
14,113,2016.0,178,4,3,2.0,1,68000.0,22400.0,0,154.0,0,0,0
5,111,2025.0,99,13,0,2.8,1,0.0,46399.0,2,200.0,1,0,0
6,10,2024.0,103,22,3,1.0,1,5000.0,22400.0,0,120.0,0,0,0
18,42,2012.0,203,18,3,3.6,1,180000.0,19900.0,0,286.0,1,0,0
29,0,2017.0,293,21,3,1.6,0,110000.0,13600.0,1,120.0,0,1,0
13,47,2017.0,158,13,3,1.8,1,127000.0,19500.0,1,175.0,0,0,0
28,51,2020.0,276,22,3,1.6,0,80000.0,19760.0,0,120.0,1,0,0
10,71,2024.0,124,4,1,1.0,0,0.0,25121.0,0,110.0,0,0,0
28,51,2019.0,276,21,3,1.6,1,56236.0,12000.0,0,120.0,1,0,0
29,0,2021.0,296,13,3,1.6,0,56000.0,19680.0,0,150.0,1,1,0
28,51,2017.0,276,13,3,1.6,1,79300.0,19680.0,0,120.0,1,0,0
5,110,2014.0,92,18,3,1.8,0,104000.0,10400.0,1,140.0,0,1,0
5,110,2013.0,92,22,3,1.8,1,147000.0,12000.0,1,140.0,0,1,0
29,0,2025.0,292,4,3,1.0,1,0.0,14960.0,2,120.0,0,1,0
13,47,2016.0,158,4,3,1.8,1,69000.0,18300.0,1,175.0,0,1,0
35,95,2023.0,393,4,0,2.8,1,22000.0,47200.0,2,204.0,1,0,0
18,23,2020.0,199,13,3,2.4,1,60000.0,25520.0,0,170.0,0,1,0
3,120,2012.0,44,13,0,2.0,1,180000.0,19200.0,0,184.0,1,1,0
35,46,2025.0,376,4,0,2.8,0,0.0,66000.0,0,177.0,1,0,0
8,50,2019.0,115,18,3,2.4,1,55000.0,22800.0,1,170.0,1,0,0
36,96,2025.0,398,21,3,1.4,1,0.0,30400.0,2,150.0,0,0,0
5,110,2022.0,95,13,3,1.2,0,83000.0,21200.0,0,132.0,1,0,0
35,95,2024.0,389,18,0,2.8,0,0.0,59900.0,1,204.0,1,0,0
1,76,2025.0,14,18,3,2.0,1,0.0,126000.0,2,245.0,1,0,0
21,90,2015.0,228,13,3,1.6,0,118400.0,17000.0,1,132.0,0,0,0
18,23,2020.0,199,4,3,2.4,1,77000.0,25200.0,1,170.0,0,1,0
35,46,2018.0,375,13,0,2.8,1,49000.0,43500.0,0,177.0,1,0,0
29,0,2025.0,292,18,3,1.6,1,0.0,34824.0,0,120.0,0,1,0
28,51,2018.0,276,22,3,1.6,1,87000.0,19800.0,0,120.0,1,0,0
31,32,2018.0,327,4,3,1.6,1,103000.0,13200.0,0,110.0,0,1,0
18,23,2025.0,200,4,3,1.3,1,800.0,36400.0,1,272.0,0,0,0
28,51,2020.0,276,13,3,1.6,0,45000.0,23000.0,2,120.0,1,0,0
8,50,2013.0,114,21,3,2.4,0,134000.0,12500.0,1,170.0,1,0,0
11,34,2017.0,130,2,3,1.6,0,97000.0,16500.0,0,123.0,0,1,0
35,95,2016.0,389,4,0,2.8,1,91000.0,35500.0,1,204.0,1,1,0
8,50,2018.0,115,21,3,2.4,1,134000.0,21900.0,0,170.0,1,0,0
36,97,2025.0,400,22,3,1.0,0,0.0,28000.0,2,110.0,0,1,0
14,86,2012.0,171,18,3,2.4,0,146000.0,13440.0,0,110.0,0,1,0
11,54,2012.0,142,4,3,2.5,0,174000.0,12900.0,0,110.0,1,0,0
18,23,2021.0,199,18,3,2.4,1,35440.0,23600.0,0,170.0,0,1,0
11,34,2022.0,134,4,3,1.5,0,30000.0,19280.0,2,123.0,0,1,0
35,25,2022.0,369,4,3,2.0,1,54000.0,30400.0,1,170.0,0,0,0
18,116,2013.0,217,4,3,3.6,1,83000.0,39000.0,1,284.0,1,1,1
36,107,2013.0,409,4,3,2.0,0,160000.0,18500.0,0,200.0,1,1,0
35,95,2021.0,393,18,0,2.8,1,108500.0,42000.0,1,204.0,1,0,0
28,51,2021.0,276,13,3,1.6,1,22000.0,24640.0,1,120.0,1,0,0
1,73,2020.0,8,13,3,1.4,0,48500.0,45500.0,0,150.0,1,0,0
28,51,2018.0,275,21,3,1.6,1,70000.0,17440.0,0,120.0,0,0,0
11,34,2018.0,130,4,3,1.5,0,99000.0,17840.0,0,123.0,0,1,0
36,97,2025.0,400,4,3,1.0,1,0.0,25600.0,2,110.0,0,0,0
11,54,2021.0,142,13,3,2.0,1,29000.0,41900.0,1,143.0,1,0,0
31,32,2016.0,327,4,3,2.0,1,141000.0,16500.0,1,143.0,1,1,0
4,101,2014.0,65,26,3,2.0,0,109000.0,11200.0,0,138.0,0,1,0
35,46,2019.0,375,15,0,2.8,1,79000.0,39900.0,1,177.0,1,0,0
14,113,2020.0,176,21,3,2.0,0,30000.0,29600.0,0,154.0,0,0,0
31,52,2013.0,337,13,3,2.5,0,126000.0,11040.0,0,110.0,0,1,0
36,96,2024.0,398,13,3,1.4,1,0.0,31920.0,0,150.0,0,0,0
29,0,2020.0,293,22,3,1.6,0,68000.0,16160.0,0,120.0,0,1,0
13,47,2020.0,157,4,3,1.8,1,62000.0,26950.0,1,154.0,0,0,0
14,113,2017.0,180,13,3,2.0,1,95000.0,27500.0,0,154.0,0,0,0
11,34,2009.0,132,13,3,2.0,0,140000.0,7999.0,1,143.0,0,1,0
6,11,2021.0,110,13,3,1.6,1,36000.0,18500.0,0,165.0,0,1,0
5,110,2018.0,92,13,3,1.8,1,76723.0,16720.0,2,140.0,1,1,0
28,51,2021.0,277,22,3,1.6,1,23300.0,22400.0,2,120.0,0,1,0
36,97,2025.0,400,2,3,1.0,0,0.0,22800.0,2,110.0,0,1,0
28,130,2023.0,289,2,3,2.5,0,39200.0,37800.0,0,110.0,1,0,0
5,110,2024.0,92,4,3,1.2,0,1000.0,29656.0,2,132.0,1,0,0
31,32,2019.0,327,13,3,2.0,1,110000.0,20800.0,1,143.0,0,1,0
31,32,2018.0,327,21,3,1.6,1,61000.0,14800.0,0,110.0,0,1,0
11,34,2019.0,134,18,3,1.5,0,82000.0,15500.0,1,123.0,0,1,0
31,32,2016.0,327,13,3,1.6,1,110000.0,12000.0,1,110.0,0,1,0
35,25,2024.0,369,4,2,1.8,1,0.0,41000.0,1,170.0,0,0,0
6,11,2019.0,110,22,3,1.6,1,47000.0,19800.0,0,165.0,0,0,0
25,17,2017.0,255,13,3,1.6,0,80000.0,30000.0,1,156.0,1,0,0
36,96,2023.0,398,15,3,1.4,1,46000.0,31200.0,1,150.0,0,0,0
11,34,2011.0,132,5,3,1.6,0,150000.0,9440.0,0,110.0,0,1,0
18,23,2025.0,200,18,3,1.3,1,0.0,37440.0,2,272.0,0,0,0
36,97,2024.0,400,4,3,1.0,1,1111.0,27200.0,1,110.0,0,0,0
36,96,2025.0,398,2,3,1.4,1,0.0,35120.0,2,150.0,0,0,0
29,0,2021.0,293,22,3,1.6,1,35000.0,21800.0,0,120.0,0,1,0
6,11,2022.0,106,4,3,1.6,0,65000.0,19900.0,1,165.0,0,0,0
11,34,2018.0,133,4,3,1.5,0,103000.0,15200.0,0,123.0,0,1,0
25,20,2012.0,263,18,3,3.0,0,154000.0,19500.0,1,231.0,1,0,0
31,32,2014.0,322,21,3,1.6,0,141000.0,10400.0,0,110.0,0,1,0
18,82,2022.0,210,18,3,1.8,1,39500.0,22000.0,0,170.0,0,1,0
36,96,2025.0,398,4,3,1.4,1,0.0,29732.0,2,150.0,0,0,0
29,0,2025.0,292,13,3,1.0,1,0.0,19056.0,2,120.0,0,1,0
18,23,2023.0,200,13,3,1.3,1,28000.0,39200.0,1,170.0,0,0,0
4,106,2023.0,76,4,3,1.6,0,3000.0,35992.0,0,127.0,1,0,0
18,23,2021.0,198,18,0,2.0,1,42942.0,39900.0,0,272.0,1,1,0
3,125,2011.0,60,18,3,3.0,0,125000.0,37000.0,0,306.0,1,0,0
11,34,2023.0,136,4,3,1.5,1,50309.0,22000.0,0,123.0,0,1,0
5,110,2025.0,92,21,3,1.2,1,0.0,27120.0,0,132.0,1,0,0
18,23,2008.0,199,18,3,2.4,0,160000.0,14500.0,0,170.0,0,0,0
29,0,2025.0,297,4,3,1.0,1,0.0,31554.0,0,120.0,0,0,0
1,75,2017.0,13,13,3,2.0,1,90000.0,33000.0,1,225.0,1,0,0
18,22,2024.0,195,13,0,2.0,0,0.0,46400.0,0,272.0,1,0,0
36,63,2023.0,397,13,3,1.0,1,22000.0,21200.0,1,101.0,0,1,0
11,34,2015.0,130,5,3,1.6,0,85000.0,12800.0,1,110.0,0,1,0
36,63,2025.0,397,2,3,1.0,1,0.0,23200.0,2,101.0,0,0,0
35,46,2021.0,375,15,0,2.8,1,110000.0,42400.0,1,177.0,1,0,0
29,0,2016.0,293,4,3,1.6,0,85000.0,13500.0,0,120.0,0,1,0
31,32,2013.0,322,21,3,1.6,0,148000.0,10200.0,0,110.0,0,1,0
11,54,2017.0,142,13,3,2.0,1,120000.0,24500.0,0,143.0,1,0,0
36,108,2019.0,414,2,3,2.0,0,43000.0,42000.0,1,150.0,0,0,0
29,0,2019.0,293,4,3,1.6,0,63000.0,15120.0,2,120.0,0,1,0
3,117,2022.0,34,4,3,2.0,0,58000.0,44000.0,1,192.0,1,1,0
28,51,2018.0,276,13,3,1.6,1,60000.0,20960.0,0,120.0,1,0,0
35,46,2019.0,375,21,0,2.8,1,87000.0,40500.0,1,177.0,1,0,0
1,77,2025.0,16,13,3,3.0,0,0.0,169000.0,0,340.0,1,0,0
18,23,2024.0,200,21,3,1.3,1,0.0,37600.0,0,170.0,0,0,0
36,96,2023.0,398,13,3,1.4,1,22000.0,28320.0,1,150.0,0,0,0
28,51,2018.0,276,13,3,1.6,1,65000.0,19200.0,1,120.0,1,0,0
13,27,2024.0,154,13,3,1.5,0,0.0,52300.0,0,185.0,0,0,0
5,110,2017.0,92,4,3,1.8,1,89000.0,16200.0,0,140.0,1,0,0
13,27,2016.0,154,13,3,2.4,1,172000.0,21200.0,0,175.0,0,0,0
18,22,2024.0,195,18,0,2.0,0,0.0,51080.0,2,272.0,1,0,0
18,42,2007.0,203,2,0,3.0,0,182000.0,14500.0,1,286.0,1,1,0
18,23,2017.0,200,18,3,2.4,0,90110.0,26160.0,0,170.0,0,0,0
11,34,2010.0,132,18,3,1.6,0,148000.0,10000.0,0,110.0,0,1,0
35,95,2025.0,393,13,0,2.8,1,500.0,104900.0,0,204.0,1,0,0
28,51,2025.0,276,4,3,1.6,1,0.0,28440.0,2,120.0,1,0,0
35,25,2025.0,371,4,3,2.0,1,0.0,30260.0,2,170.0,0,0,0
28,51,2025.0,276,22,3,1.6,1,0.0,19960.0,2,120.0,1,0,0
5,110,2024.0,91,4,3,1.2,1,0.0,21119.0,2,132.0,1,0,0
5,111,2025.0,99,13,0,2.8,1,0.0,48800.0,2,200.0,1,0,0
3,117,2023.0,34,13,3,2.0,0,0.0,78900.0,2,192.0,1,1,0
18,23,2025.0,200,13,3,1.3,1,0.0,39200.0,0,272.0,0,0,0
11,100,2025.0,144,2,3,1.8,1,0.0,39680.0,2,85.0,1,0,0
5,110,2022.0,92,2,3,1.2,0,49500.0,21600.0,2,132.0,1,0,0
5,111,2025.0,96,4,0,2.8,0,0.0,48800.0,2,200.0,1,0,0
21,92,2024.0,231,18,3,1.6,1,0.0,61000.0,0,132.0,1,0,0
6,11,2022.0,106,13,3,1.6,0,52000.0,16800.0,0,165.0,0,1,0
5,110,2024.0,92,13,3,1.2,0,0.0,26640.0,2,132.0,1,0,0
3,120,2019.0,43,2,3,2.0,1,62500.0,54500.0,1,252.0,1,1,0
31,32,2014.0,330,18,3,2.0,0,181000.0,13592.0,0,138.0,1,1,0
11,34,2015.0,130,3,3,1.6,0,118400.0,14880.0,1,110.0,0,1,0
10,71,2024.0,125,4,3,1.3,1,0.0,21200.0,0,110.0,0,0,0
11,34,2011.0,132,22,3,1.6,0,175000.0,9192.0,0,110.0,0,1,0
11,34,2015.0,130,18,3,1.6,0,102000.0,13600.0,0,110.0,0,1,0
13,27,2016.0,154,4,3,2.4,1,100000.0,29000.0,1,185.0,0,0,0
18,82,2025.0,208,13,3,1.3,1,0.0,29832.0,2,170.0,0,0,0
36,96,2022.0,398,2,3,1.4,1,52000.0,29192.0,2,150.0,0,0,0
6,11,2019.0,110,4,3,1.6,1,67000.0,16000.0,1,165.0,0,0,0
29,1,2019.0,303,2,0,2.0,1,101963.0,27200.0,2,165.0,1,0,0
5,110,2021.0,95,2,3,1.2,1,28000.0,20400.0,0,132.0,1,1,0
14,26,2023.0,165,21,3,1.6,1,36000.0,23000.0,1,115.0,0,0,0
3,117,2017.0,34,4,3,2.0,1,117000.0,34800.0,1,192.0,1,1,0
6,10,2024.0,103,4,2,1.0,0,1001.0,20696.0,2,120.0,0,0,0
1,75,2012.0,11,4,3,2.0,0,223000.0,15500.0,1,170.0,1,0,0
35,25,2024.0,369,4,3,2.0,1,0.0,36900.0,1,170.0,0,0,0
21,87,2022.0,223,13,3,1.6,0,39000.0,23600.0,0,132.0,0,0,0
31,32,2011.0,327,18,3,1.6,0,130000.0,10160.0,1,110.0,0,1,0
36,97,2025.0,400,2,3,1.0,1,0.0,24800.0,2,110.0,0,0,0
35,25,2024.0,369,4,2,1.8,1,0.0,41600.0,2,170.0,0,0,0
29,0,2019.0,293,22,3,1.6,0,73000.0,15192.0,0,120.0,0,1,0
31,32,2011.0,328,2,3,2.0,0,135000.0,9200.0,1,138.0,0,1,0
36,97,2025.0,400,22,3,1.0,1,0.0,24560.0,0,110.0,0,0,0
10,71,2025.0,125,4,3,1.3,1,0.0,30000.0,0,110.0,0,0,0
34,44,2014.0,352,4,3,2.4,1,120000.0,22900.0,1,110.0,1,1,0
13,47,2016.0,157,4,3,1.8,1,99800.0,21200.0,0,132.0,0,0,0
14,40,1999.0,167,4,0,2.5,0,200000.0,12000.0,0,110.0,1,1,0
4,103,2017.0,71,4,3,1.6,1,86000.0,12900.0,1,127.0,1,1,0
6,10,2024.0,103,4,3,1.0,1,0.0,26000.0,0,120.0,0,0,0
18,23,2025.0,200,4,3,1.3,1,0.0,37076.0,2,272.0,0,0,0
6,11,2021.0,110,4,3,1.6,1,26000.0,17560.0,1,165.0,0,1,0
18,42,2018.0,204,18,3,3.6,0,65000.0,56000.0,2,286.0,1,0,0
21,92,2025.0,233,4,3,1.6,1,0.0,58000.0,0,154.0,1,0,0
11,100,2021.0,144,3,3,1.5,0,50600.0,29500.0,0,85.0,1,0,0
29,1,2018.0,303,4,3,1.6,1,105000.0,22800.0,2,165.0,1,0,0
11,34,2013.0,134,22,3,1.6,0,118000.0,11200.0,0,110.0,0,1,0
30,56,2019.0,313,18,3,3.0,0,36000.0,160000.0,1,340.0,0,1,0
35,25,2025.0,370,13,3,2.0,1,0.0,33131.0,2,170.0,0,0,0
18,82,2025.0,210,4,3,1.8,1,0.0,23352.0,2,170.0,0,0,0
5,110,2015.0,92,13,3,1.8,1,118400.0,12400.0,0,140.0,0,1,0
3,123,2025.0,55,18,3,3.0,0,0.0,181900.0,2,306.0,1,1,0
3,120,2025.0,38,13,2,2.0,0,1000.0,99900.0,0,184.0,1,0,0
36,107,2011.0,409,22,3,2.0,1,160000.0,13800.0,1,200.0,1,0,0
36,96,2025.0,398,13,3,1.4,1,0.0,22000.0,0,150.0,0,0,0
10,71,2024.0,125,4,3,1.3,1,0.0,21360.0,0,110.0,0,0,0
14,86,2017.0,172,13,3,2.4,0,125000.0,27990.0,1,110.0,0,0,0
36,97,2021.0,401,2,3,1.6,0,61000.0,23200.0,2,110.0,0,0,0
14,113,2017.0,174,13,3,2.0,1,105000.0,23500.0,0,154.0,0,1,0
28,51,2020.0,276,22,3,1.6,0,90000.0,21500.0,2,120.0,1,0,0
29,0,2025.0,292,4,3,1.0,1,0.0,24880.0,2,120.0,0,1,0
29,0,2020.0,296,21,3,1.6,1,70796.0,18800.0,0,150.0,1,1,0
29,0,2016.0,296,18,3,1.6,0,79200.0,12720.0,1,150.0,1,1,0
11,34,2012.0,130,4,3,1.6,0,212548.0,12160.0,1,110.0,0,1,0
31,13,2020.0,318,3,3,2.0,1,51000.0,20720.0,0,110.0,0,1,0
10,71,2025.0,124,21,3,1.0,1,0.0,12240.0,2,110.0,0,0,0
28,51,2019.0,275,4,3,1.6,1,112000.0,17200.0,0,120.0,0,0,0
11,34,2010.0,132,13,3,1.6,0,96000.0,8800.0,0,110.0,0,1,0
1,72,2023.0,5,13,3,1.4,1,1000.0,49500.0,0,150.0,1,0,0
36,97,2025.0,400,4,3,1.0,1,0.0,31120.0,0,110.0,0,0,0
28,51,2025.0,276,22,3,1.6,1,0.0,29704.0,2,120.0,1,0,0
5,110,2021.0,95,22,3,1.2,1,57000.0,19360.0,1,132.0,1,1,0
11,34,2013.0,134,2,3,2.0,0,123000.0,12000.0,0,143.0,0,1,0
5,110,2015.0,92,21,3,1.8,1,158260.0,14900.0,1,140.0,0,1,0
29,0,2025.0,297,13,3,1.0,1,0.0,28640.0,2,120.0,0,0,0
5,110,2017.0,92,21,3,1.8,1,108000.0,17200.0,1,140.0,1,0,0
36,97,2025.0,400,4,3,1.0,1,0.0,30520.0,2,110.0,0,0,0
3,123,2021.0,57,18,3,4.4,0,32900.0,110000.0,0,449.0,1,1,0
11,34,2017.0,133,18,3,1.6,0,87000.0,14800.0,0,110.0,0,1,0
36,96,2022.0,398,13,3,1.4,1,32000.0,33300.0,1,150.0,0,0,0
28,51,2019.0,276,18,3,1.6,1,60000.0,20800.0,0,120.0,1,0,0
13,27,2012.0,154,18,3,2.4,0,160000.0,17500.0,1,185.0,0,0,0
3,125,2017.0,60,4,3,3.0,0,100000.0,70000.0,1,306.0,1,0,0
14,26,2022.0,163,4,3,1.6,1,33000.0,13200.0,0,115.0,0,0,0
31,32,2018.0,327,4,3,2.0,1,102000.0,16000.0,0,143.0,1,1,0
36,63,2024.0,397,4,3,1.0,1,0.0,23600.0,2,116.0,0,0,0
18,116,2025.0,216,21,3,2.0,1,0.0,126800.0,0,272.0,1,0,1
5,110,2025.0,92,4,3,1.2,1,0.0,22720.0,2,132.0,1,0,0
6,10,2024.0,103,4,3,1.0,1,0.0,22560.0,1,120.0,0,0,0
31,32,2017.0,327,13,3,1.6,1,107000.0,13280.0,0,110.0,0,1,0
36,96,2025.0,398,13,3,1.4,1,0.0,35600.0,2,150.0,0,0,0
13,27,2009.0,152,2,3,2.4,0,182427.0,12700.0,1,185.0,1,0,0
36,63,2025.0,397,4,3,1.0,1,0.0,23360.0,0,101.0,0,0,0
11,34,2018.0,136,4,3,1.5,1,90900.0,18320.0,0,123.0,0,1,0
10,71,2024.0,125,22,3,1.3,1,0.0,21160.0,2,110.0,0,0,0
28,59,2020.0,280,13,3,3.5,1,80200.0,34000.0,1,260.0,1,0,0
6,11,2024.0,106,18,3,1.6,0,0.0,23040.0,0,165.0,0,0,0
3,120,2018.0,39,13,3,2.0,0,79000.0,34000.0,0,184.0,1,0,0
3,122,2016.0,51,4,3,2.0,0,79000.0,45000.0,1,245.0,1,0,0
29,0,2025.0,297,4,3,1.0,1,0.0,30392.0,2,120.0,0,0,0
36,108,2018.0,414,18,3,2.0,0,100557.0,34300.0,1,150.0,1,0,0
36,108,2025.0,414,18,3,2.0,1,0.0,46400.0,2,150.0,1,0,0
18,23,2025.0,200,18,3,1.3,1,2000.0,35920.0,2,272.0,0,0,0
31,32,2013.0,322,26,3,1.6,0,115000.0,11440.0,0,110.0,0,1,0
36,107,2020.0,409,18,3,1.4,1,70796.0,26800.0,1,150.0,1,1,0
18,23,2017.0,198,4,3,2.4,1,150000.0,22000.0,1,170.0,1,0,0
28,51,2018.0,275,4,3,1.6,1,100000.0,18500.0,1,120.0,0,1,0
11,34,2018.0,136,2,3,1.5,1,105000.0,16000.0,1,123.0,0,1,0
28,51,2020.0,278,4,3,1.6,1,31500.0,20720.0,0,120.0,0,0,0
36,97,2024.0,400,18,3,1.0,1,0.0,31040.0,0,110.0,0,0,0
28,51,2018.0,275,13,3,1.6,1,92000.0,16720.0,1,120.0,0,1,0
36,96,2025.0,398,2,3,1.4,1,0.0,36640.0,2,150.0,0,0,0
36,96,2025.0,398,4,3,1.4,1,0.0,31280.0,2,150.0,0,0,0
36,107,2024.0,409,13,3,2.0,0,0.0,45280.0,2,200.0,1,0,0
28,51,2022.0,279,4,3,1.6,0,51000.0,22400.0,0,120.0,0,0,0
28,51,2025.0,276,22,3,1.6,1,0.0,28440.0,0,120.0,1,0,0
1,77,2023.0,16,13,3,3.0,1,55000.0,115000.0,2,333.0,1,0,0
18,23,2024.0,200,4,3,1.3,1,0.0,34000.0,2,170.0,0,0,0
10,71,2023.0,125,22,3,1.3,1,0.0,20400.0,2,110.0,0,0,0
18,82,2025.0,213,4,3,1.3,1,0.0,34639.0,2,170.0,1,0,0
36,97,2021.0,403,13,3,1.6,0,32000.0,18800.0,2,110.0,0,1,0
29,0,2016.0,299,4,3,1.6,0,95000.0,12800.0,1,120.0,0,1,0
18,116,2025.0,216,13,3,2.0,1,0.0,125000.0,0,272.0,1,0,1
37,128,2012.0,420,13,3,2.0,0,155000.0,13500.0,1,240.0,1,0,0
18,23,2025.0,200,18,3,1.3,1,0.0,35992.0,2,272.0,0,0,0
29,0,2022.0,299,4,3,1.6,0,20661.0,18680.0,0,120.0,0,1,0
36,96,2025.0,398,4,3,1.4,1,0.0,35440.0,2,150.0,0,0,0
1,73,2025.0,8,13,3,1.4,1,0.0,55900.0,2,150.0,1,0,0
11,34,2020.0,136,13,3,1.5,1,81000.0,19840.0,0,123.0,0,1,0
11,8,2025.0,129,13,3,2.0,0,0.0,47680.0,2,110.0,1,0,0
1,75,2012.0,13,13,3,3.2,0,113000.0,21000.0,1,270.0,1,0,0
31,33,2020.0,332,13,3,2.0,0,70796.0,15200.0,0,110.0,0,1,0
35,25,2022.0,371,4,3,2.0,0,25000.0,32800.0,1,170.0,0,0,0
11,34,2008.0,132,21,3,2.0,0,121000.0,7440.0,0,143.0,0,1,0
11,34,2015.0,130,21,3,1.6,0,147000.0,13360.0,0,110.0,0,1,0
29,0,2025.0,292,13,3,1.0,1,700.0,27920.0,0,120.0,0,1,0
36,96,2023.0,398,4,3,1.4,1,0.0,30320.0,0,150.0,0,0,0
28,51,2019.0,276,22,3,1.6,1,112000.0,21200.0,1,120.0,1,0,0
31,32,2018.0,327,13,3,2.0,1,87028.0,14800.0,0,143.0,0,1,0
11,34,2015.0,136,1,3,1.6,0,95000.0,11200.0,0,110.0,0,1,0
2,121,2025.0,21,21,3,1.5,1,0.0,26800.0,0,148.0,1,0,0
11,34,2018.0,136,22,3,1.5,1,45000.0,18900.0,1,123.0,0,1,0
36,96,2025.0,398,4,3,1.4,1,0.0,21840.0,2,150.0,0,0,0
5,110,2025.0,95,4,3,1.2,0,0.0,27440.0,2,132.0,1,0,0
1,75,2010.0,13,18,3,2.0,1,198000.0,16000.0,0,211.0,1,0,0
29,0,2025.0,292,13,3,1.0,1,0.0,26984.0,2,120.0,0,1,0
29,0,2025.0,297,13,3,1.0,1,0.0,32400.0,0,120.0,0,0,0
21,92,2017.0,231,21,3,2.0,1,98000.0,19920.0,1,154.0,0,1,0
29,0,2025.0,292,18,3,1.0,1,0.0,26440.0,2,120.0,0,1,0
36,96,2025.0,398,4,3,1.4,1,0.0,41012.0,0,150.0,0,0,0
2,121,2025.0,21,22,3,1.5,1,0.0,26200.0,2,148.0,1,0,0
5,111,2025.0,99,2,0,2.8,1,0.0,50129.0,2,200.0,1,0,0
35,46,2016.0,375,4,0,2.8,1,109000.0,34320.0,1,177.0,1,0,0
31,32,2025.0,329,13,3,1.3,1,0.0,24000.0,2,155.0,1,1,0
31,32,2012.0,328,13,3,2.0,0,163000.0,11200.0,1,138.0,0,1,0
29,0,2018.0,296,4,3,1.6,1,73000.0,14400.0,0,150.0,1,1,0
18,82,2024.0,209,4,3,1.3,1,0.0,31544.0,2,175.0,0,0,0
8,50,2013.0,114,8,3,2.4,0,158000.0,14500.0,0,170.0,1,0,0
5,110,2022.0,95,13,3,1.2,1,36457.0,22400.0,2,132.0,1,0,0
27,66,2025.0,274,18,3,2.5,1,0.0,48000.0,2,184.0,1,0,0
28,51,2025.0,276,4,3,1.6,1,0.0,28240.0,0,120.0,1,0,0
29,0,2025.0,297,18,3,1.0,1,0.0,25520.0,2,120.0,0,0,0
18,82,2022.0,210,13,3,1.8,1,28000.0,21200.0,2,170.0,0,1,0
21,92,2024.0,231,13,3,1.6,0,0.0,48000.0,0,132.0,0,0,0
35,25,2025.0,370,21,3,2.0,1,0.0,37520.0,0,170.0,0,0,0
36,96,2025.0,398,13,3,1.4,1,0.0,39920.0,0,150.0,0,0,0
3,118,2019.0,37,2,3,2.0,1,79000.0,46500.0,1,205.0,1,0,0
11,34,2007.0,132,18,3,1.6,0,195456.0,6000.0,1,110.0,0,1,0
14,113,2017.0,180,13,3,2.0,1,95000.0,27800.0,0,154.0,0,0,0
1,73,2013.0,8,2,3,2.0,0,147000.0,18500.0,1,170.0,1,0,0
11,54,2017.0,142,13,3,2.0,1,98000.0,28500.0,1,143.0,1,0,0
31,32,2013.0,326,2,3,2.0,0,104777.0,14700.0,1,138.0,1,1,0
31,32,2013.0,321,18,3,2.0,0,130000.0,11999.0,0,138.0,0,1,0
5,110,2025.0,92,13,3,1.2,1,0.0,23840.0,2,132.0,1,0,0
28,51,2020.0,276,4,3,1.6,0,79000.0,23500.0,0,120.0,1,0,0
29,0,2025.0,292,4,3,1.0,1,0.0,25920.0,0,120.0,0,1,0
36,63,2025.0,397,13,3,1.0,1,0.0,19992.0,2,101.0,0,0,0
11,8,2021.0,129,21,3,2.0,1,43000.0,34392.0,0,110.0,1,0,0
18,42,2021.0,203,4,3,3.6,0,62000.0,66400.0,0,286.0,1,0,0
13,27,2011.0,154,13,3,2.4,0,173000.0,11600.0,0,185.0,0,0,0
5,110,2025.0,95,2,3,1.2,0,0.0,22240.0,2,132.0,1,0,0
21,89,2012.0,226,22,3,2.4,1,149000.0,15500.0,0,185.0,1,0,0
18,82,2024.0,208,13,3,1.3,1,0.0,29200.0,2,175.0,0,0,0
2,124,2024.0,24,13,3,1.5,1,0.0,38900.0,2,185.0,0,0,0
28,51,2017.0,276,18,3,1.6,1,89000.0,17600.0,0,120.0,1,0,0
36,96,2025.0,398,13,3,1.4,1,0.0,20000.0,0,150.0,0,0,0
28,51,2018.0,275,13,3,1.6,1,103000.0,20500.0,0,120.0,0,0,0
28,51,2017.0,275,13,3,1.6,1,100000.0,16800.0,1,120.0,0,1,0
31,32,2016.0,327,22,3,2.0,1,109000.0,17600.0,1,143.0,1,1,0
35,95,2024.0,389,18,0,2.8,0,0.0,55200.0,0,204.0,1,0,0
5,110,2025.0,91,21,3,1.2,0,500.0,21600.0,2,132.0,1,0,0
11,34,2018.0,136,4,3,1.5,1,88000.0,17000.0,1,123.0,0,1,0
11,8,2025.0,129,26,3,2.0,0,0.0,47840.0,0,110.0,1,0,0
11,34,2017.0,133,13,3,1.5,0,128000.0,14000.0,0,123.0,0,1,0
3,123,2024.0,55,13,3,3.0,0,0.0,249000.0,0,306.0,1,1,0
5,110,2025.0,95,21,3,1.2,0,0.0,21336.0,2,132.0,1,0,0
36,96,2023.0,398,13,3,1.4,1,40000.0,34900.0,1,150.0,0,0,0
29,0,2025.0,297,4,3,1.2,1,1234.0,34800.0,0,120.0,0,0,0
35,81,2022.0,387,4,2,2.5,0,30900.0,68880.0,0,110.0,1,0,0
29,0,2020.0,296,21,3,1.6,1,88300.0,18160.0,2,150.0,1,1,0
18,22,2024.0,195,21,0,2.0,0,0.0,46392.0,0,272.0,1,0,0
31,32,2015.0,322,13,3,1.6,0,122000.0,13200.0,2,110.0,0,1,0
11,34,2022.0,134,21,3,1.5,0,42000.0,19200.0,1,123.0,0,1,0
36,63,2024.0,397,13,3,1.0,1,0.0,23500.0,1,116.0,0,1,0
5,110,2025.0,95,22,3,1.2,0,0.0,21998.0,2,132.0,1,0,0
13,27,2008.0,152,8,3,2.4,0,179000.0,13300.0,1,185.0,1,1,0
36,96,2025.0,398,4,3,1.4,1,0.0,24800.0,0,150.0,0,0,0
31,32,2015.0,330,4,3,1.6,1,118400.0,12400.0,0,110.0,0,1,0
11,34,2018.0,134,4,0,1.5,0,50000.0,16800.0,0,123.0,0,1,0
35,25,2024.0,369,4,2,1.8,1,2500.0,39000.0,0,170.0,0,0,0
36,108,2025.0,414,18,3,2.0,1,0.0,47120.0,2,150.0,1,0,0
29,0,2025.0,292,13,3,1.6,1,0.0,26480.0,0,120.0,0,1,0
11,34,2016.0,134,17,3,2.0,0,89000.0,13360.0,0,143.0,0,1,0
29,0,2022.0,296,4,3,1.6,1,71000.0,19600.0,1,150.0,1,1,0
11,34,2012.0,136,17,3,1.6,0,110000.0,12000.0,0,110.0,0,1,0
29,0,2025.0,292,2,3,1.0,1,0.0,24871.0,2,120.0,0,1,0
11,100,2023.0,144,4,3,1.8,0,22700.0,34000.0,1,85.0,1,0,0
5,110,2025.0,92,2,3,1.2,1,0.0,23999.0,2,132.0,1,0,0
11,54,2012.0,143,17,3,2.5,0,155000.0,9600.0,1,180.0,1,1,0
3,122,2017.0,51,13,3,2.0,1,115000.0,39800.0,1,245.0,1,0,0
18,23,2025.0,200,13,3,1.3,1,0.0,35920.0,2,272.0,0,0,0
13,47,2016.0,158,22,3,1.8,1,98000.0,18968.0,0,175.0,0,0,0
31,13,2020.0,319,4,3,1.6,0,88000.0,15920.0,0,110.0,1,1,0
3,118,2022.0,37,4,3,2.0,0,35000.0,63900.0,1,205.0,1,0,0
13,47,2017.0,157,4,3,1.8,1,86000.0,19600.0,1,154.0,0,0,0
1,73,2013.0,8,4,3,2.0,1,117000.0,20000.0,0,170.0,1,1,0
5,110,2020.0,95,21,3,1.2,1,115000.0,17600.0,0,132.0,1,1,0
11,34,2012.0,130,5,3,1.6,0,140000.0,10300.0,1,110.0,0,1,0
31,32,2013.0,330,18,3,2.0,0,76000.0,13500.0,0,138.0,1,1,0
16,83,2025.0,189,4,3,1.5,1,0.0,18320.0,0,110.0,0,1,0
5,110,2021.0,92,22,3,1.2,1,42600.0,20640.0,0,132.0,1,0,0
31,32,2012.0,322,18,3,1.6,0,105000.0,10000.0,0,110.0,0,1,0
36,96,2025.0,398,4,3,1.4,1,0.0,31992.0,2,150.0,0,0,0
36,96,2024.0,398,18,3,1.4,1,0.0,30320.0,2,150.0,0,0,0
28,51,2017.0,275,13,3,1.6,1,110000.0,16800.0,0,120.0,0,1,0
11,100,2025.0,144,18,3,1.8,1,0.0,37440.0,2,85.0,1,0,0
11,34,2015.0,134,18,3,1.6,0,112000.0,12000.0,1,110.0,0,1,0
11,34,2018.0,134,4,3,1.5,0,85000.0,13840.0,0,123.0,0,1,0
5,110,2023.0,95,13,3,1.2,0,16000.0,23600.0,1,132.0,1,0,0
21,92,2013.0,231,2,3,2.0,0,157000.0,14000.0,0,163.0,0,0,0
18,23,2025.0,200,18,3,1.3,1,0.0,34792.0,2,272.0,0,0,0
5,110,2023.0,95,22,3,1.2,0,0.0,25856.0,0,132.0,1,0,0
11,54,2018.0,142,13,3,2.0,1,107600.0,24990.0,0,143.0,1,0,0
11,34,2015.0,133,13,3,1.6,0,145000.0,12000.0,1,110.0,0,1,0
13,47,2020.0,157,21,3,1.8,1,80000.0,24000.0,1,154.0,0,0,0
11,34,2010.0,132,22,3,1.6,0,146000.0,8550.0,1,110.0,0,1,0
5,110,2015.0,92,13,3,1.8,1,117000.0,13900.0,1,140.0,0,1,0
18,23,2025.0,200,18,3,1.3,1,0.0,30800.0,2,272.0,0,0,0
35,95,2019.0,393,4,0,2.8,0,66000.0,34400.0,1,177.0,1,1,0
28,130,2021.0,289,13,3,2.5,0,32500.0,37600.0,0,110.0,1,0,0
35,55,1996.0,378,3,0,4.2,0,450000.0,25000.0,1,265.0,0,1,0
29,0,2024.0,297,4,3,1.0,1,0.0,32697.0,2,120.0,0,0,0
5,91,2016.0,89,13,3,1.8,0,109000.0,14400.0,0,105.0,0,1,0
36,63,2021.0,397,4,3,1.0,1,48000.0,20640.0,0,101.0,0,0,0
18,82,2021.0,210,21,3,1.8,1,57000.0,23000.0,0,170.0,0,1,0
5,110,2023.0,92,21,3,1.2,1,22000.0,19992.0,0,132.0,1,0,0
36,63,2024.0,395,4,3,1.0,0,9000.0,23800.0,0,116.0,0,1,0
11,34,2016.0,136,4,3,1.6,0,110000.0,15200.0,1,110.0,0,1,0
18,116,2019.0,216,4,3,3.6,1,79000.0,89900.0,0,284.0,1,0,1
18,82,2021.0,210,18,3,1.8,1,112000.0,18500.0,1,170.0,0,1,0
21,90,2014.0,228,4,3,1.6,1,83200.0,16000.0,1,132.0,0,0,0
35,81,2013.0,382,4,3,2.0,1,137000.0,18000.0,0,200.0,0,0,0
6,11,2021.0,110,18,3,1.6,1,105000.0,18800.0,0,165.0,0,0,0
36,97,2024.0,400,13,3,1.0,1,0.0,23920.0,1,110.0,0,1,0
14,113,2025.0,181,13,3,2.0,0,0.0,48990.0,0,154.0,0,0,0
5,110,2025.0,95,4,3,1.2,0,0.0,21680.0,2,132.0,1,1,0
28,51,2021.0,277,22,3,1.6,0,30083.0,20640.0,0,120.0,0,1,0
31,52,2010.0,339,13,3,2.5,0,250000.0,9520.0,1,138.0,1,1,0
28,51,2018.0,275,13,3,1.6,1,111000.0,17600.0,0,120.0,0,0,0
5,110,2016.0,92,2,3,1.8,1,73000.0,15000.0,1,140.0,0,1,0
29,0,2025.0,293,13,3,1.0,1,1111.0,28720.0,0,120.0,0,0,0
2,121,2024.0,21,13,3,1.5,0,0.0,28100.0,0,148.0,1,0,0
11,34,2018.0,130,4,3,1.5,1,79000.0,14800.0,0,123.0,0,1,0
11,100,2025.0,144,13,3,1.8,1,1000.0,40000.0,1,85.0,1,0,0
18,82,2018.0,210,13,3,1.8,1,100000.0,17500.0,1,170.0,0,1,0
36,96,2025.0,398,4,3,1.4,1,0.0,29520.0,2,150.0,0,0,0
1,75,2024.0,13,13,3,2.0,1,0.0,85003.0,2,252.0,1,0,0
31,32,2016.0,327,4,3,1.6,1,110000.0,13320.0,0,110.0,0,1,0
18,23,2025.0,200,13,3,1.3,1,900.0,38800.0,0,272.0,0,0,0
5,110,2014.0,92,21,3,1.8,0,120000.0,7920.0,0,140.0,0,1,0
13,27,2011.0,152,4,3,2.4,0,165000.0,13440.0,1,185.0,1,0,0
1,77,2017.0,15,18,0,3.0,1,135000.0,51900.0,0,249.0,1,0,0
5,110,2024.0,95,21,3,1.2,1,1000.0,21360.0,2,132.0,1,0,0
14,86,2012.0,171,13,3,2.4,0,170000.0,8500.0,1,110.0,1,0,0
6,10,2025.0,103,13,3,1.0,1,0.0,24800.0,0,120.0,0,0,0
5,110,2023.0,95,22,3,1.2,0,12000.0,27200.0,0,132.0,1,0,0
3,120,2005.0,40,13,3,2.5,0,182000.0,13500.0,1,306.0,1,1,0
3,120,2010.0,49,18,3,2.5,0,95000.0,22900.0,1,306.0,1,1,0
35,25,2024.0,371,13,3,2.0,1,1000.0,37000.0,0,170.0,0,0,0
14,113,2012.0,178,21,3,2.0,1,137000.0,14800.0,1,154.0,1,0,0
18,23,2024.0,199,13,3,1.3,1,0.0,30400.0,0,170.0,0,0,0
25,17,2017.0,255,21,3,1.6,1,125000.0,30000.0,1,211.0,1,0,0
22,28,1997.0,234,1,0,2.5,0,174000.0,46000.0,0,110.0,0,1,0
13,47,2016.0,157,4,3,1.8,1,106000.0,20500.0,1,132.0,0,0,0
14,113,2006.0,178,5,0,2.0,0,200000.0,9440.0,0,154.0,1,0,0
11,100,2022.0,144,3,3,1.5,1,70000.0,28720.0,0,143.0,0,0,0
11,34,2018.0,130,4,3,1.5,1,105020.0,16648.0,2,123.0,0,1,0
5,110,2018.0,92,13,3,1.8,1,69000.0,19000.0,0,140.0,1,1,0
29,0,2018.0,296,18,3,1.6,1,46000.0,16200.0,1,150.0,1,1,0
36,63,2022.0,397,2,3,1.0,1,37000.0,19600.0,0,101.0,0,1,0
14,113,2018.0,182,4,3,2.0,1,94800.0,24800.0,0,154.0,0,0,0
18,23,2021.0,199,18,3,2.4,1,31900.0,30400.0,1,170.0,0,0,0
5,110,2025.0,95,4,3,1.2,0,0.0,21320.0,2,132.0,1,0,0
13,27,2013.0,152,13,3,2.4,1,210000.0,18000.0,1,185.0,1,0,0
36,97,2019.0,403,18,3,1.6,0,70000.0,18800.0,1,110.0,0,1,0
18,82,2019.0,210,18,3,1.8,0,71227.0,17520.0,2,170.0,0,1,0
5,110,2024.0,92,4,3,1.2,0,0.0,25440.0,2,132.0,1,0,0
4,101,2013.0,65,13,3,2.0,0,165495.0,9280.0,0,138.0,0,1,0
11,54,2020.0,141,13,2,2.0,1,52000.0,33000.0,1,143.0,1,0,0
11,54,2017.0,142,21,3,2.0,1,108000.0,23200.0,1,143.0,1,0,0
35,46,2023.0,375,13,0,2.8,1,24000.0,47200.0,1,177.0,1,0,0
3,122,2018.0,51,21,3,2.0,1,65300.0,55000.0,1,245.0,1,0,0
5,6,1999.0,78,2,0,2.5,1,247650.0,6000.0,1,160.0,1,1,0
9,31,2021.0,121,18,0,2.0,0,62000.0,38900.0,0,300.0,1,0,0
11,34,2018.0,134,4,0,1.5,0,54000.0,15920.0,2,100.0,0,1,0
28,51,2017.0,275,4,3,1.6,1,54000.0,18240.0,0,120.0,0,0,0
36,108,2025.0,414,2,3,2.0,1,0.0,44960.0,2,150.0,1,0,0
36,63,2025.0,397,13,3,1.0,1,0.0,29600.0,2,101.0,0,0,0
13,47,2016.0,158,18,3,1.8,1,105000.0,19192.0,0,175.0,0,0,0
18,42,2008.0,203,26,0,3.0,0,189000.0,16000.0,1,286.0,1,0,0
8,50,2012.0,114,22,3,2.4,1,102000.0,14400.0,1,170.0,1,0,0
21,90,2016.0,228,4,3,1.6,1,120000.0,13600.0,0,132.0,1,0,0
14,86,2008.0,171,13,0,2.2,0,288000.0,11500.0,1,110.0,1,1,0
11,34,2020.0,134,18,3,1.5,0,70500.0,17200.0,1,123.0,0,1,0
1,78,2024.0,17,18,3,3.0,1,0.0,190000.0,2,340.0,1,0,0
27,58,2006.0,270,2,0,3.2,0,190000.0,12900.0,0,110.0,0,0,0
31,32,2024.0,329,13,3,1.3,0,900.0,27919.0,0,155.0,1,0,0
11,8,2025.0,129,13,3,2.0,0,0.0,55900.0,0,110.0,1,0,0
11,34,2016.0,130,13,3,2.0,0,140000.0,17500.0,1,143.0,1,1,0
1,74,2020.0,9,4,3,1.4,1,79000.0,44990.0,0,150.0,1,0,0
31,32,2011.0,328,8,3,2.0,0,185000.0,9600.0,1,138.0,0,1,0
28,51,2023.0,275,21,3,1.6,1,29000.0,23992.0,0,120.0,0,0,0
18,82,2017.0,210,18,3,1.8,1,108000.0,16720.0,2,170.0,0,1,0
36,96,2025.0,398,13,3,1.4,1,500.0,34980.0,0,150.0,0,0,0
13,47,2021.0,158,21,3,1.8,0,30900.0,25600.0,1,175.0,0,0,0
29,1,2021.0,303,22,3,1.6,0,54000.0,35500.0,0,165.0,1,0,0
35,46,2013.0,374,4,3,2.7,0,194000.0,22000.0,0,171.0,0,1,0
28,51,2025.0,275,4,3,1.6,1,0.0,27112.0,0,120.0,0,0,0
29,0,2019.0,296,4,3,1.6,1,43500.0,15200.0,1,150.0,1,1,0
35,95,2022.0,393,18,0,2.8,1,59000.0,54900.0,1,204.0,1,0,0
5,110,2025.0,92,4,3,1.2,1,0.0,26400.0,0,132.0,1,0,0
11,34,2022.0,134,21,3,1.5,0,46000.0,19040.0,0,123.0,0,1,0
6,11,2019.0,106,21,3,1.6,0,70000.0,16800.0,0,165.0,0,0,0
11,34,2020.0,130,4,3,1.5,0,73300.0,16720.0,0,123.0,0,1,0
3,118,2020.0,37,4,3,2.0,0,70796.0,65000.0,1,205.0,1,0,0
36,97,2020.0,402,22,3,1.6,1,70796.0,24000.0,1,116.0,0,0,0
18,82,2025.0,208,18,3,1.3,1,0.0,31672.0,2,170.0,0,0,0
14,26,2025.0,164,4,3,1.6,1,0.0,35000.0,0,115.0,0,0,0
13,27,2010.0,152,15,3,2.4,1,215000.0,13200.0,1,185.0,1,0,0
3,125,2025.0,60,18,3,3.0,1,0.0,189900.0,0,306.0,1,0,0
18,23,2018.0,199,18,3,2.4,1,67000.0,24000.0,1,170.0,0,1,0
25,19,2017.0,262,18,3,3.0,0,135000.0,65000.0,0,333.0,1,0,0
11,34,2021.0,134,4,3,1.5,1,75824.0,17520.0,2,123.0,0,1,0
36,96,2025.0,398,13,3,1.4,1,0.0,36880.0,0,150.0,0,0,0
11,34,2008.0,132,5,3,1.6,0,167000.0,6720.0,0,110.0,0,1,0
36,63,2021.0,397,4,3,1.0,1,78395.0,23000.0,1,101.0,0,0,0
18,15,2001.0,192,21,0,2.5,0,246000.0,19500.0,1,205.0,0,1,0
34,44,2010.0,351,4,3,2.4,0,140000.0,10000.0,0,110.0,1,1,0
5,110,2024.0,95,4,3,1.2,1,1000.0,29756.0,2,132.0,1,0,0
36,107,2013.0,409,4,0,2.0,0,213000.0,17200.0,0,140.0,1,0,0
31,32,2017.0,327,13,3,1.6,1,111111.0,13200.0,0,110.0,0,1,0
5,110,2023.0,95,4,3,1.2,0,42000.0,20800.0,1,132.0,1,1,0
31,32,2024.0,329,15,3,1.3,1,0.0,23600.0,1,155.0,1,0,0
11,34,2010.0,132,13,3,1.6,0,180000.0,7200.0,1,110.0,0,1,0
29,0,2017.0,293,18,3,1.6,0,98000.0,14400.0,1,120.0,0,1,0
6,11,2022.0,106,4,3,1.6,0,55000.0,19300.0,0,165.0,0,1,0
18,23,2018.0,198,18,3,2.4,1,53000.0,28500.0,0,170.0,1,1,0
31,32,2013.0,326,18,3,2.0,0,128000.0,12800.0,0,138.0,1,1,0
29,0,2018.0,293,13,3,1.6,0,51000.0,14880.0,1,120.0,0,1,0
14,113,2025.0,184,21,3,1.6,1,0.0,58900.0,0,154.0,1,0,0
35,25,2023.0,370,18,3,2.0,1,21700.0,31200.0,0,170.0,0,0,0
35,81,2009.0,382,13,3,2.4,0,180000.0,12792.0,0,257.0,1,0,0
13,47,2016.0,157,13,3,1.8,1,165000.0,15920.0,1,132.0,0,0,0
6,10,2025.0,103,4,3,1.0,1,0.0,25941.0,0,120.0,0,0,0
27,66,2025.0,274,13,3,2.5,1,0.0,52500.0,0,184.0,1,0,0
11,34,2012.0,132,18,3,1.6,0,134245.0,9200.0,0,110.0,0,1,0
28,51,2018.0,275,4,3,1.6,1,49000.0,18000.0,0,120.0,0,0,0
31,13,2018.0,320,4,3,2.0,0,104000.0,10640.0,0,110.0,0,1,0
31,32,2017.0,327,22,3,1.6,1,139000.0,13200.0,2,110.0,0,1,0
30,14,2008.0,309,18,3,3.6,0,180000.0,24000.0,0,300.0,1,0,0
6,11,2024.0,110,4,3,1.6,1,0.0,23191.0,2,165.0,0,0,0
29,0,2022.0,296,22,3,1.6,1,45000.0,18800.0,1,150.0,1,1,0
11,100,2025.0,144,4,3,1.8,1,0.0,37240.0,2,85.0,1,0,0
35,46,2016.0,375,15,0,2.8,1,109000.0,40000.0,1,177.0,1,1,0
31,32,2012.0,328,21,3,2.0,0,155000.0,12800.0,1,138.0,0,1,0
36,63,2024.0,397,21,3,1.0,1,0.0,22400.0,0,116.0,0,1,0
35,95,2022.0,389,13,0,2.8,1,20940.0,55120.0,1,204.0,1,0,0
36,63,2025.0,397,4,3,1.0,1,0.0,20812.0,2,101.0,0,1,0
31,13,2019.0,318,21,3,2.0,1,130000.0,23000.0,0,110.0,0,1,0
18,23,2025.0,200,5,3,1.3,1,0.0,35992.0,2,272.0,0,0,0
11,34,2008.0,137,18,3,2.0,1,185000.0,9000.0,1,143.0,0,0,0
6,11,2021.0,110,13,3,1.6,1,57000.0,17600.0,1,165.0,0,0,0
6,11,2018.0,106,4,3,1.6,0,59000.0,15600.0,1,165.0,0,1,0
36,96,2023.0,398,4,3,1.4,1,0.0,36000.0,2,150.0,0,0,0
5,111,2025.0,99,13,0,2.8,1,0.0,51920.0,0,200.0,1,0,0
14,113,2012.0,178,13,3,2.0,0,110000.0,18000.0,1,154.0,1,0,0
11,34,2019.0,134,4,3,1.5,1,99738.0,17000.0,0,123.0,0,1,0
8,50,2013.0,115,18,3,2.4,1,140000.0,14000.0,1,170.0,1,0,0
28,51,2025.0,277,22,3,1.6,1,2300.0,25600.0,1,120.0,0,1,0
4,103,2018.0,71,13,3,1.6,1,50000.0,15200.0,0,127.0,1,0,0
18,82,2025.0,208,21,3,1.3,1,0.0,30819.0,2,170.0,0,0,0
11,34,2018.0,130,18,3,1.5,1,87000.0,16500.0,1,123.0,0,1,0
25,18,2018.0,258,18,3,2.0,1,65000.0,64000.0,0,367.0,1,0,0
36,96,2023.0,398,21,3,1.4,1,56000.0,27920.0,1,150.0,0,0,0
18,23,2024.0,200,4,3,1.3,1,1111.0,36000.0,1,170.0,0,0,0
35,25,2021.0,369,13,3,2.0,1,42500.0,35500.0,1,170.0,0,0,0
13,27,2015.0,154,4,3,2.4,1,75000.0,21200.0,0,185.0,0,0,0
5,110,2014.0,92,21,3,1.8,0,190000.0,12800.0,1,140.0,0,1,0
5,110,2013.0,92,22,3,1.8,1,132000.0,13500.0,0,140.0,1,0,0
30,56,2017.0,313,18,3,3.0,1,98000.0,105000.0,1,340.0,0,1,0
5,110,2015.0,92,18,3,1.8,1,137000.0,12960.0,1,140.0,1,0,0
31,32,2015.0,327,4,3,1.6,1,131000.0,10800.0,0,110.0,0,1,0
5,110,2022.0,92,2,3,1.2,0,49500.0,21600.0,2,132.0,1,0,0
21,90,2010.0,229,18,3,1.6,0,175000.0,10900.0,1,132.0,0,1,0
5,110,2025.0,94,4,3,1.2,1,0.0,28240.0,2,132.0,1,0,0
5,110,2025.0,92,4,3,1.2,1,0.0,26400.0,0,132.0,1,0,0
28,51,2017.0,276,21,3,1.6,1,99000.0,19000.0,1,120.0,1,0,0
35,46,2013.0,374,13,3,2.7,0,140000.0,22000.0,2,171.0,0,1,0
35,81,2019.0,385,13,3,2.0,0,79000.0,34300.0,1,110.0,0,0,0
18,23,2012.0,200,4,3,2.4,1,220000.0,14640.0,1,170.0,0,0,0
36,97,2019.0,402,4,3,1.6,0,44000.0,20800.0,1,116.0,0,0,0
18,82,2025.0,209,13,3,1.3,1,0.0,26000.0,2,170.0,0,0,0
31,32,2024.0,325,21,3,1.6,1,0.0,19400.0,0,115.0,1,1,0
36,96,2024.0,398,21,3,1.4,1,0.0,30960.0,0,150.0,0,0,0
2,121,2023.0,20,15,3,1.5,1,0.0,24900.0,2,148.0,0,0,0
11,8,2025.0,129,13,3,2.0,0,0.0,44703.0,0,110.0,1,0,0
3,117,2013.0,34,18,3,2.0,0,142000.0,17000.0,1,184.0,1,1,0
3,117,2025.0,32,14,3,2.0,1,0.0,89900.0,0,231.0,1,1,0
28,51,2020.0,275,13,3,1.6,1,93000.0,20000.0,1,120.0,0,0,0
4,103,2017.0,70,21,3,1.6,1,68000.0,12400.0,1,110.0,0,1,0
11,34,2016.0,133,13,3,1.6,0,130000.0,6400.0,0,110.0,0,1,0
29,0,2017.0,299,18,3,1.6,1,120000.0,12960.0,2,120.0,0,1,0
5,110,2014.0,92,4,3,1.8,0,78000.0,10800.0,1,140.0,1,0,0
5,110,2017.0,92,18,3,1.8,1,128000.0,18000.0,1,140.0,1,0,0
28,51,2023.0,275,13,3,1.6,1,19600.0,27200.0,1,120.0,0,0,0
1,75,2024.0,13,18,3,2.0,1,0.0,85003.0,2,252.0,1,0,0
31,52,2012.0,337,18,3,2.5,0,169000.0,10360.0,0,110.0,0,1,0
1,75,2016.0,13,4,3,2.0,0,98500.0,32000.0,0,225.0,1,1,0
35,25,2025.0,370,13,2,1.8,1,0.0,31040.0,0,170.0,0,0,0
28,51,2018.0,276,22,3,1.6,1,105000.0,19600.0,1,120.0,1,0,0
29,0,2020.0,299,13,3,1.6,0,115000.0,18000.0,0,120.0,0,1,0
5,110,2025.0,95,21,3,1.2,0,0.0,21604.0,2,132.0,1,0,0
14,26,2021.0,164,5,3,1.6,1,50000.0,21440.0,0,115.0,0,0,0
21,90,2010.0,227,13,3,1.6,1,142000.0,10899.0,1,132.0,0,1,0
5,110,2016.0,92,21,3,1.8,1,92000.0,14800.0,0,140.0,1,0,0
36,96,2025.0,398,3,3,1.4,1,0.0,35360.0,2,150.0,0,0,0
18,23,2025.0,200,2,3,1.3,1,0.0,35992.0,2,272.0,0,0,0
29,0,2020.0,293,4,3,1.6,0,55000.0,19600.0,0,120.0,0,1,0
28,59,2014.0,281,15,3,3.5,0,86000.0,22000.0,1,260.0,1,0,0
29,0,2019.0,296,13,3,1.6,1,78000.0,15500.0,1,150.0,1,1,0
3,125,2013.0,60,18,3,3.0,1,180000.0,52000.0,1,306.0,1,0,0
19,126,2024.0,221,13,3,1.5,1,0.0,30880.0,2,110.0,0,0,0
3,123,2017.0,57,4,3,4.4,1,69000.0,79900.0,1,449.0,1,1,0
31,32,2016.0,327,21,3,1.6,1,109000.0,13600.0,1,110.0,0,1,0
5,110,2025.0,95,4,3,1.2,0,0.0,20720.0,2,132.0,1,0,0
36,97,2025.0,400,2,3,1.0,1,0.0,23000.0,2,110.0,0,1,0
35,25,2024.0,369,21,3,2.0,1,1180.0,72000.0,0,170.0,0,0,0
5,110,2019.0,92,4,3,1.8,1,118000.0,15000.0,1,140.0,1,1,0
36,96,2022.0,398,21,3,1.4,1,50203.0,32500.0,0,150.0,0,0,0
35,25,2024.0,369,13,3,2.0,1,1000.0,41500.0,0,170.0,0,0,0
5,110,2024.0,92,4,3,1.2,0,3500.0,23120.0,0,132.0,1,0,0
34,44,2000.0,349,5,3,1.6,1,198000.0,12500.0,1,110.0,1,1,1
36,108,2023.0,414,13,3,2.0,1,28000.0,40800.0,1,150.0,0,0,0
18,69,2013.0,207,18,3,2.4,0,140000.0,13500.0,0,170.0,1,0,0
35,46,2017.0,375,13,0,2.8,1,87000.0,40800.0,0,177.0,1,0,0
18,116,2025.0,216,21,3,3.6,1,0.0,127000.0,2,284.0,1,0,1
36,96,2022.0,398,13,3,1.4,1,51500.0,29000.0,1,150.0,0,0,0
18,22,2025.0,195,13,3,1.3,1,0.0,39680.0,2,272.0,0,0,0
13,47,2018.0,157,13,3,1.8,1,80000.0,24500.0,1,154.0,0,0,0
28,51,2022.0,276,4,3,1.6,1,22000.0,24800.0,1,120.0,1,0,0
5,110,2017.0,92,13,3,1.8,1,119000.0,16500.0,0,140.0,1,0,0
28,51,2025.0,275,13,3,1.6,0,0.0,28000.0,0,120.0,0,0,0
11,8,2025.0,128,4,3,2.0,0,0.0,46242.0,0,110.0,1,0,0
8,50,2013.0,115,8,3,2.4,0,120000.0,16800.0,0,170.0,1,0,0
36,107,2012.0,409,13,3,2.0,0,118000.0,16800.0,0,200.0,1,0,0
11,34,2017.0,134,4,3,1.6,0,90000.0,15700.0,1,110.0,0,1,0
29,0,2024.0,297,13,3,1.0,1,0.0,33128.0,0,120.0,0,0,0
12,49,2024.0,149,2,3,1.5,0,0.0,32900.0,0,257.0,0,0,0
31,33,2016.0,332,13,3,2.0,0,84000.0,13990.0,1,110.0,0,1,0
18,42,2014.0,204,18,3,3.6,1,125000.0,32500.0,0,286.0,1,0,0
28,51,2018.0,275,18,3,1.6,1,65000.0,17600.0,1,120.0,0,0,0
31,32,2020.0,327,13,3,1.6,1,46000.0,16560.0,0,110.0,0,1,0
11,34,2014.0,134,4,3,1.6,0,135000.0,12400.0,0,110.0,0,1,0
13,47,2018.0,157,18,3,1.8,1,58500.0,24500.0,0,154.0,0,0,0
28,51,2018.0,276,4,3,1.6,1,68000.0,21800.0,1,120.0,1,0,0
6,11,2021.0,110,4,3,1.6,1,65000.0,16000.0,1,165.0,0,1,0
31,52,2011.0,336,13,3,2.5,0,210000.0,10900.0,0,110.0,1,1,0
35,46,2019.0,375,4,0,2.8,1,87000.0,42000.0,1,177.0,1,0,0
5,111,2017.0,98,15,0,2.8,1,117000.0,30990.0,2,200.0,1,0,0
6,11,2025.0,110,13,3,1.6,1,0.0,14400.0,2,165.0,0,0,0
5,111,2020.0,98,21,0,2.8,1,100000.0,29600.0,0,200.0,1,0,0
5,110,2015.0,92,4,3,1.8,1,150000.0,15500.0,0,140.0,1,0,0
36,97,2021.0,403,4,3,1.6,0,76000.0,23000.0,1,110.0,0,1,0
31,13,2017.0,320,13,3,2.0,0,101500.0,15200.0,2,110.0,0,1,0
29,0,2025.0,297,4,3,1.0,1,0.0,12800.0,2,120.0,0,0,0
6,10,2024.0,103,22,3,1.0,1,8656.0,22960.0,2,120.0,0,0,0
28,51,2020.0,277,13,3,1.6,0,59900.0,19200.0,1,120.0,0,1,0
5,110,2017.0,92,13,3,1.8,1,101000.0,14400.0,2,140.0,1,1,0
14,26,2017.0,163,2,3,1.6,0,80000.0,17520.0,0,115.0,0,0,0
35,25,2025.0,370,4,3,2.0,1,0.0,33131.0,2,170.0,0,0,0
11,34,2015.0,134,17,3,1.6,0,130000.0,12560.0,1,110.0,0,1,0
13,27,2013.0,154,18,3,2.4,0,150000.0,19500.0,0,185.0,0,0,0
36,63,2021.0,397,13,3,1.0,1,40000.0,21200.0,1,101.0,0,0,0
28,51,2019.0,275,18,3,1.6,0,80000.0,16000.0,1,120.0,0,1,0
1,73,2018.0,8,13,3,2.0,0,115000.0,33900.0,1,220.0,1,0,0
3,125,2017.0,60,21,3,3.0,0,104000.0,59900.0,0,306.0,1,0,0
10,4,2018.0,122,13,3,1.4,1,72661.0,20000.0,0,110.0,0,1,0
29,0,2019.0,299,21,3,1.6,1,62000.0,13200.0,2,120.0,0,1,0
29,0,2025.0,292,13,3,1.0,1,0.0,10880.0,0,120.0,0,1,0
18,23,2023.0,200,21,3,1.3,1,21000.0,32600.0,0,170.0,0,0,0
36,96,2025.0,398,4,3,1.4,1,0.0,30320.0,2,150.0,0,0,0
2,124,2019.0,23,18,3,1.5,0,102000.0,16800.0,1,185.0,0,0,0
31,52,2012.0,339,18,3,2.5,0,165500.0,10000.0,1,138.0,1,1,0
31,13,2017.0,318,3,3,2.0,0,101000.0,15120.0,0,110.0,0,1,0
36,97,2020.0,402,4,3,1.6,1,62000.0,21520.0,0,116.0,0,0,0
18,42,2018.0,204,13,3,3.6,0,71000.0,46400.0,0,286.0,1,0,0
31,32,2019.0,324,4,2,1.6,0,102000.0,12200.0,2,110.0,0,1,0
11,34,2015.0,134,18,3,1.6,0,135000.0,11840.0,0,110.0,0,1,0
5,110,2025.0,95,4,3,1.2,1,0.0,30230.0,2,132.0,1,0,0
31,32,2016.0,327,18,3,2.0,1,91000.0,15000.0,2,143.0,0,1,0
31,32,2025.0,329,13,3,1.3,1,6200.0,26800.0,1,155.0,1,0,0
13,47,2018.0,158,13,3,1.8,1,76109.0,19360.0,2,185.0,0,0,0
18,23,2018.0,197,2,3,2.4,0,79000.0,23192.0,0,170.0,1,1,0
5,110,2025.0,95,4,3,1.2,0,0.0,28640.0,2,132.0,1,0,0
36,96,2021.0,398,13,3,1.4,1,60000.0,28400.0,1,150.0,0,0,0
11,34,2014.0,130,13,3,1.6,0,128300.0,10560.0,1,110.0,0,1,0
36,97,2020.0,403,13,3,1.6,1,50000.0,20400.0,0,110.0,0,1,0
18,82,2023.0,210,21,3,1.8,1,47000.0,24500.0,1,170.0,0,0,0
14,26,2025.0,164,13,3,1.6,1,0.0,34999.0,2,115.0,0,0,0
4,101,2016.0,65,4,3,2.0,0,153400.0,10000.0,1,138.0,0,1,0
11,34,2019.0,131,4,3,2.0,1,63763.0,22000.0,2,170.0,1,1,0
11,34,2020.0,134,13,3,1.5,0,83000.0,18400.0,0,123.0,0,1,0
31,32,2015.0,327,18,3,1.6,1,96000.0,12000.0,0,110.0,0,1,0
18,23,2012.0,200,18,3,2.4,0,112000.0,17500.0,1,170.0,0,0,0
13,47,2017.0,158,13,3,1.8,1,85000.0,20500.0,1,175.0,0,0,0
31,52,2018.0,340,13,3,2.5,1,107000.0,23600.0,0,110.0,0,0,0
11,54,2020.0,141,13,3,2.0,0,51300.0,31200.0,0,143.0,1,0,0
5,110,2023.0,95,18,3,1.2,0,40000.0,22400.0,0,132.0,1,1,0
3,117,2017.0,34,18,3,2.0,1,59000.0,31000.0,0,192.0,1,1,0
5,111,2025.0,99,13,0,2.8,1,0.0,34365.0,2,200.0,1,0,0
14,113,2017.0,180,13,3,2.0,1,128000.0,24000.0,1,154.0,0,0,0
35,46,2018.0,375,13,0,2.8,1,87028.0,37000.0,0,177.0,1,0,0
1,74,2025.0,10,21,3,2.0,1,1000.0,85000.0,1,190.0,1,0,0
21,87,2025.0,224,13,3,1.5,1,0.0,36000.0,0,185.0,0,0,0
36,96,2022.0,398,13,3,1.4,1,60000.0,26000.0,0,150.0,0,0,0
5,110,2018.0,92,4,3,1.8,1,67000.0,18500.0,1,140.0,1,1,0
10,71,2024.0,125,22,3,1.3,1,0.0,28000.0,2,110.0,0,0,0
11,34,2010.0,132,13,3,1.6,0,160000.0,8500.0,0,110.0,0,1,0
13,47,2017.0,157,21,3,1.8,1,95000.0,20000.0,1,154.0,0,0,0
5,110,2018.0,92,21,3,1.8,1,108000.0,17200.0,1,140.0,1,1,0
31,32,2013.0,322,2,3,1.6,0,140000.0,8800.0,1,110.0,0,1,0
18,22,2025.0,195,13,3,1.3,1,0.0,42320.0,2,272.0,0,0,0
30,14,2013.0,306,13,2,3.0,0,91000.0,68000.0,0,380.0,0,0,0
29,0,2019.0,293,13,3,1.6,1,70000.0,14800.0,1,120.0,0,1,0
31,32,2013.0,322,18,3,1.6,0,84000.0,9200.0,1,110.0,0,1,0
29,0,2017.0,299,4,3,1.6,1,102000.0,14240.0,0,120.0,0,1,0
5,111,2017.0,98,21,0,2.8,1,129000.0,29000.0,1,200.0,1,0,0
5,110,2017.0,92,13,3,1.8,1,68000.0,17200.0,1,140.0,1,0,0
5,110,2021.0,95,13,3,1.2,1,59000.0,23200.0,0,132.0,1,0,0
30,14,2013.0,309,13,3,3.6,0,92000.0,43900.0,0,300.0,1,0,0
35,46,2014.0,374,5,3,2.7,1,146000.0,31000.0,1,171.0,0,1,0
28,51,2023.0,275,13,3,1.6,1,23500.0,23600.0,1,120.0,0,1,0
36,108,2018.0,414,4,3,1.4,0,84000.0,23600.0,0,150.0,1,0,0
18,116,2011.0,218,21,3,3.6,1,108000.0,35000.0,0,284.0,1,0,1
2,124,2023.0,24,22,3,1.5,1,0.0,38900.0,2,185.0,0,1,0
18,82,2024.0,212,4,3,1.3,0,0.0,39793.0,2,175.0,1,0,0
30,14,2009.0,309,4,3,3.6,0,143000.0,32999.0,2,300.0,1,0,0
28,51,2020.0,275,18,3,1.6,1,70000.0,20900.0,0,120.0,0,0,0
0,94,2025.0,2,4,3,2.0,0,0.0,86000.0,0,280.0,0,0,0
11,8,2025.0,129,26,3,1.5,1,0.0,37542.0,2,110.0,1,0,0
11,34,2013.0,134,13,3,1.6,0,115000.0,12000.0,0,110.0,0,1,0
18,42,2014.0,203,18,3,3.6,1,152000.0,28500.0,1,286.0,1,0,0
35,46,2008.0,374,18,0,3.0,1,275000.0,24000.0,1,171.0,1,1,0
28,51,2021.0,275,13,3,1.6,1,40000.0,25000.0,1,120.0,0,1,0
13,47,2016.0,158,13,3,1.8,1,125000.0,20500.0,1,175.0,0,0,0
5,110,2014.0,92,22,3,1.8,0,100000.0,13200.0,0,140.0,0,1,0
13,70,2010.0,159,2,3,3.5,0,239000.0,20500.0,1,257.0,0,0,0
36,107,2024.0,409,18,3,2.0,1,0.0,44800.0,2,230.0,1,1,0
1,73,2017.0,8,4,3,1.4,0,114921.0,22800.0,0,150.0,1,1,0
6,11,2020.0,106,13,3,1.6,1,57000.0,16000.0,1,165.0,0,0,0
4,103,2016.0,70,4,3,1.6,1,95000.0,12000.0,2,110.0,0,1,0
35,25,2024.0,371,13,3,2.0,1,0.0,30579.0,2,170.0,0,0,0
14,113,2011.0,177,4,3,2.0,0,152000.0,14400.0,1,154.0,0,1,0
36,97,2024.0,400,2,3,1.0,1,1234.0,24000.0,1,110.0,0,0,0
5,110,2014.0,92,4,3,1.8,0,90000.0,11600.0,0,140.0,0,1,0
14,86,2008.0,171,18,0,2.2,1,275000.0,11500.0,1,110.0,1,1,0
28,51,2025.0,276,22,3,1.6,1,0.0,19640.0,2,120.0,1,0,0
18,82,2018.0,210,4,3,1.8,1,110000.0,19200.0,0,170.0,0,0,0
29,0,2018.0,299,21,3,1.6,1,114000.0,13600.0,1,120.0,0,1,0
6,10,2024.0,103,13,3,1.0,1,0.0,24400.0,0,120.0,0,0,0
29,0,2025.0,293,13,3,1.0,1,0.0,29600.0,0,120.0,0,0,0
30,56,2017.0,313,18,3,3.0,1,98000.0,94999.0,0,340.0,0,1,0
29,0,2016.0,299,18,3,1.6,1,101000.0,12400.0,0,120.0,0,1,0
11,34,2014.0,136,4,3,1.6,1,187000.0,12400.0,0,110.0,0,1,0
10,71,2024.0,125,13,3,1.3,1,1300.0,30000.0,2,110.0,0,0,0
36,97,2024.0,400,22,3,1.0,1,0.0,24800.0,0,110.0,0,0,0
35,81,2015.0,387,13,3,2.5,0,118400.0,27500.0,1,110.0,1,0,0
11,8,2021.0,129,13,3,1.5,1,105000.0,30500.0,1,110.0,1,0,0
25,20,2014.0,263,4,3,3.5,0,160000.0,24000.0,1,247.0,1,0,0
11,54,2012.0,142,13,3,2.5,0,155000.0,12800.0,0,110.0,1,0,0
11,34,2018.0,133,13,3,1.5,0,80000.0,15500.0,0,123.0,0,1,0
31,13,2018.0,318,15,3,1.6,1,79000.0,16080.0,0,110.0,0,0,0
14,113,2019.0,174,13,3,2.0,0,70000.0,24000.0,1,154.0,0,1,0
3,125,2012.0,60,5,3,3.0,0,155000.0,55000.0,1,306.0,1,0,0
11,34,2014.0,136,18,3,1.6,0,124888.0,14000.0,1,110.0,0,1,0
28,59,2011.0,281,21,3,3.5,1,160000.0,15500.0,1,260.0,1,0,0
28,51,2018.0,276,13,3,1.6,1,69000.0,21040.0,1,120.0,1,0,0
13,47,2025.0,157,4,3,1.5,0,0.0,38376.0,0,121.0,0,0,0
5,110,2017.0,92,22,3,1.8,1,103622.0,14320.0,2,140.0,1,1,0
13,47,2020.0,157,22,3,1.8,1,62000.0,27500.0,1,154.0,0,0,0
28,51,2024.0,276,4,3,1.6,1,5800.0,28800.0,2,120.0,1,0,0
31,32,2015.0,327,18,3,1.6,1,112000.0,12800.0,1,110.0,0,1,0
13,27,2010.0,152,18,3,2.4,0,198000.0,13040.0,1,185.0,1,0,0
11,34,2013.0,134,13,0,1.5,0,160000.0,11919.0,0,90.0,0,1,0
31,32,2014.0,326,13,3,2.0,0,125000.0,9200.0,0,138.0,0,1,0
36,96,2025.0,398,21,3,1.4,1,0.0,30240.0,2,150.0,0,0,0
35,95,2023.0,393,21,0,2.8,1,66700.0,47200.0,0,204.0,1,0,0
29,0,2025.0,297,4,3,1.0,1,0.0,28640.0,2,120.0,0,0,0
21,89,2008.0,226,18,0,2.5,1,210000.0,9800.0,1,140.0,1,0,0
11,34,2003.0,132,18,3,1.6,0,275000.0,4400.0,1,110.0,0,1,0
13,47,2019.0,157,13,3,1.8,1,80350.0,23800.0,1,154.0,0,0,0
36,63,2021.0,397,13,3,1.0,1,55000.0,23840.0,0,101.0,0,0,0
8,50,2017.0,115,4,3,2.4,1,110000.0,16000.0,1,170.0,1,1,0
25,18,2017.0,258,15,3,2.0,1,98000.0,53000.0,1,367.0,1,0,0
36,96,2025.0,398,3,3,1.4,1,0.0,30072.0,2,150.0,0,0,0
6,10,2024.0,103,4,3,1.0,1,0.0,23800.0,2,120.0,0,0,0
36,96,2025.0,398,13,3,1.4,1,0.0,31200.0,0,150.0,0,0,0
31,32,2018.0,327,13,3,1.6,1,69000.0,18000.0,1,110.0,0,1,0
4,103,2019.0,70,22,3,1.6,1,90500.0,14498.0,1,110.0,0,1,0
1,77,2012.0,16,13,3,3.0,0,155000.0,27900.0,0,333.0,1,0,0
6,10,2024.0,103,4,3,1.6,1,0.0,20480.0,0,120.0,0,1,0
35,55,2010.0,379,18,0,4.0,0,170000.0,24000.0,0,235.0,0,1,0
14,113,2017.0,174,18,3,2.0,1,121000.0,22800.0,1,154.0,0,1,0
22,80,2017.0,247,13,0,3.0,0,114000.0,95000.0,0,110.0,0,0,0
1,75,2012.0,13,4,3,2.0,0,212000.0,18500.0,1,211.0,1,0,0
11,34,2016.0,133,4,3,1.6,0,135500.0,14400.0,1,110.0,0,1,0
35,95,2024.0,389,4,0,2.8,0,0.0,58000.0,0,204.0,1,0,0
36,63,2025.0,397,4,3,1.0,1,0.0,23192.0,2,101.0,0,0,0
32,60,2005.0,346,18,0,2.9,1,132000.0,9000.0,1,110.0,0,1,0
29,0,2025.0,293,13,3,1.0,1,0.0,20630.0,2,120.0,0,0,0
11,34,2019.0,136,22,3,2.0,1,67000.0,19800.0,0,170.0,0,1,0
35,25,2021.0,370,2,3,2.0,1,82000.0,27920.0,0,170.0,0,0,0
29,0,2025.0,297,4,3,1.0,1,0.0,30800.0,0,120.0,0,0,0
18,23,2022.0,200,18,3,1.3,0,56000.0,36000.0,0,170.0,0,0,0
28,51,2021.0,276,4,3,1.6,1,62000.0,29000.0,1,120.0,1,0,0
5,110,2013.0,92,4,3,1.8,1,108000.0,10950.0,1,140.0,0,1,0
36,107,2011.0,409,2,3,2.0,0,215000.0,18900.0,1,200.0,1,1,0
11,34,2015.0,134,18,3,2.0,0,120000.0,13900.0,0,143.0,0,1,0
25,18,2017.0,258,4,3,2.0,1,63800.0,63000.0,1,367.0,1,0,0
3,117,2019.0,32,13,3,2.0,0,71000.0,37800.0,1,231.0,1,1,0
36,96,2021.0,398,18,3,1.4,1,78000.0,27200.0,0,150.0,0,0,0
31,13,2018.0,318,4,3,2.0,1,97773.0,15000.0,2,110.0,0,1,0
28,130,2022.0,289,13,3,2.5,1,72000.0,35000.0,0,110.0,1,0,0
6,11,2018.0,110,13,3,1.2,0,91000.0,14320.0,1,165.0,0,0,0
29,0,2018.0,293,13,3,1.6,0,70300.0,15120.0,0,120.0,0,1,0
11,34,2013.0,136,4,3,1.6,0,126000.0,10480.0,0,110.0,0,1,0
36,96,2023.0,398,13,3,1.4,1,49000.0,34800.0,0,150.0,0,0,0
11,34,2014.0,130,13,3,2.0,0,135000.0,12000.0,1,143.0,1,1,0
6,10,2025.0,103,22,3,1.0,1,0.0,25688.0,2,120.0,0,0,0
11,34,2007.0,132,22,3,1.6,0,220000.0,6320.0,1,110.0,0,1,0
18,23,2024.0,199,18,3,1.3,1,0.0,33440.0,0,170.0,0,0,0
19,126,2024.0,220,22,3,1.5,1,0.0,35500.0,0,110.0,0,0,0
11,34,2018.0,136,13,3,2.0,1,87028.0,20900.0,0,170.0,0,1,0
25,18,2018.0,261,13,3,3.0,0,80000.0,74000.0,0,367.0,1,0,0
8,50,2013.0,115,18,3,2.4,0,221300.0,13500.0,0,170.0,1,0,0
14,113,2019.0,183,4,3,1.6,0,55000.0,31960.0,0,154.0,0,0,0
11,34,2012.0,134,2,3,1.6,0,129000.0,11300.0,1,110.0,0,1,0
36,63,2025.0,397,13,3,1.0,1,0.0,20640.0,2,101.0,0,0,0
18,82,2018.0,208,18,3,1.8,1,65000.0,21200.0,0,170.0,0,0,0
5,110,2020.0,92,13,3,1.2,0,50000.0,21600.0,0,132.0,1,0,0
18,42,2013.0,204,18,3,3.6,1,156000.0,25000.0,1,286.0,1,0,0
29,0,2019.0,296,4,3,1.6,1,79000.0,18300.0,1,150.0,1,1,0
28,51,2020.0,275,18,3,1.6,1,70000.0,20080.0,0,120.0,0,0,0
31,32,2024.0,329,13,3,1.3,1,0.0,23600.0,2,155.0,1,0,0
5,110,2025.0,91,4,3,1.2,0,0.0,22400.0,2,132.0,1,0,0
29,0,2025.0,297,13,3,1.0,1,0.0,27920.0,2,120.0,0,0,0
31,33,2019.0,332,4,3,1.6,0,75000.0,16000.0,0,110.0,0,1,0
11,34,2019.0,136,2,3,1.5,1,70000.0,17440.0,0,123.0,0,1,0
5,111,2025.0,99,18,0,2.8,1,0.0,48800.0,2,200.0,1,0,0
13,47,2019.0,157,13,3,1.8,1,43000.0,27500.0,0,154.0,0,0,0
36,96,2024.0,398,2,3,1.4,1,5000.0,32000.0,1,150.0,0,0,0
6,11,2020.0,110,13,3,1.6,1,62000.0,17600.0,0,165.0,0,0,0
31,32,2014.0,326,18,3,2.0,0,87000.0,12000.0,0,138.0,0,1,0
11,34,2014.0,134,21,3,1.6,0,161000.0,10800.0,0,110.0,0,1,0
18,82,2025.0,209,4,3,1.3,1,0.0,33440.0,0,170.0,0,0,0
18,23,2019.0,198,4,3,2.4,1,38000.0,30400.0,1,170.0,1,0,0
18,82,2024.0,209,18,3,1.3,1,0.0,30400.0,2,175.0,0,0,0
29,0,2018.0,299,4,3,1.6,1,118000.0,11600.0,0,120.0,0,1,0
31,13,2018.0,318,4,3,2.0,1,68000.0,16400.0,0,110.0,0,1,0
29,1,2017.0,303,13,3,1.6,0,52000.0,28000.0,0,165.0,1,0,0
11,34,2018.0,134,4,3,1.5,0,96000.0,15990.0,2,123.0,0,1,0
29,0,2021.0,296,13,3,1.6,0,51004.0,19120.0,0,150.0,1,1,0
31,32,2013.0,326,13,3,2.0,0,168000.0,12000.0,0,138.0,1,1,0
18,23,2024.0,200,4,3,1.3,1,9500.0,30800.0,1,170.0,0,0,0
5,110,2014.0,92,4,3,1.8,0,150000.0,11000.0,0,140.0,1,0,0
36,97,2024.0,400,2,3,1.0,1,0.0,25600.0,0,110.0,0,1,0
14,113,2017.0,173,13,3,2.0,1,78120.0,20400.0,0,154.0,0,1,0
36,63,2025.0,397,22,3,1.0,1,0.0,25247.0,2,101.0,0,0,0
36,63,2025.0,397,21,3,1.0,1,0.0,24400.0,0,101.0,0,0,0
11,34,2015.0,134,18,3,1.6,0,104000.0,6400.0,0,110.0,0,1,0
28,51,2018.0,275,18,3,1.6,1,86000.0,18400.0,0,120.0,0,0,0
29,0,2025.0,292,4,3,1.0,1,0.0,26320.0,0,120.0,0,1,0
25,19,2019.0,262,4,3,3.0,0,115000.0,119000.0,0,333.0,1,0,0
36,96,2025.0,398,13,3,1.4,1,0.0,33280.0,1,150.0,0,0,0
11,8,2023.0,129,13,3,2.0,1,30000.0,39000.0,1,110.0,1,0,0
1,75,2013.0,13,13,3,2.0,0,150000.0,20500.0,1,225.0,1,1,0
5,35,2020.0,83,22,3,1.5,1,50800.0,29200.0,0,105.0,1,0,0
3,123,2006.0,59,13,0,3.0,0,236000.0,11500.0,0,306.0,1,1,0
10,71,2025.0,125,13,3,1.3,0,0.0,20720.0,0,110.0,0,1,0
18,82,2025.0,208,1,3,1.3,1,0.0,29832.0,2,170.0,0,0,0
18,22,2025.0,195,4,3,1.3,1,0.0,40319.0,2,272.0,0,0,0
3,120,2020.0,43,21,3,2.0,1,35000.0,66900.0,1,252.0,1,1,0
36,96,2024.0,398,13,3,1.4,1,0.0,36200.0,0,150.0,0,0,0
18,23,2018.0,198,18,3,2.4,1,68000.0,23500.0,1,170.0,1,1,0
14,113,2018.0,182,2,3,2.0,1,87028.0,23500.0,1,154.0,0,0,0
1,77,2025.0,16,13,3,3.0,1,0.0,151900.0,2,333.0,1,0,0
35,25,2024.0,369,18,2,1.8,1,0.0,37800.0,1,170.0,0,0,0
1,77,2025.0,16,13,3,3.0,1,0.0,169000.0,0,340.0,1,0,0
25,19,2021.0,262,21,3,3.0,0,61000.0,135000.0,0,367.0,1,0,0
21,90,2015.0,228,4,3,1.6,0,87000.0,13040.0,1,132.0,0,1,0
11,54,2018.0,142,4,3,2.0,1,53000.0,27800.0,1,143.0,1,0,0
6,11,2021.0,110,18,3,1.6,1,57000.0,19200.0,0,165.0,0,0,0
36,108,2025.0,414,21,3,2.0,1,0.0,43992.0,2,150.0,1,0,0
35,25,2021.0,369,2,3,2.0,1,76000.0,30500.0,0,170.0,0,0,0
5,110,2017.0,92,13,3,1.8,1,60000.0,16900.0,0,140.0,0,1,0
35,25,2022.0,369,18,3,2.0,1,18000.0,31920.0,0,170.0,0,0,0
31,32,2018.0,327,22,3,1.6,1,50000.0,14320.0,2,110.0,0,1,0
21,89,2010.0,226,21,3,2.4,0,205000.0,15900.0,0,185.0,1,0,0
35,95,2012.0,391,13,0,3.0,0,170993.0,24000.0,0,171.0,1,1,0
5,110,2021.0,92,13,3,1.2,1,43000.0,23600.0,0,132.0,1,0,0
5,35,2019.0,83,4,3,1.5,1,58582.0,23360.0,0,105.0,1,1,0
18,82,2024.0,212,4,0,2.4,0,0.0,39793.0,2,175.0,1,0,0
29,0,2017.0,299,15,3,1.6,1,66500.0,14000.0,1,120.0,0,1,0
18,116,2010.0,217,18,3,3.8,0,112000.0,48800.0,0,199.0,1,0,1
18,23,2024.0,199,13,3,1.3,1,0.0,25367.0,2,170.0,0,0,0
36,63,2025.0,397,13,3,1.0,1,0.0,27200.0,2,101.0,0,0,0
31,33,2017.0,332,26,3,1.6,0,90000.0,15120.0,0,110.0,0,1,0
6,11,2018.0,110,1,3,1.2,1,49000.0,15500.0,1,165.0,0,0,0
36,96,2021.0,398,4,3,1.4,1,97000.0,26900.0,0,150.0,0,0,0
5,110,2015.0,92,13,3,1.8,1,72171.0,12960.0,2,140.0,1,0,0
3,125,2018.0,60,18,3,3.0,0,87028.0,89000.0,2,306.0,1,0,0
35,81,2017.0,385,13,3,2.5,0,98000.0,28000.0,0,110.0,0,0,0
18,42,2013.0,204,18,3,3.6,1,140000.0,39800.0,0,286.0,1,0,0
5,110,2020.0,95,21,3,1.2,1,120000.0,18000.0,0,132.0,1,1,0
18,23,2020.0,198,4,3,2.4,1,64000.0,30500.0,1,170.0,1,1,0
28,51,2023.0,276,13,3,1.6,0,45000.0,27200.0,0,120.0,1,0,0
29,1,2013.0,301,18,0,2.0,0,125782.0,12400.0,0,165.0,1,0,0
18,23,2017.0,199,4,3,2.4,0,54000.0,26000.0,0,170.0,0,1,0
37,127,2024.0,419,4,1,2.0,1,0.0,77900.0,0,408.0,1,0,0
2,124,2025.0,25,4,3,1.5,1,0.0,36900.0,0,185.0,0,0,0
13,27,2012.0,152,18,3,2.4,1,142000.0,19000.0,1,185.0,1,0,0
1,72,2018.0,5,18,3,1.4,0,77255.0,35360.0,2,150.0,1,0,0
3,117,2013.0,34,18,3,2.0,0,165000.0,17990.0,1,184.0,1,1,0
35,81,2018.0,387,18,3,2.5,1,118500.0,29500.0,1,110.0,1,1,0
5,110,2023.0,95,4,3,1.2,0,23000.0,15120.0,2,132.0,1,0,0
30,14,2013.0,309,13,3,3.6,0,177000.0,35500.0,0,300.0,1,0,0
11,54,2013.0,142,2,3,2.5,0,140000.0,11500.0,1,110.0,1,0,0
36,96,2024.0,398,4,3,1.4,1,1111.0,29947.0,1,150.0,0,0,0
18,42,2009.0,203,2,0,3.0,0,207000.0,13500.0,0,286.0,1,0,0
31,32,2012.0,324,2,3,1.6,0,135000.0,9500.0,0,110.0,0,1,0
36,97,2025.0,400,4,3,1.0,1,0.0,25600.0,2,110.0,0,0,0
35,25,2025.0,369,13,2,1.8,1,0.0,37912.0,0,170.0,0,0,0
29,1,2025.0,302,13,3,1.6,1,0.0,45520.0,2,165.0,1,0,0
1,72,2019.0,5,13,3,1.4,0,102000.0,31990.0,2,150.0,1,0,0
36,96,2025.0,398,3,3,1.4,1,0.0,35600.0,2,150.0,0,0,0
14,113,2018.0,182,13,3,2.0,1,130200.0,21520.0,2,154.0,0,0,0
11,34,2015.0,133,18,3,1.6,0,85200.0,12000.0,0,110.0,0,1,0
29,0,2017.0,293,4,3,1.6,1,103000.0,13200.0,1,120.0,0,1,0
36,63,2025.0,397,8,3,1.0,1,0.0,29520.0,2,101.0,0,0,0
18,82,2025.0,209,18,3,1.3,1,0.0,32800.0,0,170.0,0,0,0
35,46,2018.0,375,18,0,2.8,1,98000.0,42500.0,1,177.0,1,0,0
6,10,2025.0,103,13,3,1.6,1,0.0,19832.0,0,120.0,0,1,0
3,123,2005.0,54,13,3,3.0,0,185000.0,14000.0,1,306.0,1,1,0
36,96,2025.0,398,13,3,1.4,1,0.0,29440.0,0,150.0,0,0,0
35,46,2022.0,375,4,0,2.8,1,56000.0,55000.0,1,177.0,1,0,0
11,34,2018.0,134,21,3,1.5,0,98000.0,15000.0,0,123.0,0,1,0
11,100,2022.0,144,15,3,1.5,0,56000.0,28000.0,1,143.0,0,0,0
28,51,2019.0,277,18,3,1.6,0,63000.0,20500.0,1,120.0,0,1,0
4,101,2013.0,65,13,3,2.0,0,120000.0,10320.0,0,127.0,0,1,0
4,103,2018.0,71,4,3,1.6,1,66000.0,15500.0,1,127.0,1,0,0
16,83,2025.0,189,22,3,1.5,1,0.0,19120.0,0,110.0,0,1,0
36,63,2024.0,397,13,3,1.0,1,1111.0,27600.0,1,116.0,0,0,0
35,25,2024.0,367,4,3,2.0,0,1111.0,38800.0,1,170.0,0,0,0
18,23,2025.0,200,13,3,1.3,1,500.0,37192.0,1,272.0,0,0,0
36,97,2025.0,400,22,3,1.0,1,0.0,23040.0,2,110.0,0,0,0
18,42,1999.0,203,4,3,5.2,0,247000.0,12000.0,1,286.0,1,1,0
10,71,2022.0,126,4,3,1.0,1,24300.0,22000.0,1,110.0,0,0,0
25,17,2018.0,255,4,3,1.6,0,118000.0,32900.0,1,211.0,1,0,0
31,52,2014.0,337,26,3,2.5,0,194000.0,11920.0,0,110.0,0,1,0
35,95,2022.0,393,18,0,2.8,1,40000.0,52000.0,2,177.0,1,0,0
5,110,2015.0,92,18,3,1.8,1,129000.0,14500.0,0,140.0,1,0,0
35,25,2022.0,369,13,3,2.0,1,52000.0,30400.0,0,170.0,0,0,0
4,101,2013.0,65,4,3,2.0,0,141400.0,10000.0,0,127.0,0,1,0
36,63,2025.0,397,13,3,1.0,1,0.0,28120.0,2,101.0,0,0,0
36,96,2023.0,398,4,3,1.4,1,8500.0,37600.0,2,150.0,0,0,0
18,23,2024.0,200,18,3,1.3,1,0.0,35920.0,0,170.0,0,0,0
5,110,2017.0,92,22,3,1.8,1,90000.0,14320.0,0,140.0,1,1,0
31,32,2025.0,325,15,3,1.6,1,0.0,18484.0,2,115.0,1,1,0
35,25,2025.0,369,21,2,1.8,1,0.0,45000.0,0,170.0,0,0,0
36,97,2024.0,400,4,3,1.0,1,1111.0,25680.0,1,110.0,0,0,0
1,75,2018.0,12,13,3,2.0,0,87028.0,37900.0,0,252.0,1,0,0
10,71,2025.0,124,13,3,1.0,1,0.0,23120.0,2,110.0,0,0,0
25,17,2015.0,255,4,3,1.6,0,85000.0,26900.0,0,156.0,1,0,0
35,46,2018.0,375,4,0,2.8,1,140000.0,38000.0,0,177.0,1,0,0
29,0,2025.0,292,2,3,1.0,1,0.0,23920.0,2,120.0,0,1,0
5,110,2025.0,91,18,3,1.2,0,0.0,21360.0,2,132.0,1,0,0
29,0,2019.0,299,13,3,1.6,1,79000.0,19920.0,1,120.0,0,1,0
18,82,2019.0,210,13,3,1.8,0,90000.0,16900.0,0,170.0,0,1,0
35,81,2011.0,382,4,3,2.4,1,144000.0,18500.0,1,257.0,1,0,0
11,34,2005.0,132,21,3,1.6,0,208211.0,6000.0,1,110.0,0,1,0
11,34,2015.0,130,21,3,2.0,0,100400.0,16200.0,1,143.0,1,1,0
3,117,2022.0,34,13,3,2.0,1,34000.0,43000.0,1,192.0,1,1,0
31,33,2018.0,333,13,3,1.6,0,90000.0,18500.0,0,110.0,0,1,0
5,111,2024.0,98,18,0,2.8,0,1000.0,51151.0,0,200.0,1,0,0
29,0,2018.0,293,21,3,1.6,0,112000.0,14320.0,0,120.0,0,1,0
5,110,2025.0,92,13,3,1.2,1,0.0,20720.0,2,132.0,1,0,0
3,117,2023.0,34,21,3,2.0,0,0.0,65900.0,2,192.0,1,1,0
14,86,2018.0,172,13,3,2.4,1,142000.0,20000.0,1,110.0,0,0,0
14,113,2008.0,179,8,3,2.0,0,204000.0,8800.0,0,154.0,0,1,0
28,68,1990.0,283,13,3,3.0,1,260000.0,8900.0,1,123.0,1,1,0
31,32,2016.0,327,18,3,1.6,1,150000.0,15000.0,0,110.0,0,1,0
3,117,2024.0,31,13,1,2.0,0,0.0,89900.0,2,204.0,1,1,0
6,11,2024.0,106,4,3,1.6,1,0.0,22800.0,1,165.0,0,0,0
21,92,2017.0,231,2,3,2.0,1,88300.0,22500.0,0,154.0,0,0,0
14,26,2024.0,164,2,3,1.6,1,0.0,29000.0,0,115.0,0,0,0
36,63,2021.0,397,4,3,1.0,1,92400.0,21520.0,0,101.0,0,0,0
3,120,2025.0,47,22,3,3.0,0,1000.0,148000.0,0,398.0,1,1,0
11,34,2012.0,132,13,3,1.6,0,177000.0,8800.0,0,110.0,0,1,0
31,32,2013.0,322,13,3,1.6,0,172000.0,10400.0,1,110.0,0,1,0
6,11,2020.0,106,21,3,1.6,0,97000.0,15920.0,2,165.0,0,1,0
36,107,2016.0,407,4,3,2.0,0,71200.0,22080.0,0,200.0,1,1,0
11,34,2018.0,134,22,3,1.5,0,86000.0,15120.0,0,123.0,0,1,0
11,100,2020.0,144,15,3,1.5,0,76924.0,28800.0,0,85.0,1,0,0
18,23,2024.0,200,4,3,1.3,1,0.0,31853.0,2,170.0,0,0,0
22,36,2013.0,239,4,3,2.0,1,130000.0,32500.0,1,240.0,0,0,0
10,71,2024.0,125,18,3,1.3,1,0.0,28000.0,2,110.0,0,0,0
36,107,2019.0,409,4,3,2.0,0,87000.0,38000.0,1,200.0,1,0,0
5,111,2014.0,98,18,0,2.8,0,135000.0,17999.0,1,180.0,1,0,0
28,51,2018.0,275,18,3,1.6,1,85000.0,18000.0,0,120.0,0,0,0
36,96,2024.0,398,4,3,1.4,1,0.0,30800.0,0,150.0,0,0,0
11,34,2018.0,136,2,3,1.5,1,125000.0,15200.0,1,123.0,0,1,0
6,11,2018.0,110,4,3,1.2,0,70000.0,18000.0,0,165.0,0,0,0
4,101,2013.0,65,22,3,2.0,0,139800.0,10500.0,1,138.0,0,1,0
13,27,2011.0,154,13,3,2.4,0,170000.0,14320.0,0,185.0,0,0,0
34,115,2005.0,361,13,0,2.0,0,310000.0,10000.0,1,120.0,1,1,0
36,63,2025.0,397,13,3,1.0,1,0.0,27920.0,2,101.0,0,0,0
5,110,2019.0,92,13,3,1.8,1,90000.0,17360.0,2,140.0,1,1,0
29,0,2017.0,299,13,3,1.6,1,124000.0,12680.0,1,120.0,0,1,0
29,0,2022.0,296,18,3,1.6,1,38000.0,17000.0,0,150.0,1,1,0
36,96,2024.0,398,21,3,1.4,1,0.0,36000.0,0,150.0,0,0,0
11,54,2020.0,141,4,2,2.0,0,70796.0,33000.0,0,143.0,1,0,0
35,46,2013.0,374,21,0,3.0,1,140000.0,28000.0,1,171.0,1,0,0
31,32,2012.0,327,13,3,1.6,0,121500.0,10320.0,0,110.0,0,1,0
11,34,2016.0,136,4,3,2.0,0,99999.0,8800.0,1,143.0,0,1,0
11,34,2015.0,136,4,3,1.6,0,72000.0,12640.0,0,110.0,0,1,0
18,82,2018.0,210,18,3,1.8,1,76000.0,17200.0,2,170.0,0,1,0
6,10,2024.0,103,4,3,1.6,1,0.0,21768.0,0,120.0,0,1,0
11,34,2019.0,133,21,3,1.5,0,72000.0,16500.0,1,123.0,0,1,0
18,23,2024.0,200,18,3,1.3,1,0.0,36400.0,2,170.0,0,0,0
6,11,2021.0,110,13,3,1.6,1,28600.0,18000.0,1,165.0,0,0,0
4,102,2019.0,69,2,3,1.5,0,79000.0,15200.0,0,127.0,1,1,0
31,32,2014.0,326,13,3,2.0,0,135000.0,10640.0,1,138.0,1,1,0
36,107,2013.0,409,21,3,2.0,0,168000.0,16500.0,0,200.0,1,1,0
3,88,2017.0,27,2,3,3.0,1,98000.0,52500.0,0,326.0,0,0,1
8,50,2013.0,114,21,3,2.4,0,103000.0,15900.0,0,170.0,1,0,0
2,124,2025.0,25,4,3,1.5,1,0.0,37900.0,0,185.0,0,0,0
31,32,2015.0,327,22,3,1.6,1,142000.0,14400.0,0,110.0,0,1,0
35,55,2017.0,380,13,3,4.5,0,98000.0,110000.0,1,265.0,0,0,0
28,51,2021.0,276,13,3,1.6,1,54316.0,24400.0,2,120.0,1,0,0
31,33,2018.0,332,13,3,1.6,0,107000.0,14000.0,0,110.0,0,1,0
5,111,2021.0,98,13,0,2.8,0,92000.0,36000.0,1,200.0,1,0,0
6,11,2024.0,110,13,0,1.6,1,7000.0,23760.0,0,165.0,0,0,0
29,0,2016.0,299,13,3,1.6,0,90000.0,14500.0,0,120.0,0,1,0
10,71,2025.0,125,22,3,1.3,0,0.0,28674.0,0,110.0,0,0,0
21,92,2020.0,231,21,0,2.0,1,53500.0,39000.0,1,154.0,1,0,0
18,22,2022.0,195,13,0,2.0,0,45000.0,36800.0,1,272.0,1,0,0
18,23,2019.0,197,18,3,2.4,1,88000.0,23000.0,1,170.0,1,1,0
11,34,2012.0,132,4,3,2.0,0,160000.0,10600.0,0,143.0,0,1,0
6,11,2018.0,110,18,3,1.6,0,64000.0,15999.0,0,165.0,0,0,0
5,110,2017.0,92,4,3,1.8,1,98000.0,18392.0,0,140.0,1,0,0
3,117,2022.0,34,4,3,2.0,0,27965.0,39024.0,2,192.0,1,1,0
31,52,2010.0,336,18,3,2.5,0,152000.0,10800.0,1,110.0,1,0,0
28,51,2018.0,275,13,3,1.6,1,67000.0,17600.0,0,120.0,0,1,0
31,32,2016.0,327,15,3,2.0,1,98700.0,15600.0,1,143.0,1,1,0
3,117,2019.0,34,13,3,2.0,1,112000.0,32500.0,1,192.0,1,1,0
18,116,2008.0,217,18,3,3.8,0,193000.0,39000.0,0,199.0,1,1,1
18,23,2020.0,198,21,3,2.4,1,37799.0,36990.0,0,170.0,1,1,0
5,110,2024.0,91,2,3,1.2,1,0.0,24800.0,0,132.0,1,0,0
11,34,2018.0,134,4,3,1.5,0,59000.0,17480.0,1,123.0,0,1,0
21,89,2009.0,226,18,0,2.5,0,163000.0,10000.0,1,170.0,1,0,0
31,32,2016.0,327,4,3,1.6,0,109000.0,12400.0,0,110.0,0,1,0
36,96,2025.0,398,13,3,1.4,1,0.0,35360.0,2,150.0,0,0,0
28,51,2025.0,276,22,3,1.6,1,0.0,28440.0,0,120.0,1,0,0
35,81,2014.0,387,13,3,2.5,0,165500.0,22500.0,1,110.0,1,0,0
11,34,2018.0,130,4,3,1.5,1,90000.0,16800.0,0,123.0,0,1,0
8,50,2012.0,115,18,3,2.4,0,160000.0,12500.0,1,170.0,1,0,0
5,110,2024.0,92,18,3,1.2,1,6000.0,28000.0,1,132.0,1,0,0
31,52,2024.0,335,13,3,2.5,1,4900.0,39920.0,0,257.0,1,0,0
18,23,2025.0,199,13,3,1.3,1,1000.0,1600.0,1,170.0,0,0,0
29,0,2020.0,296,13,3,1.6,0,61000.0,18800.0,0,150.0,1,1,0
5,110,2025.0,92,4,3,1.2,1,0.0,24800.0,2,132.0,1,0,0
36,109,2012.0,416,21,3,3.0,0,155000.0,32000.0,1,240.0,0,0,0
11,34,2014.0,134,4,3,1.6,0,99000.0,11920.0,1,110.0,0,1,0
31,32,2015.0,327,15,3,1.6,1,156000.0,12720.0,0,110.0,0,1,0
31,52,2010.0,339,18,3,2.5,0,170000.0,9600.0,1,138.0,1,1,0
5,110,2015.0,92,4,3,1.8,1,120000.0,12500.0,1,140.0,0,1,0
5,110,2015.0,92,4,3,1.8,1,105000.0,14320.0,1,140.0,1,0,0
29,0,2022.0,296,21,3,1.6,1,77000.0,16960.0,2,150.0,1,1,0
11,8,2021.0,129,4,3,1.5,1,52000.0,32500.0,1,110.0,1,0,0
28,51,2025.0,276,18,3,1.6,1,0.0,29520.0,2,120.0,1,0,0
6,10,2025.0,103,13,3,1.6,1,0.0,19810.0,2,120.0,0,1,0
36,97,2025.0,400,4,3,1.0,1,0.0,31992.0,2,110.0,0,0,0
11,54,2011.0,142,2,3,2.5,0,144000.0,12990.0,2,123.0,1,0,0
8,50,2011.0,113,13,3,2.7,0,200000.0,11500.0,1,170.0,1,0,0
36,63,2025.0,397,2,3,1.0,1,0.0,27760.0,2,101.0,0,0,0
30,56,2017.0,313,18,3,3.0,1,85000.0,86000.0,0,340.0,0,1,0
28,51,2021.0,277,21,3,1.6,0,75000.0,20400.0,0,120.0,0,1,0
35,25,2024.0,371,4,3,2.0,1,0.0,32720.0,0,170.0,0,0,0
36,96,2024.0,398,3,3,1.4,1,0.0,29600.0,0,150.0,0,0,0
3,120,2019.0,43,13,3,2.0,1,83000.0,54999.0,2,252.0,1,1,0
13,27,2008.0,154,13,3,2.4,0,289000.0,11000.0,0,185.0,0,0,0
3,125,2012.0,60,4,3,3.0,0,160000.0,38900.0,1,306.0,1,0,0
21,92,2017.0,231,22,0,2.0,1,117900.0,24500.0,1,154.0,0,1,0
8,50,2013.0,115,17,3,2.4,0,145000.0,13800.0,1,170.0,1,0,0
18,23,2019.0,197,21,3,2.4,1,86000.0,28500.0,1,170.0,1,1,0
14,113,2011.0,178,13,3,2.0,0,118000.0,13800.0,0,154.0,1,1,0
5,110,2018.0,92,13,3,1.8,1,106000.0,16000.0,1,140.0,1,1,0
10,4,2018.0,122,13,3,1.4,1,60000.0,9840.0,0,110.0,0,1,0
28,51,2017.0,276,13,3,1.6,1,98000.0,19680.0,1,120.0,1,0,0
35,46,2010.0,374,18,0,3.0,0,261000.0,25000.0,1,171.0,1,1,0
25,18,2018.0,258,13,3,2.0,1,64425.0,55000.0,0,367.0,1,0,0
28,51,2025.0,276,4,3,1.6,1,0.0,28240.0,0,120.0,1,0,0
14,113,2016.0,178,2,3,2.0,1,115000.0,21520.0,0,154.0,1,0,0
10,71,2025.0,126,4,3,1.0,0,0.0,10800.0,0,110.0,0,0,0
5,110,2024.0,95,13,3,1.2,1,0.0,21039.0,2,132.0,1,0,0
11,34,2017.0,134,21,3,1.6,0,91000.0,14800.0,0,110.0,0,1,0
36,97,2020.0,403,15,3,1.6,1,78960.0,18384.0,0,110.0,0,1,0
18,23,2021.0,199,18,3,2.4,1,53900.0,22240.0,1,170.0,0,1,0
31,32,2017.0,327,4,3,1.6,1,110000.0,13600.0,0,110.0,0,1,0
35,25,2024.0,367,4,3,2.0,0,0.0,40720.0,1,170.0,0,0,0
35,25,2025.0,369,4,2,1.8,1,0.0,37112.0,0,170.0,0,0,0
6,10,2024.0,103,22,3,1.0,1,0.0,25680.0,2,120.0,0,0,0
36,63,2024.0,397,22,3,1.0,1,1111.0,21996.0,1,116.0,0,0,0
35,25,2024.0,369,13,2,1.8,1,0.0,38080.0,0,170.0,0,0,0
13,27,2011.0,154,18,3,2.4,0,210000.0,12000.0,1,185.0,0,0,0
11,34,2015.0,136,5,3,2.0,1,94600.0,13600.0,1,143.0,0,1,0
14,113,2011.0,178,21,3,2.0,0,150000.0,13900.0,0,154.0,1,1,0
18,23,2018.0,198,18,3,2.4,1,89000.0,22800.0,0,170.0,1,1,0
29,0,2019.0,296,1,3,1.6,1,62529.0,16800.0,0,150.0,1,0,0
11,34,2011.0,132,5,3,1.6,0,100000.0,9200.0,0,110.0,0,1,0
16,83,2024.0,189,4,3,1.5,0,0.0,19900.0,0,110.0,0,1,0
31,32,2018.0,327,21,3,1.6,1,49900.0,16400.0,2,110.0,0,1,0
11,54,2013.0,142,18,3,1.6,0,123000.0,15300.0,0,180.0,1,0,0
5,110,2025.0,95,13,3,1.2,0,0.0,21160.0,2,132.0,1,0,0
36,63,2024.0,397,13,3,1.0,1,1111.0,24000.0,1,116.0,0,1,0
5,91,2024.0,90,2,3,1.8,1,1000.0,27200.0,2,105.0,1,0,0
36,97,2025.0,400,13,3,1.0,1,1111.0,31000.0,0,110.0,0,0,0
21,90,2015.0,228,2,3,1.6,0,110000.0,14500.0,1,132.0,0,0,0
31,32,2013.0,322,22,3,1.6,0,160000.0,10800.0,1,110.0,0,1,0
29,1,2020.0,303,4,3,1.6,1,109000.0,30000.0,1,165.0,1,0,0
13,27,2000.0,155,4,3,2.0,0,211000.0,8400.0,0,148.0,1,1,0
2,121,2025.0,21,2,3,1.5,1,0.0,26200.0,2,148.0,1,0,0
28,51,2020.0,275,22,3,1.6,1,80200.0,21240.0,2,120.0,0,0,0
36,63,2024.0,397,13,3,1.0,1,0.0,23040.0,2,116.0,0,0,0
5,110,2025.0,95,13,3,1.2,0,0.0,21360.0,2,132.0,1,0,0
6,10,2025.0,103,13,3,1.0,1,0.0,24417.0,2,120.0,0,0,0
5,35,2019.0,82,4,3,1.5,0,50000.0,22400.0,0,105.0,0,0,0
11,34,2013.0,136,22,3,1.6,0,98000.0,11120.0,0,110.0,0,1,0
18,23,2025.0,200,13,3,1.3,1,0.0,36696.0,2,272.0,0,0,0
18,23,2020.0,200,13,3,2.4,0,58000.0,34000.0,1,170.0,0,0,0
29,0,2017.0,293,4,3,1.6,1,73320.0,12800.0,1,120.0,0,1,0
10,71,2025.0,124,13,3,1.0,1,0.0,22891.0,2,110.0,0,0,0
29,0,2018.0,299,4,3,1.6,1,58000.0,15120.0,0,120.0,0,1,0
36,96,2025.0,398,18,3,1.4,1,0.0,29800.0,0,150.0,0,0,0
29,0,2019.0,293,13,3,1.6,0,45000.0,16000.0,1,120.0,0,1,0
11,34,2018.0,136,4,3,2.0,1,60000.0,18500.0,1,170.0,0,1,0
36,97,2025.0,400,13,3,1.0,1,0.0,31192.0,2,110.0,0,0,0
13,47,2025.0,157,4,3,1.5,0,0.0,36800.0,0,121.0,0,0,0
29,0,2022.0,296,4,3,1.6,1,37000.0,18000.0,1,150.0,1,1,0
0,94,2024.0,3,4,3,2.0,0,0.0,86000.0,0,280.0,0,0,0
36,97,2025.0,400,13,3,1.0,1,0.0,24960.0,0,110.0,0,0,0
13,27,2017.0,154,4,3,2.4,1,165000.0,24000.0,1,175.0,0,0,0
28,51,2025.0,276,2,3,1.6,1,0.0,29920.0,2,120.0,1,0,0
5,110,2025.0,94,13,3,1.2,1,0.0,20720.0,2,132.0,1,0,0
11,34,2017.0,134,5,3,1.6,0,150000.0,13200.0,0,110.0,0,1,0
29,0,2025.0,297,4,3,1.0,1,0.0,30296.0,2,120.0,0,0,0
31,32,2012.0,326,13,3,2.0,0,116600.0,10560.0,1,138.0,0,1,0
35,46,2023.0,375,18,0,2.8,1,20000.0,52000.0,1,177.0,1,0,0
18,23,2018.0,197,13,0,2.4,0,138000.0,23120.0,2,170.0,1,1,0
5,110,2024.0,92,4,3,1.2,0,1000.0,26240.0,2,132.0,1,0,0
28,51,2021.0,277,13,3,1.6,0,64000.0,19600.0,0,120.0,0,1,0
28,51,2025.0,276,4,3,1.6,1,0.0,28240.0,0,120.0,1,0,0
36,96,2021.0,398,4,3,1.4,1,24000.0,31800.0,0,150.0,0,0,0
29,0,2016.0,299,29,3,1.6,0,100000.0,12500.0,0,120.0,0,1,0
28,51,2020.0,277,18,3,1.6,0,30000.0,21000.0,1,120.0,0,1,0
36,97,2025.0,400,13,3,1.0,1,0.0,26480.0,2,110.0,0,0,0
28,51,2021.0,276,4,3,1.6,1,62000.0,24000.0,0,120.0,1,0,0
18,23,2025.0,201,13,3,2.0,0,0.0,45440.0,2,272.0,1,0,0
18,23,2024.0,200,13,3,1.3,1,7300.0,39800.0,0,170.0,0,0,0
11,34,2014.0,133,4,3,1.6,0,161400.0,11192.0,0,110.0,0,1,0
6,10,2024.0,103,13,3,1.0,1,0.0,23200.0,0,120.0,0,0,0
11,34,2019.0,136,21,3,1.5,1,70000.0,17592.0,0,123.0,0,1,0
30,14,2017.0,309,18,3,3.6,0,74000.0,97000.0,0,420.0,1,0,0
11,34,2014.0,136,4,3,1.6,0,145000.0,10000.0,0,110.0,0,1,0
18,23,2025.0,200,21,3,1.3,1,0.0,35992.0,2,272.0,0,0,0
31,32,2017.0,327,13,3,2.0,1,95000.0,15800.0,0,143.0,0,1,0
3,117,2013.0,29,2,3,2.0,0,113000.0,20500.0,1,184.0,1,1,0
5,110,2019.0,92,13,3,1.8,0,45000.0,18800.0,1,140.0,1,1,0
5,111,2025.0,96,2,0,2.8,0,0.0,51040.0,2,200.0,1,0,0
25,17,2017.0,255,13,3,1.6,0,98000.0,45000.0,0,211.0,1,0,0
11,34,2020.0,136,2,3,2.0,1,38000.0,20499.0,1,170.0,0,1,0
36,97,2025.0,400,22,3,1.0,0,0.0,32160.0,0,110.0,0,0,0
29,0,2017.0,296,4,3,1.6,1,98000.0,14320.0,2,150.0,1,1,0
36,97,2024.0,400,13,3,1.0,1,10000.0,8000.0,0,110.0,0,1,0
36,108,2018.0,414,15,3,2.0,0,54000.0,29000.0,0,150.0,1,0,0
5,110,2025.0,95,2,3,1.2,0,0.0,21600.0,2,132.0,1,0,0
18,116,2011.0,217,22,3,3.8,0,160000.0,36000.0,1,199.0,1,1,1
5,110,2015.0,92,13,3,1.8,1,105900.0,14392.0,0,140.0,1,0,0
11,8,2022.0,129,13,3,2.0,0,56800.0,36400.0,1,110.0,1,0,0
35,95,2021.0,393,13,0,2.8,1,57000.0,46400.0,2,204.0,1,0,0
14,26,2017.0,163,2,3,1.6,0,113000.0,16300.0,0,115.0,0,0,0
37,128,2020.0,421,13,3,2.0,0,120000.0,51900.0,0,240.0,1,0,0
11,54,2020.0,142,13,2,2.5,1,37000.0,36400.0,0,123.0,1,0,0
36,96,2022.0,398,13,3,1.4,1,37000.0,31900.0,0,150.0,0,0,0
5,110,2017.0,92,13,3,1.8,1,64000.0,15200.0,1,140.0,1,0,0
35,46,2001.0,372,3,0,3.0,0,246000.0,15600.0,1,171.0,1,1,0
36,63,2025.0,397,4,3,1.0,1,0.0,27600.0,2,101.0,0,0,0
11,34,2012.0,132,13,3,1.6,0,158000.0,8400.0,0,110.0,0,1,0
10,71,2022.0,125,4,3,1.3,1,12000.0,20800.0,0,110.0,0,1,0
3,117,2013.0,34,4,3,2.0,0,129000.0,20899.0,1,184.0,1,1,0
28,130,2019.0,289,13,3,2.5,1,50200.0,29900.0,0,110.0,1,0,0
14,113,2017.0,180,18,3,2.0,1,110000.0,23800.0,1,154.0,0,0,0
13,47,2018.0,157,13,3,1.8,1,96000.0,19200.0,0,154.0,0,0,0
21,90,2010.0,229,18,3,1.6,0,175000.0,10900.0,1,132.0,0,1,0
3,120,2023.0,42,18,2,2.0,1,16000.0,89900.0,0,184.0,1,1,0
28,51,2018.0,276,18,3,1.6,1,87028.0,20632.0,0,120.0,1,0,0
11,34,2018.0,136,18,3,1.5,1,73000.0,18990.0,0,123.0,0,1,0
35,95,2025.0,393,4,0,2.8,1,0.0,57840.0,0,204.0,1,0,0
31,32,2016.0,327,15,3,2.0,1,149000.0,13192.0,0,143.0,0,1,0
14,86,2016.0,172,13,3,2.4,0,82000.0,29900.0,0,110.0,0,1,0
6,11,2017.0,110,29,3,1.2,0,78523.0,14320.0,0,165.0,0,0,0
36,96,2024.0,398,4,3,1.4,1,0.0,36720.0,0,150.0,0,0,0
5,110,2017.0,92,13,3,1.8,1,78000.0,16000.0,1,140.0,1,0,0
28,51,2020.0,276,13,3,1.6,0,35769.0,22400.0,0,120.0,1,0,0
1,72,2018.0,5,13,3,1.4,0,90000.0,30000.0,0,150.0,1,0,0
3,122,2016.0,53,4,3,3.0,1,73000.0,55000.0,2,306.0,1,0,0
5,110,2015.0,92,22,3,1.8,1,113500.0,12720.0,1,140.0,1,0,0
31,32,2015.0,327,13,3,2.0,1,143400.0,13280.0,0,143.0,1,1,0
36,96,2024.0,398,13,3,1.4,1,4871.0,39600.0,1,150.0,0,0,0
11,34,2010.0,132,21,3,1.6,0,110000.0,8500.0,0,110.0,0,1,0
36,107,2014.0,409,5,3,2.0,0,170000.0,18000.0,0,200.0,1,0,0
5,110,2025.0,92,13,3,1.2,1,0.0,26400.0,2,132.0,1,0,0
3,117,2012.0,29,18,3,2.0,1,155600.0,20000.0,1,184.0,1,1,0
10,71,2022.0,126,4,3,1.0,1,45000.0,21840.0,2,110.0,0,0,0
28,130,2023.0,289,21,2,2.5,0,19500.0,51200.0,0,110.0,1,0,0
36,96,2025.0,398,3,3,1.4,1,0.0,35120.0,2,150.0,0,0,0
28,51,2025.0,276,22,3,1.6,1,0.0,29704.0,2,120.0,1,0,0
13,47,2017.0,157,4,3,1.8,1,130000.0,20900.0,1,154.0,0,0,0
4,101,2016.0,65,13,3,1.6,0,110000.0,12000.0,0,125.0,0,1,0
36,97,2025.0,403,5,3,1.6,0,0.0,24400.0,0,110.0,0,1,0
36,63,2020.0,397,13,3,1.0,0,58000.0,22000.0,1,101.0,0,0,0
5,110,2024.0,92,2,3,1.2,0,9000.0,28400.0,0,132.0,1,0,0
13,47,2019.0,157,2,3,1.8,1,117000.0,22500.0,0,154.0,0,0,0
8,50,2012.0,115,18,3,2.4,1,200000.0,10800.0,0,170.0,1,0,0
31,32,2018.0,327,4,3,2.0,1,120000.0,15600.0,0,143.0,0,1,0
31,32,2017.0,327,22,3,1.6,1,81000.0,16560.0,0,110.0,0,1,0
11,34,2017.0,136,22,3,1.6,1,129000.0,15120.0,1,110.0,0,1,0
28,51,2021.0,276,13,3,1.6,1,54316.0,24400.0,2,120.0,1,0,0
5,110,2016.0,92,22,3,1.8,1,111354.0,15040.0,2,140.0,1,0,0
31,32,2018.0,327,13,3,1.6,1,70000.0,17990.0,0,110.0,0,1,0
31,32,2013.0,326,4,3,2.0,0,83953.0,14000.0,1,138.0,1,1,0
36,96,2021.0,398,15,3,1.4,1,21000.0,29200.0,1,150.0,0,0,0
3,117,2017.0,34,13,3,2.0,1,98000.0,33500.0,0,192.0,1,1,0
3,117,2012.0,29,18,3,2.0,1,155600.0,20000.0,1,184.0,1,1,0
35,25,2021.0,369,4,2,1.8,1,53000.0,34000.0,1,170.0,0,0,0
36,63,2025.0,397,8,3,1.0,1,0.0,27992.0,2,101.0,0,0,0
5,110,2017.0,92,21,3,1.8,1,114000.0,13600.0,2,140.0,0,1,0
21,92,2016.0,231,4,3,2.0,0,125284.0,20800.0,2,154.0,1,1,0
28,51,2025.0,276,4,3,1.6,1,0.0,29600.0,0,120.0,1,0,0
21,87,2023.0,223,4,3,1.6,0,24100.0,27200.0,0,132.0,0,0,0
11,34,2018.0,134,13,3,1.5,0,87028.0,15600.0,0,123.0,0,1,0
11,34,2015.0,136,4,3,1.6,0,88000.0,13500.0,1,110.0,0,1,0
28,51,2025.0,275,22,3,1.6,0,0.0,25200.0,2,120.0,0,0,0
21,92,2017.0,231,4,3,2.0,1,70606.0,21200.0,1,154.0,0,1,0
35,46,2017.0,375,4,0,2.8,1,92000.0,36923.0,1,177.0,1,0,0
28,51,2021.0,275,18,3,1.6,1,66000.0,21900.0,2,120.0,0,1,0
36,97,2024.0,400,18,3,1.0,1,0.0,25200.0,2,110.0,0,0,0
28,51,2024.0,276,13,3,1.6,1,8000.0,29600.0,0,120.0,1,0,0
5,110,2021.0,95,4,3,1.2,1,39000.0,22800.0,0,132.0,1,0,0
5,110,2025.0,95,2,3,1.2,0,0.0,21600.0,2,132.0,1,0,0
29,1,2018.0,303,4,3,1.6,1,105000.0,23200.0,2,165.0,1,0,0
36,63,2024.0,397,4,3,1.0,1,0.0,26400.0,2,116.0,0,0,0
6,11,2018.0,110,4,3,1.2,1,87028.0,14800.0,1,165.0,0,0,0
18,23,2024.0,200,4,3,1.3,1,7800.0,33592.0,0,170.0,0,0,0
31,32,2012.0,322,13,3,1.6,0,155000.0,10800.0,1,110.0,0,1,0
11,34,2018.0,136,4,3,2.0,1,55343.0,19360.0,2,170.0,0,1,0
11,34,2017.0,133,4,3,1.6,0,144000.0,16500.0,0,110.0,0,1,0
18,82,2025.0,212,4,3,1.3,1,0.0,36800.0,0,170.0,1,0,0
13,27,2024.0,152,13,3,2.4,1,0.0,59875.0,0,190.0,0,0,0
35,25,2024.0,369,4,3,2.0,1,3185.0,38500.0,1,170.0,0,0,0
35,25,2025.0,365,18,2,1.8,1,0.0,33701.0,0,170.0,0,0,0
11,34,2017.0,134,21,3,1.5,0,86000.0,14320.0,1,123.0,0,1,0
11,34,2016.0,133,13,3,1.6,0,129081.0,12000.0,2,110.0,0,1,0
18,82,2024.0,210,18,3,1.8,1,0.0,21431.0,2,175.0,0,0,0
18,82,2018.0,210,4,3,1.8,1,65600.0,21300.0,1,170.0,0,0,0
5,110,2018.0,92,13,3,1.8,1,58000.0,19840.0,0,140.0,1,1,0
11,54,2018.0,141,13,3,2.0,0,103000.0,23000.0,1,143.0,1,0,0
29,0,2024.0,300,4,3,1.0,1,0.0,24800.0,0,120.0,1,0,0
34,44,2004.0,348,13,3,2.0,0,247000.0,12000.0,1,200.0,1,1,0
8,50,2016.0,115,18,3,2.4,0,89000.0,25000.0,0,170.0,1,0,0
28,51,2019.0,275,4,3,1.6,1,96000.0,17700.0,1,120.0,0,1,0
31,32,2025.0,325,13,3,1.6,1,0.0,22400.0,0,115.0,1,1,0
31,13,2018.0,320,4,3,2.0,0,62922.0,16400.0,0,110.0,0,1,0
6,11,2020.0,110,4,3,1.6,1,70796.0,20900.0,1,165.0,0,0,0
14,113,2013.0,178,3,3,2.0,0,160000.0,17000.0,1,154.0,0,0,0
36,63,2024.0,397,13,3,1.0,1,4500.0,22800.0,1,116.0,0,1,0
28,51,2020.0,276,13,3,1.6,0,35769.0,22400.0,0,120.0,1,0,0
35,25,2024.0,369,13,3,2.0,0,8000.0,36900.0,0,170.0,0,0,0
35,81,2010.0,382,18,3,2.4,0,152000.0,16000.0,1,257.0,1,0,0
11,34,2012.0,132,22,3,2.0,0,128000.0,10240.0,1,143.0,1,1,0
18,69,2012.0,207,18,3,2.0,0,220000.0,13000.0,0,156.0,0,1,0
29,1,2019.0,303,13,0,2.0,1,75000.0,34500.0,0,165.0,1,0,0
36,96,2025.0,398,13,3,1.4,1,0.0,32000.0,0,150.0,0,0,0
29,0,2017.0,296,13,3,1.6,1,129000.0,12720.0,1,150.0,1,1,0
28,129,2008.0,285,18,0,2.8,0,260000.0,9000.0,0,123.0,1,1,0
11,34,2017.0,134,22,3,1.6,0,116000.0,12960.0,0,110.0,0,1,0
36,96,2025.0,398,4,3,1.4,1,0.0,29520.0,2,150.0,0,0,0
13,27,2017.0,154,5,3,2.4,1,98000.0,35000.0,1,175.0,0,0,0
31,32,2017.0,323,21,3,2.0,0,48200.0,15200.0,1,143.0,0,1,0
13,47,2016.0,157,4,3,1.8,1,99000.0,15680.0,0,132.0,0,0,0
31,32,2017.0,327,4,3,2.0,1,75000.0,18000.0,0,143.0,0,1,0
8,50,2011.0,113,13,3,2.7,0,189000.0,12500.0,0,170.0,1,0,0
18,23,2021.0,198,18,3,2.4,1,38000.0,26800.0,1,170.0,1,1,0
18,82,2019.0,210,22,3,1.8,0,68000.0,18000.0,2,170.0,0,1,0
4,101,2016.0,65,13,3,1.6,0,159000.0,10080.0,0,125.0,0,1,0
1,74,2020.0,9,13,3,1.4,1,95000.0,41500.0,2,150.0,1,0,0
18,82,2019.0,210,26,3,1.8,0,86000.0,20800.0,0,170.0,0,0,0
29,0,2017.0,296,4,3,1.6,1,119000.0,13900.0,0,150.0,1,1,0
28,51,2018.0,276,22,3,1.6,1,105000.0,19600.0,1,120.0,1,0,0
14,113,2018.0,182,13,3,2.0,1,110000.0,23800.0,0,154.0,0,0,0
18,23,2024.0,199,18,3,1.3,1,0.0,33360.0,0,170.0,0,0,0
31,13,2018.0,319,4,3,1.6,0,110000.0,14720.0,0,110.0,1,1,0
3,117,2023.0,34,18,3,2.0,0,0.0,62900.0,2,192.0,1,1,0
28,51,2020.0,275,13,3,1.6,1,67000.0,19840.0,0,120.0,0,0,0
18,23,2020.0,199,4,3,2.4,1,76000.0,23499.0,0,170.0,0,1,0
18,82,2025.0,208,13,3,1.3,1,0.0,30296.0,2,170.0,0,0,0
34,115,1993.0,362,26,3,1.6,0,190000.0,8500.0,1,120.0,1,1,1
5,110,2024.0,92,13,3,1.2,0,0.0,24800.0,0,132.0,1,0,0
2,124,2025.0,25,4,3,1.5,1,0.0,37900.0,0,185.0,0,0,0
36,97,2025.0,400,13,3,1.0,1,0.0,22100.0,0,110.0,0,0,0
29,0,2017.0,293,4,3,1.6,0,98500.0,15000.0,1,120.0,0,1,0
25,21,2008.0,265,18,3,3.5,0,173000.0,20900.0,1,110.0,1,0,0
11,34,2015.0,136,13,3,2.0,0,65000.0,12720.0,0,143.0,0,1,0
36,96,2025.0,398,18,3,1.4,1,0.0,33600.0,2,150.0,0,0,0
28,51,2023.0,276,4,3,1.6,0,19500.0,27920.0,0,120.0,1,0,0
11,34,2019.0,130,4,3,1.5,0,50702.0,16400.0,0,123.0,0,1,0
6,11,2021.0,106,13,3,1.6,0,66000.0,21500.0,0,165.0,0,1,0
36,96,2022.0,398,2,3,1.4,1,13000.0,32800.0,1,150.0,0,0,0
11,100,2024.0,144,18,3,1.8,1,3200.0,37600.0,0,85.0,1,0,0
14,113,2015.0,178,13,3,2.0,0,94275.0,15600.0,2,154.0,0,1,0
31,52,2011.0,336,4,3,2.5,0,130000.0,11500.0,1,110.0,1,1,0
35,81,2012.0,382,22,3,2.4,0,190000.0,14500.0,1,257.0,0,0,0
36,107,2019.0,409,2,3,2.0,1,127000.0,35500.0,1,200.0,1,0,0
31,32,2025.0,329,4,3,1.3,1,0.0,42672.0,2,155.0,1,0,0
18,23,2022.0,200,13,3,1.3,0,69800.0,31500.0,1,170.0,0,0,0
6,11,2017.0,110,18,3,1.2,0,77000.0,14600.0,0,165.0,0,0,0
29,0,2018.0,299,13,3,1.6,1,88700.0,15200.0,0,120.0,0,1,0
18,23,2024.0,200,21,3,1.3,1,0.0,29920.0,2,170.0,0,0,0
18,15,2003.0,194,18,0,2.8,0,159000.0,11800.0,0,170.0,1,0,0
10,71,2025.0,125,4,3,1.3,0,0.0,26400.0,2,110.0,0,0,0
1,77,2012.0,16,18,3,3.0,0,155000.0,29900.0,0,333.0,1,0,0
36,63,2021.0,397,4,3,1.0,1,59050.0,21900.0,0,101.0,0,0,0
18,116,2011.0,217,13,3,3.8,0,110000.0,34900.0,0,199.0,1,0,1
18,23,2024.0,200,4,3,1.3,1,7500.0,34400.0,0,170.0,0,0,0
6,10,2024.0,103,4,3,1.6,1,0.0,21600.0,0,120.0,0,1,0
5,35,2022.0,82,13,3,1.5,0,38000.0,31500.0,1,105.0,0,0,0
29,1,2019.0,303,13,0,2.0,1,102000.0,32500.0,0,165.0,1,0,0
25,18,2019.0,258,21,3,2.0,1,138000.0,70000.0,0,390.0,1,0,0
5,110,2019.0,92,4,3,1.8,1,52000.0,19600.0,1,140.0,1,1,0
3,117,2025.0,32,14,3,2.0,1,0.0,89900.0,0,231.0,1,1,0
3,117,2019.0,34,4,3,2.0,1,63224.0,37500.0,1,192.0,1,1,0
35,95,2025.0,389,18,0,2.8,0,0.0,65200.0,0,204.0,1,0,0
13,47,2020.0,157,4,3,1.8,1,77000.0,28000.0,0,154.0,0,0,0
29,0,2025.0,297,18,3,1.0,1,0.0,31680.0,0,120.0,0,0,0
14,113,2017.0,180,13,3,2.0,1,128000.0,24000.0,1,154.0,0,0,0
36,97,2024.0,402,18,3,1.6,1,0.0,26720.0,2,116.0,0,0,0
18,82,2024.0,209,13,3,1.3,1,0.0,19990.0,2,175.0,0,0,0
18,23,2025.0,200,18,3,1.3,1,0.0,35960.0,0,272.0,0,0,0
31,32,2024.0,325,15,3,1.6,1,0.0,20960.0,2,115.0,1,1,0
14,113,2019.0,180,4,0,2.0,0,132000.0,28500.0,0,154.0,0,1,0
29,0,2019.0,293,4,3,1.6,0,93000.0,15300.0,1,120.0,0,1,0
28,129,2005.0,285,13,0,2.8,0,222800.0,18500.0,0,123.0,1,1,0
35,25,2022.0,369,21,2,1.8,1,45000.0,29600.0,1,170.0,0,0,0
6,11,2017.0,110,4,3,1.2,0,69000.0,14990.0,0,165.0,0,0,0
5,110,2017.0,92,4,3,1.8,1,86000.0,17590.0,0,140.0,1,0,0
11,34,2016.0,134,4,3,1.6,0,73000.0,12800.0,1,110.0,0,1,0
14,113,2008.0,178,18,0,2.0,0,190000.0,9000.0,1,154.0,1,0,0
35,95,2025.0,389,13,0,2.8,0,0.0,60000.0,0,204.0,1,0,0
14,113,2018.0,182,4,3,2.0,1,80000.0,25900.0,0,154.0,0,0,0
3,117,2017.0,34,13,3,2.0,1,93000.0,29990.0,2,231.0,1,1,0
11,34,2018.0,131,4,3,2.0,1,105000.0,17200.0,1,170.0,1,0,0
25,19,2019.0,262,13,3,3.0,0,38680.0,121900.0,2,333.0,1,0,1
11,34,2018.0,134,4,3,2.0,0,67500.0,16800.0,0,170.0,0,1,0
36,96,2021.0,398,18,3,1.4,1,59050.0,30880.0,0,150.0,0,0,0
28,51,2025.0,277,21,3,1.6,1,0.0,23200.0,0,120.0,0,1,0
11,34,2019.0,130,4,3,2.0,0,55000.0,19200.0,0,170.0,1,1,0
36,108,2025.0,414,13,3,2.0,1,0.0,46400.0,2,150.0,1,0,0
28,51,2025.0,277,13,3,1.6,1,0.0,23120.0,2,120.0,0,1,0
11,34,2015.0,134,4,3,1.6,0,130000.0,11600.0,1,110.0,0,1,0
35,46,2020.0,375,13,0,2.8,1,125000.0,42500.0,1,177.0,1,0,0
11,8,2022.0,129,4,3,2.0,0,60000.0,39919.0,0,110.0,1,0,0
5,110,2016.0,92,4,3,1.8,1,115000.0,15900.0,1,140.0,1,0,0
31,32,2025.0,329,13,3,1.3,1,0.0,29458.0,2,155.0,1,1,0
31,33,2020.0,332,4,3,1.6,0,67000.0,16800.0,1,110.0,0,1,0
35,81,2016.0,385,22,3,2.0,0,99000.0,24720.0,0,110.0,0,0,0
36,96,2025.0,398,2,3,1.4,1,0.0,29184.0,2,150.0,0,0,0
11,34,2017.0,134,4,3,1.6,0,71525.0,15700.0,2,110.0,0,1,0
3,125,2013.0,60,4,3,3.0,1,91000.0,48000.0,0,306.0,1,0,0
18,23,2025.0,200,13,3,1.3,1,2700.0,35920.0,1,272.0,0,0,0
13,27,2009.0,154,8,3,2.4,0,130000.0,12500.0,1,185.0,0,0,0
35,25,2022.0,371,4,3,2.0,0,45000.0,25600.0,0,170.0,0,0,0
5,110,2017.0,92,18,3,1.8,1,89000.0,16400.0,0,140.0,1,0,0
31,32,2013.0,322,18,3,1.6,0,74000.0,15500.0,1,110.0,0,1,0
28,51,2025.0,275,13,3,1.6,0,0.0,24400.0,2,120.0,0,0,0
28,51,2018.0,275,18,3,1.6,1,104000.0,17600.0,1,120.0,0,1,0
11,100,2022.0,144,4,3,1.5,0,73000.0,30800.0,0,143.0,0,0,0
11,54,2018.0,142,4,3,2.0,1,90000.0,24720.0,0,143.0,1,0,0
36,96,2022.0,398,13,3,1.4,0,65000.0,30000.0,2,150.0,0,0,0
36,63,2024.0,397,4,3,1.0,1,0.0,17506.0,0,116.0,0,1,0
35,95,2024.0,393,4,0,2.8,0,0.0,58800.0,0,204.0,1,0,0
18,23,2024.0,200,4,3,1.3,1,0.0,35192.0,2,170.0,0,0,0
4,101,2011.0,65,13,3,2.0,0,145909.0,6800.0,1,127.0,0,1,0
11,100,2021.0,145,13,3,1.5,1,43000.0,25900.0,1,143.0,1,0,0
6,10,2025.0,103,13,3,1.6,1,0.0,21680.0,0,120.0,0,1,0
28,51,2018.0,275,21,3,1.6,1,110000.0,18200.0,0,120.0,0,0,0
2,121,2023.0,21,4,3,1.5,1,0.0,27500.0,2,148.0,1,0,0
29,0,2017.0,293,13,3,1.6,0,150000.0,5000.0,0,120.0,0,1,0
18,42,1999.0,203,5,3,5.2,0,220000.0,9000.0,1,286.0,1,1,0
22,36,2013.0,238,4,3,2.0,0,132000.0,32000.0,0,240.0,0,0,1
29,1,2018.0,303,22,3,1.6,1,86000.0,26000.0,0,165.0,1,0,0
10,71,2025.0,124,21,3,1.0,1,0.0,12400.0,2,110.0,0,0,0
32,60,2001.0,346,22,0,2.9,0,246000.0,11000.0,1,110.0,0,1,0
36,107,2019.0,409,4,3,2.0,0,87000.0,38000.0,1,200.0,1,0,0
5,111,2025.0,99,18,0,2.8,1,0.0,48800.0,2,200.0,1,0,0
3,125,2011.0,62,4,3,4.4,0,160000.0,60000.0,0,555.0,1,0,0
18,82,2025.0,208,18,3,1.3,1,0.0,29832.0,2,170.0,0,0,0
28,51,2018.0,275,18,3,1.6,1,87028.0,21500.0,1,120.0,0,0,0
14,113,2018.0,182,13,3,2.0,1,88000.0,24800.0,0,154.0,0,0,0
6,11,2021.0,110,4,3,1.6,1,51800.0,18320.0,1,165.0,0,0,0
11,34,2022.0,136,13,3,1.5,1,54300.0,19200.0,1,123.0,0,1,0
36,96,2024.0,398,18,3,1.4,1,1111.0,30400.0,1,150.0,0,0,0
31,32,2014.0,322,4,3,1.6,0,135000.0,12400.0,0,110.0,0,1,0
9,31,2020.0,120,13,3,1.6,1,92000.0,33500.0,1,300.0,1,0,0
18,82,2024.0,208,13,3,1.3,1,0.0,28634.0,2,175.0,0,0,0
35,25,2022.0,370,18,3,2.0,0,44000.0,29200.0,0,170.0,0,0,0
14,26,2025.0,164,13,3,1.5,1,0.0,35000.0,0,115.0,0,0,0
36,97,2025.0,400,18,3,1.0,1,0.0,17992.0,2,110.0,0,0,0
29,0,2020.0,299,4,3,1.6,0,70796.0,17440.0,0,120.0,0,1,0
11,100,2022.0,144,4,3,1.5,0,29900.0,29600.0,0,143.0,0,0,0
10,71,2025.0,124,13,3,1.0,1,1000.0,9000.0,0,110.0,0,0,0
18,82,2017.0,210,22,3,1.8,1,118000.0,16490.0,2,170.0,0,0,0
6,11,2018.0,109,18,3,1.2,0,95000.0,14320.0,0,165.0,0,0,0
18,22,2022.0,195,4,0,2.0,1,22836.0,43200.0,1,272.0,1,0,0
35,46,2025.0,376,4,0,2.8,0,2625.0,60000.0,0,177.0,1,0,0
14,113,2009.0,179,18,3,2.7,0,208000.0,9040.0,1,154.0,1,0,0
14,113,2013.0,178,4,3,2.0,0,165000.0,16000.0,1,154.0,1,0,0
8,50,2014.0,115,2,3,2.4,0,135000.0,18500.0,0,170.0,1,0,0
11,34,2022.0,134,21,2,1.5,0,21372.0,17656.0,2,123.0,0,1,0
5,110,2014.0,92,13,3,1.8,1,112000.0,13500.0,1,140.0,1,0,0
28,51,2019.0,276,21,3,1.6,1,103000.0,21900.0,0,120.0,1,0,0
11,34,2018.0,130,2,3,1.5,1,63000.0,16000.0,0,123.0,0,1,0
10,71,2025.0,125,18,3,1.3,0,0.0,25752.0,2,110.0,0,0,0
11,34,2016.0,134,4,3,1.6,0,68000.0,12800.0,0,110.0,0,1,0
5,110,2025.0,95,2,3,1.2,0,0.0,25840.0,0,132.0,1,0,0
29,0,2018.0,296,18,3,1.6,1,104000.0,14800.0,1,150.0,1,1,0
10,71,2025.0,125,4,3,1.3,0,0.0,26400.0,0,110.0,0,0,0
5,111,2025.0,99,18,0,2.8,1,0.0,48800.0,2,200.0,1,0,0
11,34,2013.0,130,4,3,1.6,0,129000.0,10720.0,0,110.0,0,1,0
36,63,2024.0,397,13,3,1.0,1,0.0,23040.0,2,116.0,0,0,0
11,8,2022.0,129,13,3,2.0,0,55000.0,41000.0,0,110.0,1,0,0
11,34,2018.0,130,22,3,1.5,1,105530.0,17000.0,1,123.0,0,1,0
14,113,2013.0,178,13,3,2.0,0,153200.0,14080.0,0,154.0,0,0,0
18,22,2023.0,195,4,0,2.0,0,0.0,46800.0,2,272.0,1,0,0
13,47,2018.0,158,18,3,1.8,1,86000.0,20500.0,1,185.0,0,0,0
31,52,2012.0,339,21,3,2.5,0,110000.0,11600.0,0,138.0,1,0,0
6,11,2019.0,106,4,3,1.6,0,124000.0,15200.0,0,165.0,0,1,0
5,110,2025.0,95,13,3,1.2,0,0.0,20800.0,2,132.0,1,0,0
11,34,2015.0,136,18,3,1.6,0,150000.0,12900.0,1,110.0,0,1,0
36,96,2025.0,398,18,3,1.4,1,0.0,32720.0,0,150.0,0,0,0
5,110,2017.0,92,18,3,1.8,1,113000.0,15500.0,0,140.0,1,0,0
36,63,2025.0,397,4,3,1.0,1,0.0,24720.0,0,101.0,0,0,0
35,95,2007.0,391,13,0,3.0,1,141000.0,26950.0,0,171.0,1,0,0
31,32,2012.0,328,4,3,2.0,0,170000.0,10000.0,0,138.0,0,1,0
29,0,2025.0,292,13,3,1.0,1,0.0,25680.0,2,120.0,0,1,0
5,110,2024.0,91,2,3,1.2,1,0.0,25600.0,0,132.0,1,0,0
18,23,2014.0,199,4,3,2.4,0,131000.0,13600.0,2,170.0,0,0,0
22,79,2017.0,243,26,3,2.0,0,106000.0,42000.0,0,200.0,0,1,0
10,4,2018.0,122,15,3,1.4,1,77000.0,18300.0,1,110.0,0,1,0
35,46,2022.0,375,4,0,2.8,1,7000.0,55000.0,1,177.0,1,0,0
35,95,2022.0,393,18,0,2.8,1,35000.0,50000.0,0,177.0,1,0,0
29,0,2018.0,296,4,3,1.6,1,68000.0,15800.0,1,150.0,1,1,0
1,77,2021.0,15,13,0,3.0,0,61000.0,110000.0,0,249.0,1,0,0
8,50,2012.0,115,18,3,2.4,0,108000.0,14900.0,1,170.0,1,0,0
25,18,2019.0,261,4,3,3.0,0,90000.0,93000.0,1,390.0,1,0,1
5,111,2025.0,96,18,0,2.8,0,0.0,49210.0,2,200.0,1,0,0
35,25,2021.0,371,13,3,2.0,1,32000.0,28000.0,1,170.0,0,0,0
29,0,2023.0,296,4,3,1.6,0,10500.0,22400.0,1,150.0,1,1,0
11,34,2008.0,132,18,3,2.0,0,146200.0,7360.0,0,143.0,0,1,0
18,23,2007.0,200,13,3,2.4,0,170000.0,11000.0,0,170.0,0,0,0
36,97,2025.0,400,13,2,1.0,0,1003.0,25810.0,2,110.0,0,0,0
8,50,2011.0,113,4,3,2.7,0,160000.0,12720.0,1,170.0,1,0,0
29,0,2017.0,299,4,3,1.6,1,100000.0,15919.0,0,120.0,0,1,0
11,100,2025.0,144,13,3,1.8,1,0.0,36800.0,0,85.0,1,0,0
29,0,2020.0,296,13,3,1.6,0,53000.0,16800.0,1,150.0,1,1,0
18,82,2019.0,208,4,3,2.4,1,66000.0,20400.0,0,170.0,0,0,0
28,51,2021.0,275,13,3,1.6,1,92000.0,19760.0,1,120.0,0,1,0
18,82,2019.0,208,18,3,1.8,0,99000.0,22000.0,0,170.0,0,0,0
25,17,2024.0,255,4,3,2.0,0,0.0,90000.0,0,224.0,1,0,0
28,129,2008.0,285,18,0,2.8,0,292000.0,16500.0,1,123.0,1,1,0
36,97,2024.0,400,13,3,1.0,1,0.0,26320.0,0,110.0,0,0,0
5,110,2023.0,95,18,3,1.2,0,62000.0,20000.0,1,132.0,1,0,0
14,113,2015.0,178,4,3,2.0,0,134000.0,15700.0,1,154.0,0,1,0
10,71,2025.0,125,18,3,1.3,0,0.0,11992.0,0,110.0,0,0,0
31,32,2011.0,327,18,3,1.6,0,140000.0,5480.0,0,110.0,0,1,0
11,34,2021.0,136,4,3,1.5,0,80000.0,20000.0,0,123.0,0,1,0
31,32,2019.0,327,22,3,2.0,1,112000.0,20400.0,0,143.0,0,1,0
29,0,2018.0,299,13,3,1.6,1,53000.0,15900.0,1,120.0,0,1,0
31,13,2018.0,318,22,3,1.6,1,65000.0,17600.0,0,110.0,0,0,0
35,55,2011.0,380,4,0,4.0,0,222620.0,34500.0,0,265.0,0,0,0
36,96,2023.0,398,13,3,1.4,1,70000.0,30800.0,1,150.0,0,0,0
21,92,2017.0,231,21,3,2.0,1,110000.0,22000.0,1,154.0,0,1,0
13,47,2015.0,158,22,3,1.8,1,148000.0,17500.0,1,185.0,0,0,0
5,110,2016.0,92,4,3,1.8,1,92000.0,15500.0,1,140.0,1,0,0
29,0,2025.0,293,4,3,1.0,1,0.0,23091.0,2,120.0,0,0,0
35,81,2013.0,382,13,3,2.5,1,126000.0,25000.0,1,257.0,1,0,0
35,46,2012.0,374,13,0,3.0,0,220000.0,28800.0,0,171.0,1,1,0
28,51,2018.0,275,13,3,1.6,1,111000.0,17600.0,0,120.0,0,0,0
5,110,2017.0,92,22,3,1.8,1,120000.0,17500.0,1,140.0,1,1,0
29,0,2017.0,293,13,3,1.6,0,74500.0,16000.0,1,120.0,0,1,0
14,113,2010.0,178,18,0,2.0,0,141000.0,12500.0,1,154.0,1,1,0
1,73,2017.0,8,2,3,2.0,1,88000.0,31000.0,1,220.0,1,0,0
31,32,2015.0,327,13,3,1.6,1,88000.0,13600.0,1,110.0,0,1,0
31,32,2013.0,322,18,3,1.6,0,85170.0,10000.0,0,110.0,0,1,0
28,99,2000.0,284,13,0,2.7,0,230000.0,10500.0,1,170.0,1,1,1
22,36,2014.0,239,4,3,2.0,0,98470.0,32000.0,0,240.0,0,0,0
18,82,2025.0,209,13,3,1.3,1,0.0,30800.0,2,170.0,0,0,0
10,71,2023.0,125,13,3,1.3,1,0.0,20800.0,0,110.0,0,0,0
34,44,2010.0,351,21,3,2.4,1,210000.0,16000.0,1,110.0,1,1,0
3,117,2011.0,34,18,0,2.0,0,184000.0,15500.0,0,177.0,1,1,0
36,97,2025.0,400,4,3,1.0,1,0.0,32720.0,0,110.0,0,0,0
3,117,2017.0,34,4,3,2.0,0,90000.0,34900.0,0,231.0,1,1,0
6,11,2025.0,106,4,3,1.6,0,0.0,22480.0,2,165.0,0,0,0
10,71,2022.0,126,4,3,1.0,1,19000.0,22400.0,2,110.0,0,0,0
29,0,2025.0,293,4,3,1.0,1,0.0,27360.0,2,120.0,0,0,0
31,32,2021.0,327,13,3,1.6,1,79000.0,18800.0,0,110.0,0,1,0
36,96,2022.0,398,4,3,1.4,1,40000.0,30000.0,1,150.0,0,0,0
32,5,2012.0,344,18,3,2.3,0,135000.0,7500.0,1,150.0,0,1,0
35,25,2025.0,370,18,3,2.0,1,1000.0,34000.0,0,170.0,0,0,0
18,82,2022.0,210,13,3,1.8,1,34000.0,19920.0,0,170.0,0,1,0
21,92,2025.0,231,13,3,1.6,1,0.0,48000.0,0,132.0,0,0,0
36,96,2024.0,398,21,3,1.4,1,6116.0,31500.0,0,150.0,0,0,0
36,63,2021.0,397,21,3,1.0,1,105000.0,19650.0,0,101.0,0,0,0
3,120,2016.0,44,18,3,2.0,0,109000.0,45000.0,1,184.0,1,1,0
9,31,2022.0,119,18,2,1.6,0,67000.0,50000.0,1,300.0,1,0,0
18,23,2025.0,200,4,3,1.3,1,0.0,37076.0,2,272.0,0,0,0
6,11,2018.0,109,22,3,1.2,0,51102.0,14999.0,0,165.0,0,0,0
11,54,2014.0,141,4,3,1.6,0,170000.0,14320.0,1,150.0,0,1,0
31,32,2016.0,327,4,3,1.6,1,151000.0,12000.0,1,110.0,0,1,0
18,82,2025.0,210,4,3,1.8,1,0.0,26400.0,0,170.0,0,0,0
18,116,2013.0,216,21,3,3.6,0,145000.0,39900.0,1,284.0,1,0,1
21,89,2007.0,226,18,0,2.5,0,200000.0,8800.0,1,170.0,0,0,0
30,14,2011.0,306,4,3,4.8,0,132000.0,48000.0,0,400.0,0,0,0
18,22,2024.0,195,5,3,1.3,1,0.0,42400.0,0,272.0,1,0,0
29,1,2018.0,303,2,0,2.0,1,89500.0,23200.0,2,165.0,1,0,0
29,0,2025.0,292,13,3,1.0,1,0.0,21600.0,0,120.0,0,1,0
36,97,2023.0,400,22,3,1.0,0,64000.0,21520.0,0,110.0,0,1,0
35,81,2013.0,382,21,3,2.0,1,170000.0,18000.0,1,200.0,0,0,0
29,0,2019.0,293,4,3,1.6,0,72000.0,16240.0,0,120.0,0,1,0
31,32,2018.0,327,4,3,1.6,1,141000.0,17900.0,0,110.0,0,1,0
18,23,2024.0,200,13,3,1.3,1,1039.0,37200.0,0,170.0,0,0,0
1,72,2025.0,5,13,3,1.5,1,0.0,55000.0,2,150.0,1,0,0
36,63,2025.0,397,2,3,1.0,1,0.0,27840.0,2,101.0,0,0,0
11,34,2008.0,137,18,3,2.0,1,193000.0,8200.0,1,143.0,0,1,0
11,100,2025.0,144,18,3,1.8,1,0.0,36044.0,2,85.0,1,0,0
5,110,2017.0,92,13,3,1.8,1,70000.0,17200.0,0,140.0,1,0,0
35,81,2008.0,382,21,3,2.4,0,193000.0,12000.0,1,257.0,1,0,0
28,51,2023.0,276,4,3,1.6,0,15000.0,27120.0,0,120.0,1,0,0
21,90,2016.0,228,1,3,1.6,1,67000.0,19040.0,0,132.0,1,0,0
18,23,2025.0,200,4,3,1.3,1,0.0,37520.0,2,272.0,0,0,0
28,51,2024.0,275,4,3,1.6,1,0.0,26720.0,2,120.0,0,0,0
18,23,2025.0,200,13,3,1.3,1,500.0,40500.0,0,272.0,0,0,0
18,23,2025.0,200,4,3,1.3,1,0.0,32800.0,2,272.0,0,0,0
11,34,2018.0,134,21,3,1.5,1,108000.0,13520.0,0,123.0,0,1,0
35,95,2013.0,391,13,0,3.0,1,140000.0,27500.0,1,171.0,1,0,0
36,63,2024.0,397,4,3,1.0,1,0.0,29000.0,1,116.0,0,0,0
36,96,2025.0,398,13,3,1.4,1,0.0,40160.0,0,150.0,0,0,0
31,32,2015.0,327,4,3,1.6,1,147200.0,11500.0,0,110.0,0,1,0
4,101,2013.0,65,2,3,2.0,0,129880.0,9680.0,0,138.0,0,0,0
6,10,2024.0,103,4,3,1.0,1,0.0,24800.0,0,120.0,0,0,0
28,51,2018.0,277,4,3,1.6,0,84000.0,18000.0,1,120.0,0,1,0
13,27,2012.0,152,13,3,2.4,1,138000.0,22000.0,0,185.0,1,0,0
5,110,2024.0,92,13,3,1.2,0,0.0,23920.0,2,132.0,1,0,0
31,32,2015.0,327,18,3,1.6,1,165000.0,12800.0,1,110.0,0,1,0
36,63,2025.0,397,13,3,1.0,1,0.0,23360.0,0,101.0,0,1,0
5,110,2024.0,92,18,3,1.2,0,1000.0,25656.0,2,132.0,1,0,0
31,13,2019.0,318,22,3,2.0,1,59000.0,18800.0,1,110.0,0,1,0
35,25,2025.0,369,13,2,1.8,1,0.0,43900.0,0,170.0,0,0,0
6,11,2024.0,106,13,3,1.6,1,0.0,22800.0,0,165.0,0,0,0
28,51,2024.0,279,18,3,1.6,0,4500.0,32000.0,1,120.0,0,0,0
5,110,2025.0,94,22,3,1.2,1,0.0,27440.0,2,132.0,1,0,0
36,97,2024.0,400,13,3,1.0,1,0.0,23040.0,2,110.0,0,1,0
8,50,2011.0,113,4,3,2.7,0,180000.0,12500.0,1,170.0,1,0,0
36,97,2025.0,400,13,3,1.0,0,4000.0,25520.0,0,110.0,0,0,0
18,23,2024.0,200,4,3,1.3,1,5000.0,39800.0,1,170.0,0,0,0
18,116,2018.0,216,18,3,3.6,1,87028.0,79000.0,1,284.0,1,0,1
36,97,2024.0,400,13,3,1.0,1,1111.0,25600.0,1,110.0,0,1,0
29,0,2025.0,297,13,3,1.0,1,0.0,21200.0,2,120.0,0,0,0
31,32,2025.0,329,13,3,1.3,1,3763.0,27600.0,0,155.0,1,0,0
31,32,2015.0,327,13,3,1.6,1,103000.0,11600.0,1,110.0,0,1,0
18,23,2019.0,199,18,3,2.4,1,102000.0,22500.0,0,170.0,0,1,0
36,108,2024.0,414,2,3,2.0,1,0.0,45200.0,2,150.0,0,0,0
4,105,2017.0,74,15,3,2.0,1,92000.0,18500.0,1,110.0,0,1,0
10,71,2025.0,126,4,3,1.0,0,0.0,24000.0,2,110.0,0,0,0
29,0,2025.0,293,13,3,1.6,1,0.0,30400.0,0,120.0,0,0,0
1,75,2012.0,13,4,3,2.0,0,97000.0,23000.0,1,211.0,1,0,0
28,51,2025.0,276,4,3,1.6,1,0.0,29280.0,0,120.0,1,0,0
18,116,2025.0,216,13,3,3.6,1,0.0,129000.0,2,284.0,1,0,1
11,34,2017.0,130,3,3,2.0,0,98000.0,21000.0,1,143.0,1,1,0
3,117,2017.0,34,4,3,2.0,0,90000.0,34900.0,0,231.0,1,1,0
35,46,2018.0,375,13,0,2.8,1,100000.0,37592.0,0,177.0,1,1,0
29,0,2025.0,292,4,3,1.0,1,0.0,25680.0,2,120.0,0,1,0
11,34,2016.0,133,18,3,1.6,0,81000.0,12400.0,0,110.0,0,1,0
36,97,2025.0,400,18,3,1.0,1,0.0,28400.0,0,110.0,0,0,0
5,110,2024.0,92,21,3,1.2,0,1000.0,26476.0,2,132.0,1,0,0
11,34,2015.0,136,13,3,1.6,0,83000.0,12800.0,0,110.0,0,1,0
13,47,2017.0,157,13,3,1.8,1,115000.0,17840.0,1,154.0,0,0,0
31,32,2018.0,327,18,3,2.0,1,83700.0,19500.0,1,143.0,0,1,0
3,117,2017.0,34,18,3,2.0,1,165000.0,26900.0,1,192.0,1,1,0
18,42,2013.0,203,2,3,3.6,1,172000.0,26000.0,1,286.0,1,0,0
11,34,2011.0,132,18,3,1.6,0,150000.0,9600.0,0,110.0,0,1,0
11,8,2024.0,129,13,3,2.0,0,0.0,40000.0,1,110.0,1,0,0
5,110,2021.0,95,18,3,1.2,1,80000.0,23000.0,0,132.0,1,0,0
31,32,2024.0,325,13,2,1.6,0,0.0,21368.0,2,115.0,1,1,0
5,110,2023.0,92,22,3,1.2,1,23000.0,24000.0,0,132.0,1,0,0
11,34,2014.0,130,4,3,1.6,0,114500.0,13400.0,1,110.0,0,1,0
28,51,2021.0,276,4,3,1.6,1,56000.0,26000.0,0,120.0,1,0,0
11,34,2011.0,132,18,3,1.6,0,201000.0,8400.0,0,110.0,0,1,0
10,71,2024.0,126,4,3,1.0,1,0.0,23992.0,2,110.0,0,0,0
2,124,2024.0,24,13,3,1.5,1,0.0,37900.0,2,185.0,0,0,0
4,101,2015.0,65,4,3,2.0,1,106000.0,9600.0,0,138.0,0,1,0
37,128,2017.0,420,18,3,2.5,0,135000.0,27840.0,0,304.0,1,0,0
2,124,2023.0,24,22,3,1.5,1,0.0,38900.0,2,185.0,0,1,0
11,34,2018.0,134,2,3,1.5,0,90000.0,16000.0,0,123.0,0,1,0
31,32,2013.0,326,18,3,2.0,0,146000.0,10800.0,0,138.0,0,1,0
8,50,2013.0,114,4,3,2.4,0,192000.0,14799.0,0,170.0,1,0,0
3,117,2019.0,34,4,3,2.0,1,41000.0,33600.0,1,192.0,1,1,0
18,23,2021.0,197,2,3,2.4,1,40000.0,28900.0,0,170.0,1,1,0
6,11,2020.0,110,18,3,1.6,1,81500.0,17900.0,0,165.0,0,0,0
36,109,2009.0,417,18,3,4.2,1,136000.0,19500.0,0,240.0,0,0,0
11,54,2022.0,142,4,3,2.0,1,20000.0,42000.0,0,143.0,1,0,0
13,27,1998.0,155,21,3,2.0,1,157000.0,8400.0,0,148.0,1,0,0
36,96,2025.0,398,13,3,1.4,1,500.0,36500.0,0,150.0,0,0,0
29,0,2025.0,297,13,3,1.0,1,0.0,30320.0,0,120.0,0,0,0
35,25,2022.0,369,18,3,2.0,1,42000.0,33800.0,0,170.0,0,0,0
18,116,2025.0,216,18,3,3.6,1,0.0,123990.0,2,284.0,1,0,1
31,13,2019.0,318,5,3,1.6,1,89800.0,19500.0,0,110.0,0,0,0
11,54,2011.0,143,18,3,2.5,0,189000.0,11000.0,0,180.0,1,1,0
36,96,2024.0,398,3,3,1.4,1,1000.0,33360.0,2,150.0,0,0,0
5,91,2016.0,89,4,3,1.8,0,122683.0,12605.0,2,105.0,0,1,0
13,47,2019.0,157,18,3,1.8,0,79000.0,22080.0,0,154.0,0,0,0
5,110,2025.0,95,21,3,1.2,0,0.0,30504.0,2,132.0,1,0,0
36,97,2025.0,400,18,3,1.0,1,0.0,27840.0,2,110.0,0,0,0
5,110,2016.0,92,13,3,1.8,1,75000.0,15600.0,0,140.0,1,0,0
5,110,2017.0,92,13,3,1.8,1,80000.0,17799.0,1,140.0,0,1,0
18,22,2025.0,195,2,3,1.3,1,0.0,40312.0,0,272.0,0,0,0
35,46,2021.0,375,4,0,2.8,1,20000.0,57000.0,0,177.0,1,0,0
6,10,2024.0,103,22,3,1.0,1,0.0,25200.0,0,120.0,0,0,0
3,125,2017.0,60,13,3,3.0,0,76000.0,67000.0,0,306.0,1,0,0
31,32,2014.0,330,4,3,1.6,0,111000.0,11840.0,0,110.0,0,1,0
35,46,2011.0,374,4,0,3.0,0,230000.0,23200.0,0,171.0,1,1,0
3,118,2018.0,37,13,3,2.0,0,89000.0,42500.0,1,205.0,1,0,0
11,34,2016.0,136,4,3,2.0,0,90000.0,14800.0,0,143.0,0,1,0
11,34,2018.0,134,18,3,1.5,0,117352.0,14625.0,2,123.0,0,1,0
28,51,2018.0,276,13,3,1.6,1,86000.0,19800.0,0,120.0,1,0,0
1,76,2024.0,14,4,3,2.0,1,0.0,108000.0,2,245.0,1,0,0
35,25,2021.0,371,4,3,2.0,1,36000.0,31290.0,0,170.0,0,0,0
18,23,2025.0,200,13,3,1.3,1,0.0,36400.0,2,272.0,0,0,0
18,23,2022.0,200,21,3,1.3,1,41400.0,32800.0,1,170.0,0,0,0
11,8,2023.0,129,3,3,2.0,1,10000.0,42400.0,1,110.0,1,0,0
11,34,2019.0,133,4,3,1.5,0,90000.0,16576.0,0,123.0,0,1,0
4,103,2016.0,70,21,3,1.6,1,85900.0,13760.0,1,110.0,0,1,0
1,73,2013.0,8,13,3,2.0,1,220000.0,15900.0,0,170.0,1,1,0
4,103,2016.0,70,3,3,1.6,1,60000.0,10400.0,0,110.0,0,1,0
34,44,2007.0,348,5,3,2.0,0,195456.0,20000.0,1,200.0,1,1,0
36,96,2025.0,398,18,3,1.4,1,0.0,29840.0,2,150.0,0,0,0
18,82,2025.0,208,18,3,1.3,1,0.0,29592.0,2,170.0,0,0,0
35,25,2025.0,369,13,2,1.8,1,0.0,38361.0,2,170.0,0,0,0
21,92,2017.0,231,2,3,2.0,1,147000.0,23200.0,1,154.0,0,0,0
6,11,2022.0,110,18,3,1.6,1,81300.0,17200.0,2,165.0,0,0,0
11,34,2013.0,136,4,3,1.6,0,142800.0,11500.0,1,110.0,0,1,0
31,33,2017.0,334,4,3,2.0,1,125000.0,14400.0,0,138.0,0,1,0
35,25,2021.0,369,13,3,1.8,1,81000.0,28000.0,0,170.0,0,0,0
11,34,2020.0,134,21,3,1.5,0,103000.0,18900.0,0,123.0,0,1,0
11,34,2014.0,136,22,3,1.6,0,112000.0,12990.0,0,110.0,0,1,0
28,51,2018.0,276,21,3,1.6,1,114000.0,20400.0,1,120.0,1,0,0
31,32,2016.0,327,13,3,1.6,0,88700.0,14500.0,1,110.0,0,1,0
5,110,2025.0,91,13,3,1.2,0,0.0,24400.0,2,132.0,1,0,0
3,117,2019.0,34,18,3,2.0,1,72000.0,29990.0,0,192.0,1,1,0
5,110,2025.0,94,4,3,1.2,1,0.0,28565.0,2,132.0,1,0,0
5,110,2014.0,92,13,3,1.8,0,100000.0,11800.0,1,140.0,0,1,0
21,90,2016.0,228,2,3,1.6,1,107000.0,15520.0,2,132.0,1,0,0
31,52,2010.0,336,2,3,2.5,0,148000.0,8720.0,0,110.0,1,1,0
18,23,2022.0,200,13,3,1.3,0,88285.0,31920.0,2,170.0,0,0,0
35,46,2019.0,375,4,0,2.8,1,119000.0,40000.0,1,177.0,1,0,0
36,97,2025.0,400,4,3,1.0,1,0.0,30520.0,2,110.0,0,0,0
36,96,2025.0,398,21,3,1.4,1,0.0,29800.0,2,150.0,0,0,0
36,97,2021.0,403,4,3,1.6,0,75000.0,20800.0,0,110.0,0,1,0
28,51,2025.0,276,4,3,1.6,1,0.0,29096.0,2,120.0,1,0,0
13,47,2019.0,157,4,3,1.8,1,114000.0,20000.0,1,154.0,0,0,0
35,25,2025.0,369,4,3,2.0,1,3000.0,41500.0,0,170.0,0,0,0
35,25,2023.0,369,13,2,1.8,1,22000.0,34500.0,1,170.0,0,0,0
5,110,2025.0,92,4,3,1.2,1,0.0,25520.0,2,132.0,1,0,0
35,25,2025.0,369,18,3,2.0,1,999.0,42500.0,1,170.0,0,0,0
36,96,2025.0,398,4,3,1.4,1,0.0,30392.0,2,150.0,0,0,0
18,82,2025.0,209,18,3,1.3,1,0.0,28720.0,2,170.0,0,0,0
28,51,2019.0,275,13,3,1.6,1,99000.0,18900.0,0,120.0,0,0,0
28,51,2021.0,276,13,3,1.6,1,19000.0,24000.0,0,120.0,1,0,0
36,97,2021.0,400,22,3,1.6,0,39000.0,23600.0,0,110.0,0,0,0
13,47,2018.0,157,13,3,1.8,1,104900.0,18320.0,0,154.0,0,0,0
11,34,2020.0,134,2,3,1.5,0,60500.0,17600.0,0,100.0,0,1,0
18,42,2011.0,203,18,3,3.6,1,187000.0,20200.0,0,286.0,1,0,0
31,52,2025.0,335,15,3,2.5,1,0.0,42319.0,0,257.0,1,0,0
6,11,2023.0,110,4,3,1.6,0,0.0,14640.0,2,165.0,0,0,0
29,1,2024.0,303,13,3,1.6,0,8000.0,46000.0,0,165.0,1,0,0
13,47,2019.0,157,13,3,1.8,1,62968.0,22188.0,0,154.0,0,0,0
11,34,2014.0,133,4,3,1.6,0,124000.0,11200.0,1,110.0,0,1,0
18,23,2023.0,200,18,3,1.3,1,36471.0,35912.0,1,170.0,0,0,0
18,82,2025.0,209,18,3,1.3,1,0.0,30800.0,2,170.0,0,0,0
36,63,2022.0,397,13,3,1.0,1,49000.0,25000.0,0,101.0,0,0,0
29,0,2024.0,297,18,3,1.0,1,3000.0,31440.0,1,120.0,0,0,0
35,81,2018.0,387,4,3,2.5,1,136000.0,30960.0,0,110.0,1,1,0
18,23,2020.0,200,4,3,2.4,0,57800.0,35500.0,1,170.0,0,0,0
5,110,2017.0,92,13,3,1.8,1,120000.0,15300.0,0,140.0,1,1,0
36,107,2012.0,410,18,0,2.0,0,198000.0,19350.0,1,140.0,1,0,0
36,97,2025.0,400,13,3,1.0,1,0.0,36400.0,0,110.0,0,0,0
18,23,2024.0,200,4,3,1.3,1,0.0,31592.0,2,170.0,0,0,0
2,124,2024.0,22,4,3,1.5,1,0.0,36950.0,0,185.0,0,0,0
31,32,2025.0,329,13,3,1.3,1,0.0,22829.0,2,155.0,1,0,0
31,13,2020.0,320,4,3,2.0,1,47000.0,18400.0,0,110.0,0,1,0
36,108,2024.0,414,13,3,2.0,1,0.0,62000.0,0,150.0,0,0,0
3,120,2018.0,43,4,3,2.0,0,45000.0,59000.0,0,252.0,1,0,0
18,23,2025.0,200,4,3,1.3,1,0.0,33516.0,2,272.0,0,0,0
35,46,2022.0,376,13,0,2.8,0,55000.0,48000.0,1,177.0,1,0,0
31,32,2014.0,326,18,3,2.0,0,160000.0,11200.0,1,138.0,1,1,0
28,51,2021.0,276,13,3,1.6,1,54000.0,21600.0,1,120.0,1,0,0
13,47,2021.0,158,13,3,1.8,0,50000.0,28500.0,1,175.0,0,0,0
18,23,2025.0,200,21,3,1.3,1,0.0,31992.0,2,272.0,0,0,0
31,32,2018.0,327,22,3,1.6,1,115000.0,13440.0,1,110.0,0,1,0
3,120,2018.0,43,13,3,2.0,0,94000.0,46500.0,0,252.0,1,0,0
6,9,2025.0,100,13,3,1.0,1,0.0,20712.0,0,110.0,1,0,0
18,23,2025.0,200,18,3,1.3,1,0.0,35193.0,2,272.0,0,0,0
14,113,2025.0,183,2,3,1.6,1,0.0,58000.0,0,154.0,1,0,0
31,32,2013.0,322,13,3,1.6,0,125000.0,8640.0,0,110.0,0,1,0
18,42,2007.0,202,13,0,3.0,0,194913.0,12000.0,1,286.0,1,1,0
1,73,2020.0,8,13,3,1.4,0,80000.0,42000.0,2,150.0,1,0,0
18,23,2024.0,200,4,3,1.3,1,0.0,37076.0,2,170.0,0,0,0
35,81,2018.0,387,4,3,2.0,1,137000.0,20832.0,0,110.0,1,1,0
31,13,2019.0,320,22,3,2.0,1,75000.0,16800.0,0,110.0,0,1,0
4,103,2016.0,70,13,3,1.6,1,100000.0,13440.0,0,110.0,0,1,0
18,23,2025.0,200,18,1,1.3,1,0.0,36400.0,2,272.0,0,0,0
5,110,2025.0,95,13,3,1.2,0,0.0,21104.0,2,132.0,1,0,0
35,25,2024.0,369,18,2,1.8,1,9400.0,37900.0,1,170.0,0,0,0
18,82,2019.0,210,13,3,1.8,0,79000.0,18500.0,0,170.0,0,1,0
11,100,2025.0,144,4,3,1.8,1,0.0,37282.0,2,85.0,1,0,0
8,50,2009.0,113,18,3,2.7,0,187000.0,4800.0,1,170.0,1,0,0
28,51,2021.0,275,13,3,1.6,1,50000.0,21520.0,0,120.0,0,0,0
27,58,1996.0,271,26,0,2.5,0,210000.0,9000.0,1,110.0,1,0,0
25,17,2017.0,255,4,3,1.6,0,89000.0,36000.0,0,211.0,1,0,0
29,0,2020.0,293,13,3,1.6,1,59600.0,18000.0,1,120.0,0,1,0
36,97,2024.0,400,4,3,1.0,1,0.0,28464.0,0,110.0,0,0,0
18,23,2020.0,199,13,3,2.4,1,70796.0,23800.0,1,170.0,0,0,0
36,96,2025.0,398,21,3,1.4,1,0.0,39000.0,1,150.0,0,0,0
25,20,2011.0,263,4,3,3.0,0,176000.0,17500.0,0,231.0,1,0,0
31,32,2025.0,329,13,3,1.3,1,0.0,27040.0,2,155.0,1,1,0
3,117,2017.0,34,13,3,2.0,1,106000.0,28000.0,0,231.0,1,1,0
29,0,2018.0,296,15,3,1.6,1,100906.0,13968.0,0,150.0,1,1,0
35,25,2025.0,369,13,2,1.8,1,1150.0,38000.0,1,170.0,0,0,0
29,0,2020.0,299,21,3,1.6,0,57000.0,16400.0,0,120.0,0,1,0
31,32,2018.0,327,22,3,2.0,1,90000.0,17200.0,0,143.0,0,1,0
18,23,2025.0,200,13,3,1.3,1,0.0,37520.0,2,272.0,0,0,0
11,34,2019.0,134,18,3,1.5,0,51232.0,16480.0,2,123.0,0,1,0
14,113,2017.0,174,4,3,2.0,1,114000.0,22500.0,0,154.0,0,1,0
36,96,2023.0,398,13,3,1.6,0,26000.0,30000.0,0,150.0,0,0,0
21,90,2010.0,227,18,3,1.6,0,181000.0,9360.0,0,132.0,0,1,0
25,17,2016.0,255,4,3,1.6,0,80000.0,35000.0,1,211.0,1,0,0
18,22,2022.0,195,4,0,2.0,0,47000.0,45200.0,0,272.0,1,0,0
1,75,2018.0,13,13,3,2.0,0,122000.0,34900.0,0,252.0,1,0,0
6,11,2023.0,110,4,3,1.6,1,0.0,26400.0,2,165.0,0,0,0
31,32,2021.0,327,13,3,1.6,0,78500.0,16400.0,1,110.0,0,1,0
26,24,2024.0,269,22,3,1.6,1,0.0,51900.0,0,192.0,0,0,0
36,63,2023.0,397,4,3,1.0,1,52000.0,24000.0,1,101.0,0,0,0
31,32,2013.0,322,18,3,1.6,0,138800.0,11600.0,0,110.0,0,1,0
18,23,2024.0,200,18,3,1.3,1,0.0,42100.0,2,170.0,0,0,0
36,96,2024.0,398,4,3,1.4,1,0.0,36720.0,0,150.0,0,0,0
25,18,2018.0,258,13,3,2.0,1,87028.0,70000.0,1,367.0,1,0,0
6,11,2017.0,110,8,3,1.2,0,110000.0,14080.0,0,165.0,0,0,0
28,51,2020.0,276,13,3,1.6,0,45000.0,23000.0,2,120.0,1,0,0
5,35,2019.0,82,21,3,1.5,0,97000.0,20800.0,0,105.0,0,0,0
28,51,2018.0,276,13,3,1.6,1,91000.0,22000.0,0,120.0,1,0,0
36,63,2025.0,397,2,3,1.0,1,0.0,21592.0,2,101.0,0,0,0
1,74,2025.0,10,13,3,2.0,1,0.0,85000.0,2,190.0,1,0,0
29,1,2023.0,303,13,3,1.6,0,28000.0,36800.0,1,165.0,1,0,0
11,34,2014.0,136,5,3,1.6,0,133000.0,13600.0,0,110.0,0,1,0
11,34,2011.0,132,22,3,2.0,0,162000.0,8472.0,0,143.0,0,1,0
6,11,2017.0,110,22,3,1.2,1,128000.0,14400.0,1,165.0,0,0,0
36,108,2018.0,414,13,3,1.4,0,102000.0,26000.0,1,150.0,1,0,0
31,32,2013.0,322,26,3,1.6,0,120000.0,8800.0,1,110.0,0,1,0
18,23,2024.0,200,18,3,1.3,1,0.0,35520.0,0,170.0,0,0,0
3,125,2016.0,60,13,3,3.0,1,71000.0,72500.0,0,306.0,1,0,0
31,32,2016.0,327,4,3,1.6,1,144000.0,12900.0,0,110.0,0,1,0
31,33,2020.0,332,4,3,2.0,0,113000.0,20080.0,0,110.0,0,1,0
31,32,2016.0,327,15,3,2.0,1,149000.0,7305.0,0,143.0,0,1,0
5,110,2016.0,92,4,3,1.8,1,83000.0,15000.0,1,140.0,1,0,0
13,47,2016.0,158,18,3,1.8,1,120000.0,18320.0,0,175.0,0,0,0
11,34,2014.0,130,17,3,1.6,0,171000.0,12000.0,1,110.0,0,1,0
11,34,2015.0,130,4,3,1.6,0,115000.0,14800.0,1,110.0,0,1,0
31,32,2012.0,326,13,3,2.0,0,155000.0,14000.0,1,138.0,1,1,0
10,71,2024.0,125,13,3,1.3,1,0.0,20119.0,2,110.0,0,1,0
6,10,2025.0,103,13,3,1.6,1,0.0,21440.0,2,120.0,0,1,0
5,110,2018.0,92,13,3,1.8,1,109141.0,16530.0,2,140.0,1,1,0
5,110,2024.0,92,4,3,1.2,0,0.0,23200.0,1,132.0,1,0,0
1,75,2022.0,13,4,3,2.0,1,45000.0,85003.0,2,252.0,1,0,0
5,110,2014.0,92,21,3,1.8,1,97000.0,14500.0,1,140.0,1,0,0
36,108,2024.0,414,13,3,2.0,1,0.0,45600.0,2,150.0,0,0,0
36,108,2021.0,414,4,3,2.0,0,108600.0,39000.0,0,150.0,0,0,0
29,0,2018.0,293,21,3,1.6,0,87028.0,15600.0,1,120.0,0,1,0
11,34,2020.0,134,4,3,1.5,0,99000.0,18400.0,0,123.0,0,1,0
35,46,2012.0,374,13,0,3.0,0,218700.0,26000.0,0,171.0,1,1,0
5,110,2025.0,92,13,3,1.2,1,0.0,24520.0,2,132.0,1,0,0
5,110,2024.0,95,4,3,1.2,1,1000.0,22122.0,2,132.0,1,0,0
5,110,2023.0,92,18,3,1.2,1,29000.0,24400.0,0,132.0,1,0,0
11,34,2008.0,132,18,3,1.6,0,140000.0,8800.0,0,110.0,0,1,0
29,1,2018.0,303,17,0,2.0,1,85000.0,28800.0,1,165.0,1,0,0
25,18,2018.0,261,4,3,3.0,0,97255.0,73000.0,0,367.0,1,0,0
11,34,2018.0,133,4,3,1.5,0,108000.0,16000.0,0,123.0,0,1,0
2,124,2023.0,24,13,3,1.5,1,0.0,38900.0,2,185.0,0,1,0
21,89,2016.0,226,13,0,2.2,1,95000.0,22400.0,1,132.0,0,0,0
13,27,1999.0,153,5,3,2.0,0,327000.0,7000.0,1,148.0,1,1,0
36,63,2024.0,397,13,3,1.0,1,0.0,24500.0,0,116.0,0,1,0
3,117,2018.0,34,18,3,2.0,1,69000.0,38500.0,1,231.0,1,1,0
11,34,2019.0,134,18,3,1.5,0,108000.0,15120.0,0,123.0,0,1,0
3,117,2022.0,34,4,3,2.0,0,28000.0,39024.0,0,192.0,1,1,0
18,82,2021.0,210,4,3,1.8,1,111333.0,17520.0,2,170.0,0,1,0
29,0,2024.0,292,4,3,1.0,1,0.0,26658.0,2,120.0,0,1,0
6,11,2025.0,110,13,3,1.6,1,0.0,24800.0,2,165.0,0,0,0
11,34,2014.0,134,4,3,1.6,0,165000.0,12000.0,0,110.0,0,1,0
31,32,2013.0,322,4,3,1.6,0,126000.0,11192.0,0,110.0,0,1,0
13,27,2005.0,152,13,3,2.4,0,278000.0,9900.0,1,185.0,1,0,0
18,42,2007.0,203,18,0,3.0,0,195456.0,12000.0,1,286.0,1,1,0
29,0,2019.0,296,13,3,1.6,1,79000.0,15200.0,2,150.0,1,1,0
31,32,2014.0,326,18,3,2.0,0,129000.0,12400.0,0,138.0,1,1,0
31,32,2025.0,329,21,3,1.3,1,0.0,23584.0,2,155.0,1,0,0
5,110,2025.0,92,13,3,1.2,1,0.0,25160.0,2,132.0,1,0,0
28,51,2021.0,275,13,3,1.6,1,59050.0,24500.0,0,120.0,0,0,0
36,108,2025.0,414,18,3,2.0,1,0.0,39920.0,2,150.0,1,0,0
18,82,2018.0,210,26,3,1.8,1,103760.0,17200.0,1,170.0,0,1,0
28,51,2025.0,277,13,3,1.6,1,0.0,23120.0,2,120.0,0,1,0
29,0,2016.0,296,13,3,1.6,0,135000.0,13200.0,0,150.0,1,1,0
14,113,2006.0,178,5,0,2.0,0,250000.0,9600.0,0,154.0,1,1,0
35,81,2009.0,382,13,3,2.4,1,148000.0,16500.0,1,257.0,0,0,0
6,11,2018.0,110,22,3,1.2,0,59000.0,12160.0,0,165.0,0,0,0
5,35,2020.0,83,4,3,1.5,1,130000.0,24000.0,0,105.0,1,0,0
31,32,2017.0,327,18,3,1.6,0,124000.0,19500.0,1,110.0,0,1,0
37,128,2021.0,420,4,3,2.0,0,45400.0,72000.0,0,240.0,1,0,0
31,32,2025.0,329,13,3,1.3,1,0.0,25600.0,2,155.0,1,0,0
31,52,2012.0,336,18,3,2.5,1,185000.0,10500.0,1,110.0,1,1,0
6,11,2018.0,110,22,3,1.2,0,80000.0,14400.0,1,165.0,0,0,0
6,11,2018.0,106,2,3,1.6,1,132000.0,14800.0,0,165.0,0,1,0
35,95,2024.0,389,13,0,2.8,0,0.0,61000.0,1,204.0,1,0,0
5,110,2024.0,94,22,3,1.2,1,0.0,21560.0,2,132.0,0,0,0
31,13,2017.0,318,3,3,2.0,1,104200.0,15920.0,1,110.0,0,1,0
18,23,2017.0,201,4,3,2.4,0,75000.0,28500.0,1,170.0,1,0,0
6,11,2017.0,110,8,3,1.2,0,69900.0,13980.0,1,165.0,0,0,0
11,34,2018.0,134,2,3,1.5,0,94000.0,17200.0,1,123.0,0,1,0
4,102,2019.0,69,13,3,1.5,0,41000.0,16900.0,1,127.0,1,1,0
18,23,2008.0,199,18,3,2.4,0,268000.0,9000.0,0,170.0,0,0,0
6,10,2025.0,103,13,3,1.0,1,0.0,23770.0,0,120.0,0,0,0
36,107,2018.0,409,2,3,2.0,1,87482.0,30400.0,1,200.0,1,0,0
29,0,2024.0,292,13,3,1.0,1,0.0,19296.0,0,120.0,0,1,0
5,110,2018.0,92,13,3,1.8,1,87028.0,18000.0,1,140.0,1,1,0
6,10,2025.0,103,13,3,1.0,1,0.0,23840.0,0,120.0,0,0,0
6,11,2019.0,110,4,3,1.6,1,51400.0,19500.0,1,165.0,0,0,0
5,110,2025.0,92,2,3,1.2,1,0.0,20000.0,2,132.0,1,0,0
18,82,2025.0,210,13,3,1.8,1,0.0,25200.0,0,170.0,0,0,0
28,51,2025.0,276,13,3,1.6,1,0.0,29560.0,2,120.0,1,0,0
18,82,2018.0,210,22,3,1.8,1,74000.0,17200.0,0,170.0,0,1,0
10,71,2025.0,124,4,3,1.0,1,1111.0,23200.0,0,110.0,0,0,0
5,110,2017.0,92,13,3,1.8,1,88000.0,15900.0,0,140.0,0,1,0
11,34,2011.0,132,5,3,1.6,0,160000.0,8800.0,1,110.0,0,1,0
18,82,2020.0,210,13,3,1.8,1,37000.0,24000.0,0,170.0,0,0,0
2,121,2025.0,21,13,3,1.5,1,0.0,28200.0,2,148.0,1,0,0
18,42,2013.0,203,21,3,3.6,1,141000.0,26500.0,1,286.0,1,0,0
6,11,2020.0,106,13,3,1.6,1,70796.0,17200.0,0,165.0,0,0,0
14,113,2013.0,178,13,3,2.0,0,85000.0,16500.0,1,154.0,0,1,0
6,11,2021.0,106,13,3,1.6,0,95100.0,17200.0,2,165.0,0,1,0
11,34,2011.0,132,13,3,1.6,0,220000.0,8400.0,1,110.0,0,1,0
35,25,2023.0,369,13,2,1.8,1,40000.0,33000.0,1,170.0,0,0,0
31,32,2014.0,322,18,3,1.6,0,143000.0,11840.0,0,110.0,0,1,0
3,120,2014.0,44,13,3,3.0,0,97500.0,30000.0,1,306.0,1,1,0
6,11,2019.0,106,18,3,1.6,0,42000.0,16000.0,0,165.0,0,1,0
5,110,2015.0,92,4,3,1.8,1,127642.0,15500.0,0,140.0,1,0,0
18,42,1997.0,203,13,3,5.2,0,217000.0,11000.0,1,286.0,1,1,0
1,75,2013.0,11,4,0,2.0,0,205600.0,22000.0,0,177.0,1,0,0
14,113,2013.0,178,18,3,2.0,0,139000.0,15500.0,1,154.0,1,0,0
36,96,2024.0,398,21,3,1.4,1,0.0,35200.0,0,150.0,0,0,0
5,111,2021.0,98,21,0,2.8,0,75000.0,35200.0,1,200.0,1,0,0
11,34,2020.0,136,4,3,1.5,1,73000.0,18133.0,0,123.0,0,1,0
29,0,2017.0,293,13,3,1.6,0,112651.0,15500.0,0,120.0,0,1,0
5,110,2025.0,95,13,3,1.2,0,0.0,23120.0,2,132.0,1,0,0
18,82,2017.0,210,22,3,1.8,1,53000.0,17500.0,0,170.0,0,1,0
11,34,2022.0,134,2,3,1.5,0,42523.0,19400.0,1,123.0,0,1,0
36,63,2025.0,397,18,3,1.0,1,0.0,24960.0,2,101.0,0,0,0
31,32,2013.0,322,18,3,1.6,0,213000.0,11200.0,1,110.0,0,1,0
18,22,2024.0,195,21,3,1.3,0,6000.0,40792.0,2,272.0,0,0,0
28,51,2018.0,276,13,3,1.6,1,107000.0,22000.0,1,120.0,1,0,0
34,44,2007.0,348,13,3,2.0,0,150000.0,14000.0,1,200.0,1,1,1
29,0,2025.0,293,13,3,1.0,1,0.0,30960.0,0,120.0,0,0,0
31,52,2025.0,335,13,3,2.5,1,0.0,41200.0,0,257.0,1,0,0
31,32,2012.0,327,2,3,1.6,0,140000.0,11040.0,0,110.0,0,1,0
5,110,2018.0,92,13,3,1.8,1,80000.0,18400.0,1,140.0,1,1,0
31,32,2014.0,330,26,3,1.6,0,165000.0,11200.0,1,110.0,0,1,0
18,82,2020.0,210,4,3,1.8,1,84737.0,20900.0,0,170.0,0,1,0
28,51,2022.0,276,4,3,1.6,1,40000.0,26000.0,0,120.0,1,0,0
35,25,2025.0,371,13,3,2.0,1,0.0,31216.0,2,170.0,0,0,0
14,113,2019.0,182,18,3,2.0,1,69000.0,25800.0,0,154.0,0,0,0
6,11,2024.0,105,4,3,1.6,1,0.0,21592.0,2,165.0,0,0,0
34,44,2005.0,348,13,3,2.0,0,252000.0,10000.0,1,200.0,1,1,0
31,32,2024.0,329,13,3,1.3,1,500.0,25600.0,0,155.0,1,0,0
25,17,2017.0,255,13,3,1.6,0,98000.0,31900.0,0,156.0,1,0,0
18,23,2020.0,199,18,3,2.4,1,64000.0,20720.0,1,170.0,0,1,0
36,96,2022.0,398,2,3,1.4,1,52000.0,29200.0,2,150.0,0,0,0
3,117,2012.0,34,13,3,2.0,0,129200.0,16500.0,0,150.0,1,1,0
13,27,2016.0,154,18,3,2.4,1,108000.0,25500.0,0,185.0,0,0,0
31,32,2013.0,322,26,3,1.6,0,197821.0,9500.0,0,110.0,0,1,0
11,54,2013.0,142,4,3,1.6,1,132000.0,16000.0,1,180.0,1,0,0
2,121,2024.0,21,4,3,1.5,0,0.0,27500.0,0,148.0,1,1,0
13,47,2016.0,157,21,3,1.8,1,110000.0,21900.0,0,132.0,0,0,0
25,19,2017.0,262,18,3,3.0,1,98000.0,57500.0,0,333.0,1,0,0
35,25,2023.0,369,13,2,1.8,0,17221.0,34800.0,2,170.0,0,0,0
36,96,2025.0,398,2,3,1.4,1,0.0,35368.0,0,150.0,0,0,0
18,23,2025.0,200,4,3,1.3,1,0.0,31920.0,2,272.0,0,0,0
35,46,2006.0,374,5,0,3.0,1,234700.0,22300.0,1,171.0,1,1,0
28,51,2020.0,278,4,3,1.6,1,31500.0,20720.0,0,120.0,0,0,0
29,0,2018.0,299,4,3,1.6,1,87028.0,14320.0,0,120.0,0,1,0
11,34,2016.0,134,21,3,1.6,0,130000.0,7600.0,0,110.0,0,1,0
3,125,2017.0,63,15,3,3.0,1,64722.0,75000.0,0,306.0,1,0,0
36,97,2019.0,402,18,3,1.6,0,102000.0,21200.0,0,116.0,0,0,0
36,107,2014.0,409,5,3,2.0,0,143000.0,17520.0,0,200.0,1,1,0
6,11,2020.0,106,13,3,1.6,0,32000.0,17600.0,1,165.0,0,0,0
28,51,2020.0,275,4,3,1.6,1,89000.0,19999.0,0,120.0,0,0,0
21,90,2015.0,228,18,3,1.6,0,110000.0,15000.0,1,132.0,0,1,0
29,0,2025.0,297,13,3,1.0,1,0.0,30296.0,2,120.0,0,0,0
1,77,2024.0,16,21,3,3.0,1,0.0,174500.0,2,333.0,1,0,0
18,23,2025.0,200,18,3,1.3,1,0.0,36800.0,2,272.0,0,0,0
5,110,2025.0,95,4,3,1.2,0,0.0,28240.0,2,132.0,1,0,0
11,34,2014.0,136,18,3,1.6,0,152000.0,11200.0,1,110.0,0,1,0
3,117,2017.0,32,18,3,2.0,1,73000.0,32900.0,0,231.0,1,1,0
11,34,2012.0,132,18,3,1.6,0,118500.0,9196.0,0,110.0,0,1,0
5,110,2015.0,92,4,3,1.8,1,140000.0,13520.0,1,140.0,1,0,0
13,47,2024.0,158,4,3,1.5,1,0.0,34000.0,1,121.0,0,0,0
1,76,2025.0,14,21,2,2.0,1,0.0,89800.0,0,245.0,1,0,0
32,60,2005.0,346,18,0,2.9,1,132000.0,9000.0,1,110.0,0,1,0
18,69,2014.0,207,18,3,2.4,0,147000.0,13600.0,1,170.0,1,0,0
5,110,2025.0,92,13,3,1.2,1,0.0,26908.0,2,132.0,1,0,0
5,111,2013.0,98,13,0,2.8,0,125000.0,17520.0,1,180.0,1,0,0
18,23,2024.0,200,13,3,1.3,1,0.0,38900.0,1,170.0,0,0,0
31,13,2018.0,318,3,3,2.0,1,93000.0,19119.0,0,110.0,0,1,0
29,0,2016.0,293,4,3,1.6,0,113000.0,12800.0,1,120.0,0,1,0
29,0,2025.0,293,4,3,1.0,1,0.0,12600.0,2,120.0,0,0,0
18,42,2011.0,203,18,3,3.6,1,243000.0,19500.0,0,286.0,1,0,0
28,51,2025.0,275,4,3,1.6,1,0.0,27995.0,2,120.0,0,0,0
13,27,2008.0,152,18,3,2.4,0,170000.0,13500.0,1,185.0,1,0,0
32,5,2012.0,344,18,3,2.3,0,135000.0,7500.0,1,150.0,0,1,0
11,34,2019.0,136,18,3,2.0,1,95596.0,18320.0,0,143.0,0,0,0
18,82,2021.0,210,21,3,1.8,1,68000.0,20400.0,0,170.0,0,1,0
13,27,2001.0,155,13,3,2.0,0,247000.0,10500.0,1,148.0,1,0,0
6,11,2024.0,106,4,3,1.6,0,0.0,22640.0,2,165.0,0,0,0
5,110,2025.0,92,22,3,1.2,1,0.0,24400.0,2,132.0,1,0,0
4,101,2015.0,65,2,3,1.6,1,118400.0,12080.0,0,125.0,0,1,0
25,17,2020.0,255,13,3,1.6,0,39000.0,59990.0,2,211.0,1,0,0
1,72,2017.0,5,21,3,1.4,0,130000.0,28000.0,0,150.0,1,0,0
6,11,2020.0,110,22,3,1.6,1,63500.0,19500.0,1,165.0,0,0,0
5,110,2021.0,95,22,3,1.2,1,98648.0,21200.0,2,132.0,1,0,0
13,27,2017.0,154,15,3,2.4,1,98000.0,23000.0,1,175.0,0,0,0
3,125,2018.0,60,18,3,3.0,0,87028.0,89000.0,2,306.0,1,0,0
5,110,2024.0,91,4,3,1.2,1,0.0,24400.0,0,132.0,1,0,0
11,100,2021.0,145,4,3,1.5,1,120000.0,23600.0,1,143.0,1,0,0
6,10,2024.0,103,22,3,1.0,1,0.0,23280.0,1,120.0,0,0,0
29,1,2019.0,303,13,3,1.6,1,63000.0,29500.0,1,165.0,1,0,0
36,97,2020.0,400,17,3,1.6,0,53600.0,25200.0,0,110.0,0,0,0
28,51,2021.0,275,13,3,1.6,1,30000.0,21440.0,0,120.0,0,1,0
1,73,2012.0,8,13,3,2.0,0,120000.0,17800.0,1,170.0,1,1,0
28,129,2007.0,285,13,0,2.8,0,280000.0,13500.0,1,123.0,1,1,0
11,54,2014.0,141,18,3,1.6,0,105000.0,15500.0,0,150.0,0,1,0
11,34,2015.0,134,4,3,2.0,0,121000.0,13600.0,1,143.0,0,1,0
36,96,2021.0,398,4,3,1.4,1,71208.0,30600.0,2,150.0,0,0,0
31,32,2011.0,328,18,3,2.0,0,141000.0,10000.0,0,138.0,0,1,0
36,63,2025.0,397,13,3,1.0,1,0.0,24000.0,2,101.0,0,0,0
28,51,2025.0,276,4,3,1.6,1,0.0,29600.0,0,120.0,1,0,0
28,51,2021.0,277,22,3,1.6,1,23300.0,22400.0,2,120.0,0,1,0
35,95,2022.0,393,4,0,2.8,1,39000.0,57000.0,2,204.0,1,0,0
14,113,2013.0,178,13,3,2.0,0,140000.0,13500.0,0,154.0,0,0,0
11,34,2014.0,130,13,3,1.6,0,120000.0,13800.0,0,110.0,0,1,0
29,0,2021.0,293,13,3,1.6,1,77000.0,16280.0,2,120.0,0,1,0
29,1,2017.0,303,2,3,1.6,1,99000.0,26240.0,0,165.0,1,0,0
5,110,2015.0,92,4,3,1.8,1,99920.0,13680.0,2,140.0,0,1,0
1,75,2013.0,13,13,3,2.0,0,120000.0,23000.0,1,225.0,1,0,0
36,107,2019.0,409,18,3,1.4,1,135000.0,27500.0,1,150.0,1,0,0
5,110,2017.0,92,4,3,1.8,1,69900.0,14800.0,1,140.0,1,0,0
31,32,2011.0,327,18,3,1.6,0,138000.0,10700.0,0,110.0,0,1,0
35,46,2011.0,374,13,0,3.0,0,160000.0,23500.0,1,171.0,1,1,0
34,115,1990.0,362,4,3,1.6,0,150000.0,13500.0,1,120.0,1,1,1
36,108,2019.0,412,4,3,2.0,0,79000.0,24800.0,2,150.0,0,0,0
35,81,2018.0,387,22,3,2.0,1,87600.0,32000.0,1,110.0,1,1,0
28,51,2025.0,275,4,3,1.6,0,0.0,21080.0,0,120.0,0,0,0
10,71,2024.0,125,13,3,1.3,1,0.0,16000.0,0,110.0,0,0,0
5,110,2018.0,92,4,3,1.8,1,101652.0,14800.0,2,140.0,1,1,0
3,117,2018.0,34,13,3,2.0,1,87028.0,39040.0,1,192.0,1,1,0
31,32,2025.0,329,13,3,1.3,1,0.0,17747.0,0,155.0,1,1,0
25,17,2018.0,255,15,3,1.6,0,78000.0,34000.0,0,156.0,1,0,0
5,110,2025.0,94,4,3,1.2,1,0.0,26800.0,2,132.0,1,0,0
22,36,2014.0,240,18,3,2.0,0,140000.0,19000.0,1,240.0,0,0,0
6,11,2021.0,110,4,3,1.6,1,80000.0,18000.0,0,165.0,0,0,0
21,92,2019.0,231,4,3,2.0,1,103000.0,23192.0,0,154.0,0,0,0
36,107,2012.0,409,2,3,2.0,0,140000.0,18400.0,0,200.0,1,0,0
10,71,2025.0,124,13,3,1.0,1,0.0,22891.0,2,110.0,0,0,0
18,23,2025.0,200,13,3,1.3,1,0.0,36400.0,2,272.0,0,0,0
18,23,2025.0,200,4,3,1.3,1,0.0,41812.0,0,272.0,0,0,0
36,96,2022.0,398,4,3,1.4,1,64000.0,28000.0,1,150.0,0,0,0
11,34,2020.0,134,4,0,1.5,0,73000.0,17400.0,2,123.0,0,1,0
6,11,2025.0,110,18,3,1.6,1,0.0,28000.0,2,165.0,0,0,0
31,13,2019.0,320,13,4,2.0,1,100200.0,19120.0,0,110.0,0,1,0
11,34,2013.0,134,18,3,2.0,0,168402.0,10072.0,0,143.0,0,1,0
11,34,2018.0,134,2,3,1.5,0,103060.0,18904.0,2,123.0,0,1,0
29,0,2020.0,299,21,3,1.6,1,78000.0,15920.0,0,120.0,0,1,0
31,32,2012.0,327,18,3,1.6,0,190000.0,10800.0,1,110.0,0,1,0
36,63,2021.0,397,4,3,1.0,1,46000.0,23600.0,0,101.0,0,0,0
3,117,2018.0,34,4,3,2.0,1,113000.0,28990.0,0,192.0,1,1,0
1,78,2025.0,17,13,2,3.0,1,0.0,185000.0,2,340.0,1,0,0
1,73,2025.0,8,18,3,1.4,1,0.0,57900.0,2,150.0,1,0,0
11,34,2018.0,133,4,3,1.5,0,85000.0,15000.0,2,123.0,0,1,0
31,32,2012.0,322,4,3,1.6,0,125000.0,10400.0,0,110.0,0,1,0
35,25,2022.0,369,4,2,1.8,1,68282.0,32700.0,2,170.0,0,0,0
13,27,2012.0,152,13,3,2.4,1,97000.0,17600.0,1,185.0,1,0,0
36,97,2020.0,400,4,3,1.6,0,62000.0,23600.0,0,110.0,0,0,0
35,81,2013.0,382,4,3,2.5,0,174000.0,22300.0,1,257.0,1,0,0
36,63,2025.0,397,13,3,1.0,1,0.0,20880.0,2,101.0,0,1,0
18,42,1997.0,203,18,3,5.2,0,327000.0,14000.0,0,286.0,1,1,0
28,51,2025.0,276,4,3,1.6,1,0.0,32999.0,0,120.0,1,0,0
5,110,2015.0,92,13,3,1.8,1,106000.0,13200.0,0,140.0,0,1,0
35,46,2018.0,376,15,0,2.8,1,116000.0,37500.0,1,177.0,1,0,0
36,63,2025.0,397,21,3,1.0,1,0.0,23360.0,0,101.0,0,1,0
1,73,2025.0,8,13,3,1.4,1,0.0,55900.0,2,150.0,1,0,0
11,54,2017.0,142,13,3,2.0,1,121800.0,21900.0,1,143.0,1,0,0
36,96,2021.0,398,13,3,1.4,1,96000.0,25600.0,0,150.0,0,0,0
35,25,2025.0,369,13,3,2.0,1,1000.0,36800.0,1,170.0,0,0,0
4,101,2011.0,65,13,3,2.0,0,145909.0,6800.0,1,127.0,0,1,0
36,96,2025.0,398,4,3,1.4,1,0.0,29200.0,2,150.0,0,0,0
36,63,2024.0,397,13,3,1.0,1,0.0,22400.0,0,116.0,0,1,0
8,50,2013.0,115,4,3,2.4,0,165000.0,16000.0,1,170.0,1,0,0
1,73,2016.0,8,13,3,2.0,0,81859.0,28400.0,2,170.0,1,0,0
35,25,2025.0,369,4,3,2.0,1,1000.0,41500.0,1,170.0,0,0,0
10,71,2025.0,124,4,3,1.0,1,0.0,25600.0,2,110.0,0,0,0
11,34,2020.0,134,2,0,1.5,0,113395.0,18800.0,2,123.0,0,0,0
13,47,2024.0,157,21,3,1.5,1,0.0,39500.0,2,121.0,0,0,0
1,72,2025.0,5,13,3,1.5,0,0.0,55400.0,2,150.0,1,0,0
3,120,2014.0,44,4,3,3.0,0,155000.0,32500.0,0,306.0,1,1,0
36,96,2025.0,398,18,3,1.4,1,0.0,30000.0,2,150.0,0,0,0
5,110,2015.0,92,13,3,1.8,1,110000.0,13280.0,1,140.0,0,1,0
35,95,2025.0,393,4,0,2.8,1,0.0,56950.0,2,204.0,1,0,0
5,110,2016.0,92,21,3,1.8,1,143000.0,12400.0,1,140.0,1,0,0
10,71,2024.0,126,13,3,1.0,1,0.0,23592.0,2,110.0,0,0,0
13,47,2016.0,158,21,3,1.8,1,109000.0,16000.0,1,175.0,0,0,0
16,83,2025.0,189,13,3,1.5,1,0.0,12000.0,0,110.0,0,1,0
18,23,2008.0,199,18,3,2.4,0,160000.0,14500.0,0,170.0,0,0,0
10,71,2024.0,126,8,3,1.0,1,0.0,11200.0,2,110.0,0,0,0
18,23,2018.0,197,13,0,2.4,0,138000.0,23120.0,2,170.0,1,1,0
31,32,2016.0,327,4,3,1.6,1,107000.0,13840.0,0,110.0,0,1,0
11,34,2017.0,136,4,3,1.5,1,66750.0,16800.0,1,123.0,0,1,0
1,73,2019.0,8,4,3,1.4,0,53000.0,35000.0,0,150.0,1,0,0
18,82,2025.0,213,13,3,1.3,1,0.0,33272.0,0,170.0,1,0,0
31,32,2017.0,327,13,3,1.6,1,79000.0,15200.0,0,110.0,0,1,0
36,107,2012.0,406,4,0,2.0,0,200000.0,21000.0,1,140.0,1,0,0
36,97,2025.0,400,4,3,1.0,1,0.0,23440.0,2,110.0,0,1,0
18,23,2025.0,200,18,3,1.3,1,0.0,38400.0,0,272.0,0,0,0
28,51,2020.0,276,22,3,1.6,0,88000.0,20000.0,0,120.0,1,0,0
18,22,2022.0,195,13,0,2.0,0,48653.0,41600.0,2,272.0,1,0,0
5,110,2016.0,92,2,3,1.8,1,109000.0,18000.0,1,140.0,1,0,0
29,0,2016.0,296,18,3,1.6,0,78900.0,16000.0,0,150.0,1,1,0
11,34,2014.0,134,22,3,2.0,0,115000.0,11500.0,0,143.0,0,1,0
28,51,2025.0,276,22,3,1.6,1,0.0,19960.0,2,120.0,1,0,0
14,113,2025.0,183,2,3,1.6,1,0.0,58000.0,2,154.0,0,0,0
18,23,2018.0,197,4,3,2.4,0,90000.0,23500.0,1,170.0,1,1,0
35,25,2024.0,370,13,3,2.0,1,9000.0,36000.0,1,170.0,0,0,0
36,97,2024.0,400,4,3,1.0,1,1111.0,23280.0,1,110.0,0,0,0
31,32,2025.0,329,13,3,1.3,1,0.0,23911.0,2,155.0,1,0,0
5,110,2024.0,95,4,3,1.2,1,0.0,22720.0,2,132.0,1,0,0
5,110,2025.0,95,4,3,1.2,0,0.0,22000.0,2,132.0,1,0,0
18,22,2023.0,195,13,0,2.0,0,13800.0,40720.0,0,272.0,1,0,0
11,34,2019.0,136,2,3,2.0,1,56000.0,19120.0,0,170.0,0,1,0
11,34,2013.0,134,18,3,2.0,0,117000.0,11032.0,0,143.0,0,1,0
28,51,2025.0,275,13,3,1.6,0,0.0,25240.0,2,120.0,0,0,0
29,0,2018.0,296,4,3,1.6,1,103900.0,14960.0,0,150.0,1,1,0
4,101,2011.0,66,21,3,2.0,0,160000.0,9200.0,0,127.0,1,1,0
36,63,2021.0,397,13,3,1.0,1,75000.0,23900.0,0,101.0,0,0,0
21,89,2011.0,226,13,3,2.4,0,198000.0,17500.0,0,163.0,1,0,0
28,51,2018.0,275,22,3,1.6,1,86000.0,17600.0,0,120.0,0,0,0
36,96,2024.0,398,4,3,1.4,1,0.0,30400.0,0,150.0,0,0,0
36,97,2021.0,402,2,3,1.6,1,94500.0,22800.0,0,116.0,0,0,0
11,34,2013.0,134,22,3,1.6,0,94523.0,10320.0,0,110.0,0,1,0
29,0,2018.0,296,13,3,1.6,0,64500.0,14400.0,2,150.0,1,1,0
5,110,2025.0,95,2,3,1.2,0,0.0,22160.0,2,132.0,1,0,0
8,50,2010.0,113,4,3,2.7,1,158000.0,13500.0,1,170.0,1,0,0
5,111,2025.0,96,18,0,2.8,0,0.0,52384.0,2,200.0,1,0,0
18,23,2025.0,200,13,3,1.3,1,0.0,36400.0,2,272.0,0,0,0
24,126,2022.0,252,4,3,2.0,1,45000.0,30880.0,0,110.0,1,0,0
14,26,2021.0,164,22,3,1.6,1,65000.0,20400.0,0,115.0,0,0,0
28,130,2007.0,286,18,3,2.5,0,195456.0,7500.0,1,257.0,1,1,0
31,32,2025.0,329,4,3,1.3,1,0.0,25453.0,2,155.0,1,0,0
11,100,2022.0,144,18,3,1.5,1,48000.0,31000.0,2,143.0,0,0,0
13,27,2009.0,152,8,3,2.4,0,260000.0,11900.0,0,185.0,1,0,0
11,34,2011.0,132,18,3,1.6,0,100000.0,9600.0,1,110.0,0,1,0
14,86,2010.0,171,13,0,2.2,0,164000.0,14500.0,0,110.0,1,1,0
29,0,2020.0,293,13,3,1.6,0,41000.0,14800.0,2,120.0,0,1,0
3,117,2019.0,34,13,3,2.0,1,36000.0,45500.0,1,192.0,1,1,0
29,0,2016.0,293,21,3,1.6,0,128000.0,11700.0,1,120.0,0,1,0
36,63,2021.0,397,4,3,1.0,1,74900.0,25000.0,1,101.0,0,0,0
29,0,2021.0,296,4,3,1.6,0,59050.0,17200.0,0,150.0,1,1,0
34,44,2010.0,351,18,3,2.4,0,242000.0,12000.0,1,110.0,1,1,0
36,96,2024.0,398,2,3,1.4,1,0.0,29200.0,0,150.0,0,0,0
10,71,2025.0,124,22,3,1.0,1,0.0,22800.0,2,110.0,0,0,0
29,0,2018.0,296,13,3,1.6,1,75000.0,14560.0,0,150.0,1,1,0
11,34,2010.0,132,13,3,2.0,0,158000.0,9500.0,0,143.0,0,1,0
35,25,2025.0,369,4,2,1.8,1,1350.0,42500.0,1,170.0,0,0,0
5,110,2023.0,92,13,3,1.2,1,45000.0,21600.0,1,132.0,1,0,0
11,34,2008.0,137,18,3,2.0,1,175000.0,7584.0,0,143.0,0,1,0
29,0,2020.0,296,21,3,1.6,0,42900.0,19900.0,1,150.0,1,1,0
28,51,2025.0,276,22,3,1.6,1,0.0,28400.0,2,120.0,1,0,0
29,0,2017.0,299,18,3,1.6,1,52000.0,14800.0,0,120.0,0,1,0
36,97,2024.0,400,13,3,1.0,1,1111.0,24960.0,1,110.0,0,1,0
13,27,2014.0,154,18,3,2.4,1,173000.0,19500.0,1,185.0,0,0,0
11,34,2017.0,136,21,3,1.5,1,80000.0,15040.0,0,123.0,0,1,0
31,33,2017.0,333,18,3,1.6,1,129000.0,14800.0,0,110.0,0,1,0
28,51,2018.0,275,2,3,1.6,1,67000.0,21000.0,1,120.0,0,1,0
13,47,2017.0,157,21,3,1.8,1,90000.0,22000.0,0,154.0,0,0,0
36,63,2024.0,397,13,3,1.0,1,0.0,28640.0,0,116.0,0,0,0
11,34,2017.0,134,4,3,1.6,0,129000.0,16000.0,0,110.0,0,1,0
21,89,2018.0,226,4,3,2.4,0,100000.0,29000.0,0,154.0,0,0,0
11,100,2025.0,144,21,3,1.8,1,0.0,37282.0,0,85.0,1,0,0
35,25,2022.0,369,21,3,2.0,0,40000.0,33900.0,2,170.0,0,0,0
11,34,2013.0,136,18,3,1.6,0,123000.0,12320.0,0,110.0,0,1,0
36,63,2023.0,397,13,3,1.0,1,44000.0,25500.0,1,101.0,0,0,0
21,90,2009.0,227,4,3,1.6,0,132000.0,8000.0,1,132.0,0,1,0
5,110,2025.0,92,13,3,1.2,1,0.0,25200.0,2,132.0,1,0,0
18,23,2018.0,200,18,3,2.4,1,75600.0,36900.0,0,170.0,0,0,0
35,25,2024.0,369,4,2,1.8,1,500.0,41000.0,1,170.0,0,0,0
11,34,2018.0,134,2,3,1.5,0,59000.0,16800.0,0,123.0,0,1,0
5,110,2014.0,92,18,3,1.8,0,99000.0,13200.0,2,140.0,0,1,0
4,101,2013.0,65,18,3,2.0,1,170000.0,8800.0,1,127.0,0,1,0
28,51,2021.0,276,13,3,1.6,1,61000.0,24000.0,2,120.0,1,0,0
36,97,2024.0,400,21,3,1.0,1,0.0,23368.0,1,110.0,0,0,0
28,51,2023.0,275,13,3,1.6,1,51450.0,23200.0,0,120.0,0,0,0
36,63,2024.0,397,18,3,1.0,1,0.0,22528.0,1,116.0,0,1,0
35,25,2025.0,370,13,3,2.0,1,0.0,33131.0,2,170.0,0,0,0
31,32,2012.0,322,2,3,1.6,0,170000.0,11800.0,0,110.0,0,1,0
14,113,2008.0,178,13,0,2.0,0,243000.0,8800.0,1,154.0,1,1,0
1,73,2025.0,8,18,3,2.0,1,0.0,69000.0,2,180.0,1,0,0
28,51,2021.0,276,22,3,1.6,1,76000.0,24000.0,1,120.0,1,0,0
2,124,2024.0,24,1,3,1.5,1,0.0,38900.0,2,185.0,0,0,0
36,107,2013.0,409,13,3,2.0,0,137000.0,16000.0,1,200.0,1,1,0
29,0,2022.0,296,21,3,1.6,1,76946.0,16960.0,2,150.0,1,1,0
36,96,2025.0,398,4,3,1.4,1,0.0,30090.0,2,150.0,0,0,0
31,13,2020.0,318,13,3,2.0,1,97400.0,17520.0,0,110.0,0,1,0
2,124,2024.0,24,13,3,1.5,1,0.0,38900.0,2,185.0,0,0,0
11,34,2016.0,136,4,3,1.6,0,171000.0,11200.0,1,110.0,0,1,0
25,18,2018.0,261,2,3,3.0,0,87028.0,55000.0,1,367.0,1,0,0
37,128,2021.0,420,2,3,2.0,0,115000.0,49000.0,0,240.0,1,0,0
11,34,2016.0,136,4,3,1.6,0,150000.0,13840.0,0,110.0,0,1,0
35,46,2021.0,375,21,0,2.8,1,59050.0,50000.0,1,177.0,1,0,0
31,32,2013.0,322,18,3,1.6,0,175000.0,12000.0,1,110.0,0,1,0
18,82,2025.0,209,13,3,1.3,1,0.0,26000.0,2,170.0,0,0,0
31,32,2013.0,330,26,3,1.6,0,189000.0,9040.0,1,110.0,0,1,0
31,32,2025.0,329,13,3,1.3,1,0.0,26400.0,2,155.0,1,0,0
28,51,2021.0,276,22,3,1.6,1,40000.0,25500.0,0,120.0,1,0,0
31,32,2013.0,322,18,3,1.6,0,150000.0,12000.0,0,110.0,0,1,0
1,75,2011.0,13,4,3,3.2,1,120000.0,32000.0,1,270.0,1,0,0
28,51,2025.0,275,4,3,1.6,0,0.0,28824.0,2,120.0,0,0,0
11,34,2013.0,130,13,3,1.6,0,116000.0,11760.0,1,110.0,0,1,0
5,110,2022.0,92,2,3,1.2,0,49500.0,21600.0,2,132.0,1,0,0
36,109,2010.0,416,21,3,3.6,0,105500.0,23000.0,1,240.0,0,0,0
11,8,2023.0,129,13,3,2.0,1,10123.0,44500.0,1,110.0,1,0,0
35,46,2018.0,375,13,0,2.8,1,100000.0,40500.0,0,177.0,1,0,0
28,51,2019.0,276,22,3,1.6,1,49000.0,16666.0,0,120.0,1,0,0
31,32,2019.0,327,22,3,1.6,1,98000.0,14880.0,1,110.0,0,1,0
35,25,2021.0,369,22,2,1.8,1,62000.0,30800.0,0,170.0,0,0,0
5,111,2025.0,99,18,0,2.8,1,0.0,47520.0,2,200.0,1,0,0
13,27,2012.0,154,18,3,2.4,0,150000.0,16500.0,1,185.0,0,0,0
5,110,2014.0,92,13,3,1.8,0,118000.0,11900.0,0,140.0,0,1,0
13,47,2002.0,156,22,3,1.8,0,204000.0,6500.0,1,121.0,1,1,0
8,50,2014.0,115,21,3,2.4,0,137000.0,18000.0,0,170.0,1,0,0
5,110,2021.0,92,13,3,1.2,1,58000.0,22240.0,0,132.0,1,0,0
1,77,2012.0,16,13,3,3.0,0,155000.0,35000.0,0,333.0,1,0,0
11,34,2021.0,136,4,3,1.5,0,45000.0,21600.0,1,123.0,0,1,0
28,51,2025.0,275,22,3,1.6,0,0.0,25200.0,2,120.0,0,0,0
31,32,2012.0,322,2,3,1.6,0,130000.0,9200.0,0,110.0,0,1,0
29,0,2025.0,297,18,3,1.0,1,0.0,33128.0,0,120.0,0,0,0
5,110,2023.0,92,2,3,1.2,1,33000.0,22320.0,0,132.0,1,0,0
18,42,2018.0,203,18,3,3.6,0,69300.0,47500.0,1,286.0,1,0,0
29,0,2025.0,297,13,3,1.0,1,0.0,31320.0,2,120.0,0,0,0
29,0,2025.0,293,13,3,1.0,1,0.0,27440.0,2,120.0,0,0,0
36,97,2021.0,402,18,3,1.6,1,102000.0,19120.0,0,116.0,0,1,0
18,82,2024.0,209,4,3,1.3,1,8400.0,32500.0,0,175.0,0,0,0
5,41,1999.0,85,13,0,4.2,0,260000.0,16000.0,1,110.0,0,1,0
36,97,2025.0,400,13,3,1.0,1,0.0,28800.0,2,110.0,0,0,0
4,104,2025.0,73,4,3,1.5,1,0.0,27600.0,0,127.0,1,0,0
3,117,2017.0,34,13,3,2.0,1,150000.0,25800.0,0,192.0,1,1,0
18,82,2025.0,209,13,3,1.3,1,0.0,30800.0,0,170.0,0,0,0
31,32,2016.0,327,21,3,1.6,1,109000.0,15600.0,0,110.0,0,1,0
36,63,2024.0,397,13,3,1.0,1,0.0,22400.0,2,116.0,0,1,0
21,90,2016.0,228,4,3,1.6,1,93000.0,16400.0,1,132.0,1,0,0
36,63,2024.0,397,2,3,1.0,1,0.0,24800.0,0,116.0,0,1,0
36,63,2024.0,397,2,3,1.0,1,1111.0,24080.0,1,116.0,0,1,0
29,0,2025.0,297,4,3,1.0,1,0.0,23536.0,2,120.0,0,0,0
5,110,2023.0,95,4,3,1.2,0,49000.0,24800.0,0,132.0,1,0,0
11,34,2012.0,132,4,3,1.6,0,127000.0,10240.0,0,110.0,0,1,0
18,22,2025.0,195,13,0,2.0,1,0.0,52152.0,0,272.0,1,0,0
6,11,2022.0,106,13,3,1.6,0,32000.0,18320.0,2,165.0,0,0,0
11,100,2021.0,144,4,3,2.0,0,60000.0,30000.0,0,85.0,1,0,0
18,23,2024.0,200,4,3,1.3,1,0.0,37076.0,2,170.0,0,0,0
5,110,2019.0,92,13,3,1.8,1,82000.0,19300.0,0,140.0,1,0,0
11,34,2019.0,130,2,3,1.5,0,44500.0,15600.0,2,123.0,0,1,0
36,97,2025.0,400,21,3,1.0,1,0.0,23992.0,2,110.0,0,0,0
11,34,2018.0,130,13,3,1.5,1,70000.0,16800.0,0,123.0,0,1,0
28,51,2025.0,277,22,3,1.6,1,2300.0,25600.0,1,120.0,0,1,0
5,110,2015.0,92,21,3,1.8,1,71000.0,13500.0,0,140.0,0,1,0
11,34,2017.0,136,4,3,1.5,1,74000.0,16480.0,1,123.0,0,1,0
14,113,2018.0,182,4,3,2.0,1,80000.0,25900.0,0,154.0,0,0,0
29,0,2025.0,297,4,3,1.0,1,0.0,35600.0,0,120.0,0,0,0
14,113,2017.0,173,13,3,2.0,1,78120.0,20400.0,0,154.0,0,1,0
28,129,2006.0,285,18,0,2.8,0,260000.0,14000.0,1,123.0,1,1,0
35,46,1998.0,375,13,0,3.0,0,321000.0,17000.0,0,171.0,1,1,0
36,96,2023.0,398,13,3,1.4,1,15000.0,34900.0,0,150.0,0,0,0
3,117,2019.0,34,13,3,2.0,1,85000.0,35100.0,0,192.0,1,1,0
6,11,2020.0,108,4,3,1.6,1,66870.0,16000.0,1,165.0,0,1,0
28,51,2020.0,275,0,3,1.6,1,81900.0,21240.0,2,120.0,0,0,0
36,63,2025.0,397,4,3,1.0,1,0.0,20480.0,2,101.0,0,0,0
18,42,2006.0,202,13,0,3.0,0,154015.0,14000.0,0,286.0,1,1,0
36,97,2025.0,400,21,3,1.0,1,0.0,23040.0,2,110.0,0,0,0
10,71,2024.0,125,13,3,1.3,1,0.0,20800.0,0,110.0,0,0,0
11,54,2016.0,142,18,3,2.0,1,78000.0,25600.0,0,143.0,1,0,0
11,34,2017.0,134,21,3,1.6,0,139000.0,14320.0,0,110.0,0,1,0
28,51,2019.0,277,4,3,1.6,0,97000.0,17440.0,2,120.0,0,1,0
36,96,2025.0,398,4,3,1.4,1,0.0,36880.0,0,150.0,0,0,0
18,82,2024.0,208,13,3,1.3,1,0.0,28720.0,2,175.0,0,0,0
16,83,2025.0,189,13,3,1.5,1,0.0,19120.0,0,110.0,0,1,0
29,0,2017.0,293,15,3,1.6,0,50000.0,15500.0,1,120.0,0,1,0
2,121,2025.0,21,4,3,1.5,1,0.0,28100.0,2,148.0,1,0,0
5,110,2018.0,92,4,3,1.8,1,66000.0,16960.0,0,140.0,1,1,0
11,34,2018.0,136,13,3,1.5,1,139000.0,17200.0,0,123.0,0,1,0
28,51,2025.0,276,13,3,1.6,1,0.0,29560.0,2,120.0,1,0,0
5,110,2024.0,95,22,3,1.2,1,0.0,21279.0,2,132.0,1,0,0
11,34,2021.0,130,13,3,1.5,0,89000.0,19600.0,0,123.0,0,1,0
32,60,2001.0,346,22,0,2.9,0,246000.0,11000.0,1,110.0,0,1,0
11,34,2016.0,134,4,3,1.6,0,148000.0,13900.0,0,110.0,0,1,0
14,113,2016.0,178,13,3,2.0,1,103000.0,25900.0,1,154.0,1,0,0
36,63,2021.0,397,4,3,1.0,1,39600.0,25400.0,0,101.0,0,0,0
2,124,2023.0,24,1,3,1.5,1,0.0,38900.0,2,185.0,0,1,0
6,11,2023.0,106,4,3,1.6,0,11000.0,18800.0,2,165.0,0,1,0
35,46,2009.0,374,13,0,3.0,0,244000.0,25000.0,1,171.0,1,1,0
10,71,2025.0,124,13,3,1.0,1,1100.0,22800.0,2,110.0,0,0,0
5,110,2015.0,92,4,3,1.8,1,101000.0,14392.0,0,140.0,0,1,0
35,81,2017.0,385,4,3,2.0,0,61000.0,27600.0,0,110.0,0,0,0
31,52,2025.0,335,13,3,2.5,1,0.0,38800.0,0,257.0,1,0,0
28,51,2020.0,275,22,3,1.6,1,95000.0,20400.0,0,120.0,0,1,0
25,19,2018.0,262,18,3,3.0,1,87028.0,95000.0,0,333.0,1,0,1
1,73,2015.0,6,4,0,2.0,0,137000.0,20000.0,1,177.0,1,0,0
29,0,2025.0,293,4,3,1.0,1,0.0,26960.0,0,120.0,0,0,0
18,23,2021.0,199,13,3,2.4,1,92000.0,22400.0,0,170.0,0,0,0
31,32,2015.0,327,21,3,2.0,1,171000.0,12000.0,1,143.0,0,1,0
18,82,2024.0,210,13,3,1.8,1,0.0,27990.0,2,175.0,0,0,0
5,110,2014.0,92,13,3,1.8,0,135000.0,15000.0,1,140.0,1,0,0
14,113,2012.0,178,4,3,2.0,0,141000.0,15000.0,1,154.0,0,1,0
30,14,2013.0,306,13,3,3.6,0,173000.0,45900.0,1,300.0,0,0,0
36,96,2023.0,398,2,3,1.4,1,5000.0,31500.0,1,150.0,0,0,0
10,71,2025.0,125,22,3,1.3,0,0.0,28000.0,2,110.0,0,0,0
5,110,2016.0,92,21,3,1.8,1,140000.0,13440.0,1,140.0,1,0,0
5,110,2025.0,95,4,3,1.2,0,0.0,24720.0,0,132.0,1,1,0
5,110,2025.0,92,13,3,1.2,1,0.0,24321.0,2,132.0,1,0,0
31,32,2025.0,329,13,3,1.3,1,0.0,21122.0,0,155.0,1,1,0
5,110,2024.0,95,18,3,1.2,1,1000.0,21200.0,2,132.0,1,0,0
25,18,2017.0,258,18,3,2.0,1,48000.0,70000.0,1,367.0,1,0,0
3,120,2023.0,43,18,3,2.0,0,16422.0,82900.0,1,252.0,1,1,0
28,51,2021.0,275,18,3,1.6,1,45000.0,26400.0,1,120.0,0,0,0
36,107,2016.0,409,4,3,2.0,0,100000.0,22000.0,0,200.0,1,0,0
28,51,2021.0,275,13,3,1.6,1,79000.0,19120.0,2,120.0,0,0,0
5,110,2015.0,92,13,3,1.8,1,73000.0,14500.0,1,140.0,0,1,0
31,32,2013.0,322,18,3,1.6,0,203000.0,8400.0,1,110.0,0,1,0
29,0,2025.0,292,4,3,1.0,1,0.0,26000.0,0,120.0,0,1,0
11,100,2024.0,144,15,3,1.8,1,0.0,38000.0,1,85.0,1,0,0
11,100,2025.0,144,2,3,1.8,1,0.0,38392.0,0,85.0,1,0,0
36,97,2022.0,400,4,3,1.0,1,42000.0,26880.0,1,110.0,0,0,0
6,11,2018.0,110,22,3,1.2,0,84000.0,14000.0,2,165.0,0,0,0
1,72,2025.0,5,13,3,1.5,0,0.0,55000.0,2,150.0,1,0,0
5,110,2015.0,92,4,3,1.8,1,96000.0,13520.0,0,140.0,0,1,0
5,110,2018.0,92,4,3,1.8,1,98700.0,18000.0,1,140.0,1,1,0
11,34,2013.0,134,2,3,1.6,0,191000.0,10720.0,0,110.0,0,1,0
36,107,2014.0,409,5,3,2.0,0,143000.0,17520.0,0,200.0,1,1,0
28,51,2025.0,275,21,3,1.6,1,0.0,27119.0,0,120.0,0,0,0
3,117,2017.0,32,21,3,2.0,1,84000.0,33500.0,1,231.0,1,1,0
35,46,2016.0,375,13,0,2.8,1,91000.0,34320.0,0,177.0,1,1,0
31,52,2021.0,338,13,3,2.5,0,17372.0,34000.0,2,110.0,1,0,0
30,14,2017.0,309,13,3,3.6,0,98000.0,110000.0,0,300.0,1,0,0
36,97,2024.0,400,13,3,1.0,1,1111.0,24400.0,1,110.0,0,0,0
6,10,2025.0,103,4,3,1.0,1,0.0,23920.0,0,120.0,0,0,0
5,110,2025.0,95,2,3,1.2,0,0.0,21512.0,2,132.0,1,0,0
28,51,2018.0,275,18,3,1.6,1,65000.0,17600.0,1,120.0,0,0,0
36,96,2025.0,398,4,3,1.4,1,0.0,36960.0,2,150.0,0,0,0
36,97,2019.0,402,2,3,1.6,0,124000.0,18640.0,0,116.0,0,0,0
5,111,2025.0,99,18,0,2.8,1,0.0,45360.0,2,200.0,1,0,0
36,96,2024.0,398,13,3,1.4,1,0.0,36000.0,1,150.0,0,0,0
18,22,2025.0,195,4,3,1.3,1,0.0,40271.0,2,272.0,0,0,0
5,110,2025.0,92,4,3,1.2,1,0.0,26476.0,2,132.0,1,0,0
29,0,2018.0,296,4,3,1.6,1,89000.0,14800.0,0,150.0,1,1,0
2,124,2025.0,25,4,3,1.5,1,0.0,37900.0,0,185.0,0,0,0
6,11,2020.0,110,13,3,1.6,1,91000.0,17990.0,2,165.0,0,0,0
29,0,2022.0,296,4,3,1.6,1,24000.0,22500.0,0,150.0,1,1,0
31,13,2017.0,320,13,3,2.0,0,93000.0,15840.0,0,110.0,0,1,0
29,1,2022.0,304,13,2,1.6,1,15000.0,52500.0,1,300.0,1,0,0
5,111,2014.0,98,13,0,2.8,0,167000.0,19600.0,0,180.0,1,0,0
18,22,2025.0,195,21,0,2.0,1,0.0,44800.0,2,272.0,1,0,0
28,51,2020.0,277,13,3,1.6,0,46000.0,21000.0,1,120.0,0,1,0
14,113,2012.0,178,13,3,2.0,1,210000.0,13800.0,1,154.0,0,1,0
11,34,2010.0,132,18,3,2.0,0,192000.0,5600.0,1,143.0,0,1,0
18,23,2018.0,198,18,3,2.4,1,99000.0,24000.0,1,170.0,1,1,0
6,11,2018.0,110,4,3,1.2,0,63000.0,12720.0,0,165.0,0,0,0
6,11,2019.0,106,4,3,1.6,0,80000.0,14560.0,0,165.0,0,1,0
21,90,2011.0,229,4,3,1.6,0,174000.0,11200.0,0,132.0,0,1,0
31,33,2021.0,334,22,3,2.0,0,65100.0,19600.0,0,138.0,0,1,0
11,34,2016.0,130,4,3,2.0,0,95000.0,13440.0,2,143.0,1,1,0
1,74,2021.0,9,21,3,1.4,0,77100.0,46900.0,0,150.0,1,0,0
6,11,2021.0,110,4,3,1.6,1,24500.0,20400.0,1,165.0,0,0,0
5,110,2021.0,92,4,3,1.2,1,56000.0,20500.0,0,132.0,1,0,0
29,0,2025.0,297,13,3,1.6,1,999.0,33600.0,0,120.0,0,0,0
18,23,2019.0,199,4,3,2.4,1,79000.0,18800.0,1,170.0,0,1,0
31,32,2013.0,326,22,3,2.0,0,192000.0,11120.0,1,138.0,0,1,0
18,23,2025.0,200,4,3,1.3,1,0.0,21235.0,2,272.0,0,0,0
31,32,2013.0,326,21,3,2.0,0,198000.0,12000.0,1,138.0,0,1,0
11,54,2014.0,142,4,3,1.6,0,76200.0,19000.0,1,180.0,1,0,0
11,34,2016.0,136,22,3,1.6,0,118000.0,15919.0,0,110.0,0,1,0
18,23,2014.0,199,18,3,2.4,1,150000.0,18500.0,1,170.0,0,0,0
36,63,2022.0,397,22,3,1.0,1,45000.0,20000.0,1,101.0,0,0,0
14,113,2017.0,174,21,3,2.0,1,105000.0,23500.0,0,154.0,0,1,0
36,108,2024.0,414,2,3,2.0,1,0.0,48320.0,0,150.0,0,0,0
11,34,2015.0,136,4,3,2.0,0,130000.0,14500.0,1,143.0,0,1,0
35,81,2014.0,385,4,3,2.0,0,117000.0,22800.0,0,110.0,0,0,0
11,34,2020.0,130,4,3,1.5,1,70591.0,16800.0,2,123.0,0,1,0
31,32,2017.0,327,13,3,2.0,1,118000.0,16000.0,0,143.0,0,1,0
35,81,2020.0,388,2,2,2.5,1,46000.0,40000.0,1,110.0,0,0,0
14,113,2008.0,178,18,0,2.0,0,153000.0,10400.0,0,154.0,1,0,0
36,63,2024.0,397,4,3,1.0,1,0.0,23600.0,2,116.0,0,0,0
11,34,2018.0,130,4,3,1.5,1,87000.0,16000.0,0,123.0,0,1,0
18,82,2025.0,208,13,3,1.3,1,0.0,29512.0,0,170.0,0,0,0
36,63,2021.0,397,13,3,1.0,1,91000.0,21600.0,2,101.0,0,0,0
36,96,2025.0,398,13,3,1.4,1,0.0,33520.0,0,150.0,0,0,0
31,32,2015.0,327,5,3,1.6,1,122000.0,13600.0,0,110.0,0,1,0
36,97,2020.0,403,4,3,1.6,1,104200.0,20800.0,0,110.0,0,1,0
18,42,2012.0,204,18,3,3.6,1,197000.0,27500.0,0,286.0,1,0,0
28,51,2025.0,275,13,3,1.6,0,0.0,28233.0,0,120.0,0,0,0
6,10,2025.0,103,13,3,1.6,1,0.0,22400.0,0,120.0,0,1,0
10,71,2023.0,125,4,3,1.3,1,0.0,21120.0,2,110.0,0,0,0
19,126,2024.0,219,13,3,1.5,1,1111.0,30880.0,0,257.0,1,0,0
31,32,2018.0,327,4,3,2.0,1,92400.0,15200.0,0,143.0,0,1,0
10,71,2024.0,125,22,3,1.3,1,0.0,21742.0,2,110.0,0,1,0
18,42,2013.0,203,18,3,3.6,1,204000.0,22900.0,1,286.0,1,0,0
5,110,2025.0,95,13,3,1.2,0,0.0,21199.0,2,132.0,1,0,0
6,11,2022.0,106,18,3,1.6,1,56000.0,17600.0,1,165.0,0,1,0
31,32,2013.0,322,18,3,1.6,0,159000.0,11600.0,1,110.0,0,1,0
18,23,2025.0,200,4,3,1.3,1,0.0,37076.0,2,272.0,0,0,0
10,71,2025.0,126,13,3,1.0,0,0.0,26640.0,0,110.0,0,0,0
11,34,2016.0,134,4,3,1.6,0,71000.0,13280.0,0,110.0,0,1,0
6,10,2025.0,103,13,3,1.6,1,0.0,23200.0,2,120.0,0,1,0
11,54,2011.0,143,18,3,2.5,0,138000.0,11360.0,1,180.0,1,1,0
2,121,2023.0,20,4,3,1.5,1,0.0,24900.0,2,148.0,0,0,0
29,0,2022.0,298,21,3,1.6,0,45380.0,22000.0,0,120.0,0,0,0
36,96,2025.0,398,21,3,1.4,1,0.0,35840.0,0,150.0,0,0,0
29,0,2024.0,293,13,3,1.0,1,6000.0,29800.0,1,120.0,0,1,0
6,11,2018.0,110,29,3,1.2,1,92000.0,13500.0,1,165.0,0,0,0
36,97,2025.0,400,13,3,1.0,1,0.0,31200.0,2,110.0,0,0,0
14,86,2009.0,171,21,3,2.7,0,132137.0,14500.0,1,110.0,1,0,0
6,10,2025.0,103,21,3,1.0,1,0.0,22480.0,0,120.0,0,0,0
5,110,2019.0,92,13,3,1.8,1,91000.0,16400.0,0,140.0,0,1,0
35,46,2006.0,374,4,0,3.0,1,252000.0,23900.0,1,171.0,1,0,0
31,32,2017.0,327,21,3,1.6,1,138000.0,14880.0,1,110.0,0,1,0
31,32,2025.0,329,21,3,1.3,1,0.0,26800.0,2,155.0,1,1,0
21,92,2008.0,231,18,3,2.0,0,300000.0,5000.0,1,154.0,0,1,0
14,113,2017.0,180,13,0,2.0,1,73000.0,28800.0,1,154.0,0,0,0
14,26,2023.0,165,13,3,1.6,1,22000.0,26900.0,0,115.0,0,0,0
5,110,2017.0,92,2,3,1.8,1,104000.0,16000.0,0,140.0,1,0,0
29,0,2025.0,297,18,3,1.0,1,0.0,32800.0,0,120.0,0,0,0
31,32,2020.0,327,18,3,2.0,1,69500.0,17600.0,1,143.0,0,1,0
36,97,2025.0,400,4,3,1.0,1,0.0,31120.0,2,110.0,0,0,0
4,101,2013.0,66,13,3,2.0,0,119000.0,10900.0,0,138.0,0,0,0
36,97,2025.0,400,4,3,1.0,1,0.0,29600.0,2,110.0,0,0,0
31,32,2019.0,327,15,3,2.0,1,79000.0,15600.0,0,143.0,0,1,0
28,51,2025.0,275,22,3,1.6,0,0.0,28000.0,0,120.0,0,0,0
36,63,2025.0,397,4,3,1.0,1,0.0,23192.0,2,101.0,0,0,0
35,25,2024.0,371,4,3,2.0,1,0.0,32500.0,0,170.0,0,0,0
5,110,2020.0,95,13,3,1.2,1,124000.0,18320.0,1,132.0,1,0,0
11,34,2022.0,134,13,3,1.5,0,70735.0,18960.0,0,123.0,0,1,0
11,34,2018.0,136,2,3,1.5,1,106900.0,18240.0,2,123.0,0,1,0
5,110,2025.0,92,4,3,1.2,1,0.0,28560.0,0,132.0,1,0,0
11,54,2020.0,141,13,2,2.5,0,70000.0,26999.0,0,143.0,0,0,0
4,104,2023.0,73,22,3,1.5,0,0.0,29900.0,0,127.0,1,0,0
14,113,2017.0,176,21,3,2.0,0,90000.0,27500.0,0,154.0,0,1,0
5,110,2025.0,94,4,3,1.2,1,0.0,28832.0,2,132.0,1,0,0
35,25,2023.0,369,4,2,1.8,1,73500.0,30400.0,0,170.0,0,0,0
5,111,2019.0,98,15,0,2.8,1,81000.0,34500.0,1,200.0,1,0,0
35,46,2019.0,375,4,0,2.8,1,119000.0,38400.0,0,177.0,1,0,0
18,23,2025.0,200,13,3,1.3,1,0.0,36800.0,2,272.0,0,0,0
29,0,2021.0,293,22,3,1.6,1,85540.0,16000.0,2,120.0,0,1,0
5,110,2025.0,95,13,3,1.2,1,0.0,25160.0,2,132.0,1,0,0
13,47,2016.0,158,4,3,1.8,1,109000.0,19200.0,1,175.0,0,0,0
35,46,2014.0,374,13,0,3.0,1,135000.0,27800.0,1,171.0,1,1,0
5,110,2016.0,92,4,3,1.8,1,78000.0,14000.0,1,140.0,1,0,0
18,23,2025.0,200,18,3,1.3,1,0.0,21680.0,2,272.0,0,0,0
29,0,2017.0,293,15,3,1.6,1,90000.0,14640.0,1,120.0,0,1,0
11,34,2017.0,136,4,3,1.6,0,89000.0,16500.0,0,110.0,0,1,0
11,100,2025.0,144,23,3,1.8,1,0.0,37281.0,2,85.0,1,0,0
14,113,2025.0,183,13,3,1.6,1,0.0,58000.0,2,154.0,0,0,0
11,100,2024.0,144,4,3,1.8,1,1111.0,31528.0,0,85.0,1,0,0
5,110,2018.0,92,13,3,1.8,1,96000.0,16500.0,2,140.0,0,1,0
18,82,2025.0,209,4,3,1.3,1,0.0,31474.0,2,170.0,0,0,0
11,34,2013.0,134,13,3,1.6,0,104300.0,11040.0,0,110.0,0,1,0
36,97,2025.0,400,4,3,1.0,1,0.0,23120.0,0,110.0,0,0,0
18,82,2018.0,210,21,3,1.8,1,130000.0,19500.0,0,170.0,0,0,0
3,125,2012.0,60,4,3,3.0,0,160000.0,38900.0,1,306.0,1,0,0
35,81,2018.0,387,18,3,2.0,1,100000.0,31800.0,1,110.0,1,1,0
11,34,2011.0,132,21,3,1.6,0,160000.0,11600.0,1,110.0,0,1,0
33,65,2008.0,347,2,3,2.5,0,230000.0,13900.0,1,173.0,0,0,0
11,34,2017.0,136,4,3,2.0,1,124000.0,12720.0,1,143.0,0,1,0
28,51,2018.0,276,13,3,1.6,1,79000.0,19900.0,1,120.0,1,0,0
31,32,2019.0,327,13,3,1.6,1,72000.0,14000.0,1,110.0,0,1,0
18,22,2025.0,195,18,3,1.3,1,0.0,39920.0,2,272.0,0,0,0
28,51,2025.0,276,4,3,1.6,1,0.0,20800.0,0,120.0,1,0,0
2,121,2025.0,21,2,3,1.5,1,0.0,28200.0,2,148.0,1,0,0
13,27,2013.0,152,4,3,2.4,0,210000.0,19800.0,1,185.0,1,0,0
1,75,2012.0,13,4,3,2.0,0,178000.0,18500.0,0,211.0,1,0,0
11,100,2021.0,144,22,3,1.5,0,30000.0,31000.0,0,85.0,1,0,0
31,52,2024.0,335,22,3,2.5,1,3100.0,40000.0,1,257.0,1,0,0
4,101,2011.0,65,13,3,2.0,0,174000.0,9000.0,0,127.0,0,1,0
11,34,2015.0,133,22,3,1.6,0,150000.0,10240.0,1,110.0,0,1,0
5,110,2025.0,92,2,3,1.2,1,0.0,24000.0,2,132.0,1,0,0
6,11,2024.0,107,13,3,1.6,1,0.0,16800.0,2,165.0,0,0,0
11,34,2022.0,136,2,3,2.0,1,89000.0,22040.0,0,170.0,0,1,0
35,25,2024.0,369,4,2,1.8,1,8600.0,36800.0,1,170.0,0,0,0
36,96,2025.0,398,18,3,1.4,1,1000.0,31920.0,0,150.0,0,0,0
35,81,2013.0,382,22,3,2.4,0,83215.0,22000.0,1,257.0,1,0,0
18,116,2013.0,218,13,3,3.6,0,75000.0,42000.0,0,284.0,1,0,1
3,125,2025.0,60,2,2,3.0,0,0.0,210000.0,0,381.0,1,0,0
5,110,2019.0,92,18,3,1.8,1,59000.0,17600.0,1,140.0,1,0,0
11,37,1997.0,138,13,3,4.0,1,300000.0,9500.0,1,110.0,1,1,0
5,110,2015.0,92,13,3,1.8,1,118400.0,12640.0,1,140.0,0,1,0
28,51,2024.0,276,4,3,1.6,1,5800.0,28800.0,2,120.0,1,0,0
31,32,2013.0,326,4,3,2.0,0,131000.0,12400.0,0,138.0,0,1,0
29,0,2020.0,293,4,3,1.6,0,43000.0,17680.0,0,120.0,0,1,0
31,32,2012.0,324,13,3,1.6,0,187000.0,10400.0,0,110.0,0,1,0
8,50,2018.0,115,3,3,2.4,1,80000.0,23800.0,0,170.0,1,0,0
28,129,2007.0,285,13,0,2.8,0,202000.0,11500.0,0,123.0,1,1,0
35,46,2016.0,375,21,0,2.8,1,180000.0,34500.0,1,177.0,1,0,0
3,120,2014.0,44,4,3,2.0,0,147000.0,30000.0,0,184.0,1,1,0
18,22,2025.0,195,2,3,1.3,1,0.0,39672.0,0,272.0,0,0,0
28,51,2020.0,277,13,3,1.6,0,85000.0,20640.0,1,120.0,0,1,0
28,51,2025.0,276,4,3,1.6,1,0.0,30800.0,0,120.0,1,0,0
28,51,2025.0,275,4,3,1.6,0,0.0,28000.0,0,120.0,0,0,0
36,107,2016.0,409,4,3,2.0,1,101000.0,28000.0,1,200.0,1,1,0
18,23,2019.0,198,13,3,2.4,1,78000.0,31000.0,1,170.0,1,0,0
5,110,2018.0,92,21,3,1.8,0,87000.0,16560.0,1,140.0,0,1,0
31,32,2018.0,327,21,3,2.0,1,111000.0,16010.0,0,143.0,0,1,0
11,34,2018.0,134,15,3,1.5,0,68379.0,16560.0,2,123.0,0,0,0
6,12,2023.0,111,18,3,1.6,1,26000.0,34000.0,1,110.0,0,0,0
36,96,2025.0,398,3,3,1.4,1,0.0,35520.0,2,150.0,0,0,0
31,13,2019.0,318,17,3,1.6,1,40000.0,18320.0,0,110.0,0,0,0
3,117,2019.0,34,21,3,2.0,1,81000.0,37900.0,0,192.0,1,1,0
33,65,2007.0,347,3,3,2.5,0,195456.0,10000.0,1,165.0,0,0,0
18,23,2022.0,200,13,3,1.3,1,31000.0,33500.0,0,170.0,0,0,0
11,34,2016.0,130,4,3,1.6,0,119700.0,13600.0,1,110.0,0,1,0
31,32,2025.0,329,13,3,1.3,1,0.0,28400.0,0,155.0,1,1,0
18,23,2014.0,199,4,3,2.4,0,131000.0,13600.0,2,170.0,0,0,0
13,47,2022.0,158,13,3,1.8,0,57000.0,30319.0,0,185.0,0,0,0
36,96,2025.0,398,13,3,1.4,1,0.0,30392.0,2,150.0,0,0,0
11,54,2020.0,142,13,2,2.0,1,37000.0,36400.0,0,143.0,1,0,0
35,46,2021.0,375,4,0,2.8,1,41000.0,42400.0,0,177.0,1,1,0
35,46,2016.0,375,13,0,2.8,1,110000.0,38500.0,1,177.0,1,0,0
29,0,2017.0,296,4,3,1.6,1,58000.0,13600.0,0,150.0,1,1,0
13,47,2024.0,157,21,3,1.5,1,0.0,39500.0,2,121.0,0,0,0
35,55,2018.0,380,18,3,4.0,0,87028.0,72900.0,2,265.0,0,0,0
36,96,2023.0,398,13,3,1.4,1,16000.0,36400.0,0,150.0,0,0,0
8,50,2013.0,115,2,3,2.4,1,118000.0,14864.0,1,170.0,1,0,0
8,50,2012.0,115,13,3,2.4,0,140000.0,13500.0,1,170.0,1,0,0
18,22,2025.0,195,4,3,2.0,1,0.0,54320.0,2,272.0,1,0,0
1,74,2024.0,9,13,3,1.4,1,0.0,59000.0,0,150.0,1,0,0
14,113,2013.0,178,13,3,2.0,0,120000.0,15000.0,0,154.0,1,0,0
14,113,2013.0,178,13,3,2.0,0,167000.0,14880.0,0,154.0,1,0,0
11,34,2019.0,130,2,3,1.5,0,44500.0,15600.0,2,123.0,0,1,0
25,17,2016.0,255,13,3,1.6,1,120000.0,31000.0,1,211.0,1,0,0
5,110,2025.0,95,13,3,1.2,0,0.0,28800.0,2,132.0,1,0,0
31,32,2014.0,322,22,3,1.6,0,188000.0,11920.0,0,110.0,0,1,0
3,125,2019.0,62,2,3,4.4,0,79000.0,159999.0,2,449.0,1,0,0
35,81,2019.0,388,4,2,2.5,0,59000.0,39119.0,0,110.0,0,0,0
11,34,2017.0,133,4,3,1.6,0,115000.0,11120.0,0,110.0,0,1,0
5,91,2018.0,89,2,3,1.8,0,95000.0,12490.0,0,105.0,0,1,0
4,103,2016.0,70,4,3,1.6,1,130000.0,11920.0,0,110.0,0,1,0
4,101,2015.0,65,13,3,1.6,1,76670.0,10800.0,0,125.0,0,1,0
36,97,2025.0,400,13,3,1.0,1,1111.0,23776.0,1,110.0,0,0,0
28,51,2024.0,276,13,3,1.6,1,1800.0,30400.0,1,120.0,1,0,0
1,73,2020.0,8,4,3,1.4,1,68000.0,40999.0,1,150.0,1,0,0
6,10,2024.0,103,13,3,1.0,1,0.0,22320.0,0,120.0,0,0,0
31,32,2016.0,327,18,3,1.6,0,98000.0,15800.0,1,110.0,0,1,0
13,27,1998.0,155,18,3,2.0,1,279000.0,7200.0,1,148.0,1,1,0
14,113,2010.0,178,13,0,2.0,0,260000.0,8900.0,1,154.0,1,1,0
18,42,2006.0,203,13,3,4.7,0,190000.0,12900.0,1,286.0,1,0,0
18,23,2017.0,198,13,3,2.4,1,98200.0,23200.0,1,170.0,1,0,0
36,97,2020.0,402,4,3,1.6,1,60000.0,20800.0,0,116.0,0,0,0
36,96,2025.0,398,4,3,1.4,1,0.0,30320.0,2,150.0,0,0,0
29,0,2020.0,293,4,3,1.6,1,75000.0,15840.0,1,120.0,0,1,0
36,63,2025.0,397,2,3,1.0,1,0.0,28240.0,2,101.0,0,0,0
36,63,2025.0,397,13,3,1.0,1,0.0,28792.0,2,101.0,0,0,0
11,34,2010.0,132,13,3,1.6,0,165000.0,9440.0,0,110.0,0,1,0
18,42,2007.0,203,18,0,3.0,1,170000.0,12800.0,0,286.0,1,1,0
11,34,2009.0,132,18,3,1.6,0,147000.0,7840.0,1,110.0,0,1,0
8,50,2010.0,113,18,3,2.7,1,159000.0,11000.0,1,170.0,1,0,0
6,11,2025.0,110,13,3,1.6,1,0.0,26240.0,0,165.0,0,0,0
36,96,2024.0,398,13,3,1.4,1,0.0,29760.0,2,150.0,0,0,0
14,113,2008.0,179,5,3,2.0,0,268000.0,8000.0,2,154.0,0,1,0
36,96,2025.0,398,13,3,1.4,1,0.0,29440.0,2,150.0,0,0,0
36,97,2024.0,400,13,3,1.0,1,0.0,27600.0,0,110.0,0,0,0
14,113,2005.0,185,13,3,2.7,0,256554.0,6500.0,1,154.0,1,0,0
13,27,2009.0,154,21,3,2.4,0,200000.0,11900.0,1,185.0,0,0,0
8,50,2014.0,113,4,3,3.6,1,123000.0,22500.0,1,280.0,1,0,0
30,14,2008.0,310,13,3,4.8,0,114000.0,45000.0,0,400.0,0,0,0
11,34,2016.0,136,18,3,1.6,0,174000.0,14500.0,2,110.0,0,1,0
5,110,2018.0,92,13,3,1.8,1,83000.0,18800.0,0,140.0,1,1,0
11,34,2014.0,134,13,3,1.6,0,110000.0,12000.0,0,110.0,0,1,0
31,32,2017.0,327,18,3,1.6,1,110000.0,12400.0,0,110.0,0,1,0
31,32,2025.0,329,13,3,1.3,1,0.0,11640.0,2,155.0,1,0,0
11,34,2018.0,136,22,3,1.5,1,108000.0,14960.0,1,123.0,0,1,0
29,0,2020.0,296,4,3,1.6,1,40500.0,18000.0,1,150.0,1,1,0
35,95,2022.0,393,13,0,2.8,1,76000.0,47120.0,0,204.0,1,0,0
18,82,2022.0,210,4,3,1.8,1,45000.0,19192.0,0,170.0,0,1,0
21,92,2013.0,231,13,3,2.0,0,158000.0,14900.0,0,163.0,0,0,0
11,34,2015.0,136,22,3,1.6,0,112000.0,14000.0,0,110.0,0,1,0
29,0,2016.0,293,13,3,1.6,0,130000.0,12000.0,1,120.0,0,1,0
12,45,2025.0,147,18,3,2.0,0,0.0,34700.0,2,200.0,0,0,0
28,51,2019.0,275,4,3,1.6,1,112000.0,17200.0,0,120.0,0,0,0
5,110,2024.0,94,22,3,1.2,1,1000.0,28142.0,2,132.0,0,0,0
36,107,2010.0,406,21,3,2.0,0,147500.0,18000.0,1,140.0,1,0,0
6,10,2025.0,103,13,3,1.0,1,0.0,24000.0,2,120.0,0,0,0
18,23,2021.0,199,4,3,2.4,1,82100.0,22800.0,0,170.0,0,1,0
5,110,2013.0,92,13,3,1.8,1,100000.0,11500.0,1,140.0,0,1,0
18,82,2018.0,210,2,3,1.8,1,47000.0,20000.0,0,170.0,0,1,0
31,32,2018.0,327,13,3,2.0,1,85123.0,17840.0,0,143.0,1,1,0
28,51,2020.0,276,13,3,1.6,0,112629.0,19600.0,2,120.0,1,0,0
4,101,2013.0,65,2,3,2.0,0,133480.0,6000.0,0,138.0,0,1,0
11,34,2013.0,134,18,3,1.6,0,150000.0,11900.0,0,110.0,0,1,0
35,25,2025.0,369,4,2,1.8,1,800.0,38400.0,1,170.0,0,0,0
9,31,2021.0,121,18,0,2.0,0,37000.0,43900.0,0,300.0,1,0,0
36,108,2024.0,414,13,3,2.0,1,0.0,48000.0,2,150.0,0,0,0
3,125,2010.0,60,4,3,3.0,1,130000.0,36000.0,1,306.0,1,0,0
28,51,2018.0,276,21,3,1.6,1,59000.0,21200.0,0,120.0,1,0,0
11,34,2014.0,134,4,3,1.6,0,170000.0,11500.0,1,110.0,0,1,0
3,117,2017.0,34,21,3,2.0,1,80000.0,30000.0,1,192.0,1,1,0
35,25,2022.0,369,18,2,1.8,1,33000.0,34000.0,0,170.0,0,0,0
13,27,2012.0,154,13,3,2.4,0,180000.0,18700.0,1,185.0,1,0,0
11,54,2017.0,142,4,3,2.0,1,100000.0,26000.0,1,143.0,1,0,0
3,125,2011.0,60,22,3,3.0,0,154000.0,38500.0,0,306.0,1,0,0
11,54,2019.0,142,4,3,2.0,1,117700.0,24000.0,1,143.0,1,0,0
14,113,2013.0,178,18,3,2.0,0,206720.0,11920.0,0,154.0,0,0,0
2,124,2025.0,25,8,3,1.5,1,0.0,37900.0,0,185.0,0,0,0
5,110,2021.0,95,13,3,1.2,1,48000.0,23920.0,1,132.0,1,0,0
29,0,2024.0,297,4,3,1.0,1,1111.0,35120.0,0,120.0,0,0,0
14,113,2017.0,173,4,3,2.0,1,157000.0,22960.0,0,154.0,0,1,0
31,32,2017.0,327,15,3,1.6,1,142000.0,13200.0,1,110.0,0,1,0
35,81,2014.0,387,21,3,2.5,0,135000.0,26000.0,1,110.0,1,0,0
35,81,2013.0,382,21,3,2.4,1,157000.0,18000.0,0,257.0,0,0,0
14,26,2025.0,164,21,3,1.5,1,0.0,35000.0,0,115.0,0,0,0
11,34,2011.0,132,4,3,1.6,0,159000.0,9500.0,0,110.0,0,1,0
25,18,2017.0,258,13,3,2.0,1,85000.0,55500.0,0,367.0,1,0,0
18,23,2025.0,200,13,3,1.3,1,0.0,32000.0,2,272.0,0,0,0
27,58,1999.0,272,2,3,3.5,0,223000.0,21000.0,1,110.0,0,0,0
5,110,2025.0,92,26,3,1.2,1,0.0,22400.0,2,132.0,1,0,0
35,46,2018.0,375,13,0,2.8,1,87028.0,36800.0,1,177.0,1,1,0
5,110,2023.0,92,4,3,1.2,1,50000.0,26000.0,0,132.0,1,0,0
14,113,2018.0,182,4,3,2.0,1,130000.0,25300.0,0,154.0,0,0,0
36,96,2024.0,398,21,3,1.4,1,0.0,28800.0,2,150.0,0,0,0
31,32,2013.0,326,26,3,2.0,0,106400.0,13000.0,1,138.0,0,1,0
11,100,2022.0,144,8,3,1.5,1,23500.0,30800.0,0,143.0,0,0,0
37,128,2023.0,422,18,2,2.0,0,0.0,103900.0,0,462.0,1,0,0
3,125,2010.0,60,18,3,3.0,1,105000.0,33800.0,1,306.0,1,0,0
5,110,2024.0,95,4,3,1.2,1,5000.0,25500.0,1,132.0,1,0,0
13,47,2019.0,157,22,3,1.8,1,89000.0,23600.0,1,154.0,0,0,0
32,60,2000.0,346,2,0,2.3,0,218000.0,7800.0,1,110.0,0,1,0
31,13,2020.0,320,22,3,2.0,1,65000.0,16400.0,0,110.0,0,1,0
35,46,2016.0,375,13,0,2.8,1,185000.0,34500.0,1,177.0,1,0,0
31,32,2011.0,327,13,3,1.6,0,186000.0,10392.0,0,110.0,0,1,0
28,51,2023.0,275,4,3,1.6,1,18000.0,25440.0,0,120.0,0,0,0
36,96,2025.0,398,4,3,1.4,1,0.0,26400.0,2,150.0,0,0,0
3,117,2018.0,34,13,3,2.0,1,85000.0,33500.0,1,231.0,1,1,0
13,27,2011.0,152,21,3,2.4,0,178000.0,15500.0,0,185.0,1,1,0
35,95,2013.0,394,4,3,2.7,1,140000.0,26000.0,1,171.0,0,0,0
11,34,2018.0,136,22,3,1.5,1,142357.0,15600.0,2,123.0,0,1,0
13,47,2017.0,157,13,3,1.8,1,58000.0,22000.0,1,154.0,0,0,0
5,110,2023.0,95,22,3,1.2,0,44430.0,25200.0,2,132.0,1,0,0
21,92,2003.0,232,15,0,2.0,0,256000.0,7000.0,1,154.0,1,1,0
29,0,2019.0,293,13,3,1.6,0,47000.0,15600.0,1,120.0,0,1,0
36,97,2025.0,400,18,3,1.0,1,0.0,26000.0,0,110.0,0,1,0
2,124,2025.0,26,22,3,1.5,1,0.0,44900.0,0,185.0,0,0,0
36,97,2024.0,402,4,3,1.6,1,1111.0,25680.0,1,116.0,0,1,0
31,13,2017.0,318,5,3,2.0,0,147000.0,16000.0,0,110.0,0,1,0
28,51,2020.0,275,5,3,1.6,1,62204.0,19120.0,0,120.0,0,0,0
11,34,2016.0,134,21,3,1.6,0,96000.0,14800.0,0,110.0,0,1,0
18,42,2007.0,203,18,0,3.0,1,170500.0,15000.0,1,286.0,1,1,0
18,116,2014.0,217,18,3,3.6,0,108000.0,41000.0,1,284.0,1,1,1
4,103,2016.0,70,22,3,1.6,1,65000.0,13200.0,0,110.0,0,1,0
6,10,2025.0,103,22,3,1.0,1,0.0,21656.0,2,120.0,0,0,0
13,27,2009.0,154,18,3,2.4,0,210000.0,12400.0,0,185.0,0,0,0
28,130,2022.0,289,21,3,2.5,1,54000.0,38500.0,0,110.0,1,0,0
5,110,2020.0,92,5,3,1.2,1,35589.0,21600.0,2,132.0,1,0,0
13,47,2019.0,158,13,3,1.8,0,88090.0,23120.0,0,185.0,0,0,0
10,71,2023.0,125,13,3,1.3,1,0.0,22920.0,2,110.0,0,0,0
5,110,2024.0,92,13,3,1.2,0,0.0,26640.0,2,132.0,1,0,0
6,11,2017.0,110,23,3,1.2,1,87000.0,12400.0,0,165.0,0,0,0
5,110,2025.0,95,22,3,1.2,0,0.0,27440.0,2,132.0,1,0,0
18,23,2019.0,198,13,3,2.4,1,62000.0,28400.0,1,170.0,1,0,0
18,82,2025.0,210,4,3,1.8,1,0.0,23967.0,2,170.0,0,0,0
11,34,2005.0,132,21,3,1.6,0,215000.0,7040.0,0,110.0,0,1,0
25,18,2018.0,261,18,3,3.0,0,65000.0,85000.0,0,367.0,1,0,0
6,11,2019.0,110,18,3,1.6,1,68000.0,15200.0,0,165.0,0,0,0
29,0,2022.0,299,4,3,1.6,0,14500.0,23600.0,0,120.0,0,1,0
35,95,2025.0,393,13,0,2.8,1,0.0,57200.0,0,204.0,1,0,0
18,23,2025.0,200,13,3,1.3,1,500.0,34800.0,0,272.0,0,0,0
5,111,2025.0,99,18,0,2.8,1,0.0,52499.0,2,200.0,1,0,0
5,110,2020.0,92,21,3,1.2,0,99000.0,19920.0,0,132.0,1,0,0
11,34,2022.0,136,2,3,1.5,1,20000.0,23000.0,0,123.0,0,1,0
36,63,2021.0,397,4,3,1.0,1,59050.0,20000.0,0,101.0,0,0,0
18,23,2021.0,198,13,3,2.4,1,36000.0,36000.0,1,170.0,1,1,0
29,0,2020.0,296,4,3,1.6,0,74000.0,18800.0,0,150.0,1,1,0
18,116,2011.0,217,1,3,3.8,0,150000.0,43000.0,0,199.0,1,1,1
11,34,2021.0,134,13,3,1.5,1,89000.0,18320.0,1,123.0,0,1,0
25,17,2016.0,255,4,3,1.6,0,109000.0,33000.0,0,156.0,1,0,0
35,55,2006.0,379,13,0,3.0,0,254000.0,22000.0,0,265.0,0,0,0
14,113,2008.0,178,18,0,2.0,0,259000.0,8160.0,0,154.0,1,1,0
5,110,2019.0,92,22,3,1.8,1,56000.0,22500.0,1,140.0,1,0,0
29,0,2025.0,293,13,3,1.0,1,0.0,25584.0,2,120.0,0,0,0
18,82,2016.0,210,22,3,1.8,0,119000.0,16800.0,0,170.0,0,1,0
35,25,2024.0,371,13,3,2.0,0,0.0,34520.0,0,170.0,0,0,0
35,95,2024.0,393,4,0,2.8,0,3000.0,63800.0,0,204.0,1,0,0
28,68,1994.0,282,18,0,2.7,0,250000.0,10800.0,1,110.0,1,1,0
29,0,2018.0,292,13,3,1.6,0,75000.0,13000.0,1,120.0,0,1,0
13,47,2019.0,157,4,3,1.8,1,120100.0,23300.0,0,154.0,0,0,0
18,42,2015.0,205,13,3,6.4,0,121000.0,57000.0,2,465.0,1,0,0
18,23,2025.0,200,4,3,1.3,1,0.0,31384.0,2,272.0,0,0,0
3,125,2010.0,60,21,3,3.0,1,130000.0,28900.0,0,306.0,1,0,0
5,35,2021.0,82,4,3,1.5,0,40000.0,24000.0,1,105.0,0,0,0
8,50,2017.0,115,18,3,2.4,0,111000.0,19500.0,0,170.0,1,1,0
18,23,2024.0,200,21,3,1.3,1,0.0,30800.0,1,170.0,0,0,0
6,10,2025.0,103,4,3,1.0,1,0.0,23600.0,0,120.0,0,0,0
11,54,2014.0,141,4,3,1.6,0,135000.0,18999.0,0,150.0,0,1,0
28,51,2018.0,276,13,3,1.6,1,89000.0,21900.0,0,120.0,1,0,0
36,97,2025.0,400,4,3,1.0,1,0.0,23120.0,0,110.0,0,1,0
14,113,2025.0,176,2,3,2.0,0,0.0,48000.0,0,154.0,0,0,0
29,0,2019.0,293,4,3,1.6,0,43000.0,15920.0,1,120.0,0,1,0
6,10,2024.0,103,4,3,1.0,1,0.0,23200.0,0,120.0,0,0,0
35,95,2023.0,389,18,0,2.8,0,17600.0,46400.0,1,204.0,1,0,0
36,97,2025.0,400,2,3,1.0,1,0.0,23626.0,2,110.0,0,0,0
31,32,2014.0,326,13,3,2.0,0,114871.0,12720.0,2,138.0,0,1,0
36,108,2021.0,414,4,3,1.4,0,94000.0,34000.0,0,150.0,0,0,0
13,47,2017.0,157,13,3,1.8,1,90000.0,21500.0,1,154.0,0,0,0
28,130,2025.0,289,18,3,2.5,1,0.0,50904.0,2,110.0,1,0,0
18,82,2020.0,210,13,3,1.8,1,50000.0,22500.0,0,170.0,0,1,0
11,34,2016.0,133,21,3,1.6,0,83000.0,13440.0,0,110.0,0,1,0
13,47,2021.0,157,13,3,1.8,1,74200.0,25500.0,1,185.0,0,0,0
29,0,2025.0,292,4,3,1.0,1,0.0,28000.0,2,120.0,0,1,0
30,14,2024.0,309,13,3,3.0,1,0.0,186000.0,2,353.0,1,0,0
36,63,2024.0,397,4,3,1.0,1,1111.0,24880.0,1,116.0,0,0,0
3,117,2025.0,30,18,3,2.0,0,0.0,59900.0,0,156.0,0,1,0
18,23,2018.0,198,13,3,2.4,1,100000.0,23200.0,0,170.0,1,1,0
31,33,2017.0,333,21,3,1.6,1,69000.0,16000.0,0,110.0,0,1,0
29,0,2017.0,299,4,3,1.6,1,88000.0,13900.0,0,120.0,0,1,0
18,23,2019.0,198,18,3,2.4,1,95000.0,24000.0,0,170.0,1,0,0
29,0,2019.0,296,4,3,1.6,1,122546.0,17200.0,0,150.0,1,0,0
11,100,2025.0,144,4,3,1.8,1,0.0,37360.0,2,85.0,1,0,0
6,10,2025.0,103,13,3,1.0,1,0.0,10376.0,2,120.0,0,0,0
29,1,2017.0,301,15,0,2.0,0,126463.0,15920.0,0,165.0,1,0,0
36,96,2025.0,398,13,3,1.4,1,0.0,30000.0,2,150.0,0,0,0
6,11,2022.0,106,4,3,1.6,1,12000.0,19200.0,1,165.0,0,1,0
11,34,2019.0,134,4,3,1.5,0,59000.0,15920.0,0,123.0,0,1,0
5,91,2016.0,89,13,3,1.8,0,109000.0,14400.0,0,105.0,0,1,0
31,13,2021.0,320,22,3,2.0,0,32000.0,18400.0,2,110.0,0,1,0
28,51,2021.0,275,5,3,1.6,0,52100.0,20400.0,0,120.0,0,1,0
28,51,2017.0,275,2,3,1.6,1,80122.0,19120.0,0,120.0,0,0,0
18,23,2025.0,200,18,3,1.3,1,0.0,31200.0,2,272.0,0,0,0
18,116,2008.0,217,18,3,3.8,0,193000.0,38000.0,1,199.0,1,1,1
5,110,2025.0,95,2,3,1.2,0,0.0,29600.0,2,132.0,1,0,0
11,34,2021.0,136,13,3,1.5,0,45000.0,17600.0,0,123.0,0,1,0
31,32,2015.0,327,26,3,2.0,0,110000.0,11120.0,0,143.0,1,1,0
8,50,2011.0,113,21,3,2.7,0,160000.0,15000.0,1,170.0,1,0,0
29,0,2018.0,296,15,3,1.6,1,107000.0,14400.0,0,150.0,1,1,0
11,8,2025.0,129,4,3,1.5,1,0.0,39920.0,2,110.0,1,0,0
35,25,2023.0,369,13,3,2.0,1,50000.0,31600.0,1,170.0,0,0,0
14,113,2012.0,178,4,3,2.0,0,96000.0,13600.0,0,154.0,0,0,0
18,23,2025.0,201,13,0,2.0,0,0.0,41600.0,0,272.0,1,0,0
28,51,2025.0,276,4,3,1.6,1,0.0,28472.0,0,120.0,1,0,0
6,11,2018.0,110,18,3,1.2,1,66000.0,15600.0,1,165.0,0,0,0
5,110,2021.0,95,13,3,1.2,1,70000.0,24800.0,0,132.0,1,0,0
18,23,2019.0,199,3,3,2.4,1,84000.0,21040.0,0,170.0,0,1,0
35,95,2024.0,393,13,0,2.8,0,0.0,54000.0,0,204.0,1,0,0
18,23,2020.0,198,4,3,2.4,1,50000.0,28500.0,1,170.0,1,1,0
1,73,2024.0,8,13,3,1.4,1,0.0,56900.0,2,150.0,1,0,0
35,95,2022.0,393,21,0,2.8,1,11900.0,50800.0,1,177.0,1,0,0
29,0,2016.0,296,4,3,1.6,0,68000.0,12800.0,1,150.0,1,1,0
13,47,2016.0,157,13,3,1.8,1,165000.0,17000.0,1,132.0,0,0,0
36,63,2025.0,397,21,3,1.0,1,0.0,24000.0,2,101.0,0,0,0
29,1,2019.0,303,13,3,1.6,1,42000.0,30900.0,1,165.0,1,0,0
36,63,2021.0,397,22,3,1.0,1,48000.0,23600.0,0,101.0,0,0,0
28,51,2020.0,276,13,3,1.6,1,120000.0,22400.0,0,120.0,1,0,0
13,47,2017.0,158,21,3,1.8,1,157490.0,17200.0,0,175.0,0,0,0
4,101,2015.0,65,13,3,1.6,1,158000.0,10500.0,1,125.0,0,1,0
3,117,2017.0,32,18,3,2.0,1,55000.0,39700.0,1,231.0,1,1,0
29,0,2025.0,292,18,3,1.0,1,0.0,22496.0,2,120.0,0,1,0
31,32,2011.0,322,18,3,1.6,0,140000.0,11000.0,1,110.0,0,1,0
31,13,2019.0,318,3,3,1.6,0,79000.0,17920.0,0,110.0,0,0,0
11,34,2017.0,136,4,3,2.0,1,89000.0,15900.0,0,143.0,0,1,0
13,27,2010.0,152,13,3,2.4,0,170000.0,13600.0,0,185.0,1,1,0
3,120,2025.0,39,18,3,2.0,0,0.0,91900.0,2,184.0,1,1,0
18,42,2008.0,203,18,3,4.7,0,136838.0,19900.0,0,286.0,1,0,0
1,72,2018.0,5,4,3,1.4,0,60000.0,31000.0,0,150.0,1,0,0
1,78,2025.0,17,13,3,3.0,1,0.0,165000.0,2,340.0,1,0,0
5,110,2025.0,92,13,3,1.2,1,0.0,23960.0,2,132.0,1,0,0
1,73,2016.0,8,13,3,2.0,0,128000.0,27900.0,0,170.0,1,1,0
36,97,2025.0,400,4,3,1.0,1,0.0,31520.0,2,110.0,0,0,0
3,125,2017.0,60,4,3,3.0,0,100000.0,70000.0,1,306.0,1,0,0
28,51,2025.0,276,4,3,1.6,1,0.0,14163.0,0,120.0,1,0,0
1,72,2024.0,5,21,3,1.5,1,0.0,55000.0,2,150.0,1,0,0
5,110,2024.0,91,2,3,1.2,1,0.0,26990.0,0,132.0,1,0,0
11,100,2025.0,144,2,3,1.8,1,0.0,37200.0,0,85.0,1,0,0
36,96,2024.0,398,18,3,1.4,1,0.0,32400.0,1,150.0,0,0,0
35,95,2020.0,393,4,0,2.8,0,118000.0,46000.0,1,204.0,1,0,0
11,34,2013.0,134,22,3,1.6,0,95000.0,10880.0,0,110.0,0,1,0
8,50,2011.0,115,13,3,2.4,0,104000.0,11600.0,0,170.0,1,0,0
1,75,2009.0,13,13,3,2.0,0,260000.0,14500.0,1,211.0,1,1,0
29,0,2016.0,293,13,3,1.6,0,100200.0,11112.0,1,120.0,0,1,0
31,33,2016.0,332,4,3,2.0,0,134000.0,16500.0,1,110.0,0,1,0
5,110,2023.0,92,13,3,1.2,1,900.0,28000.0,0,132.0,1,0,0
28,51,2020.0,275,18,3,1.6,1,70000.0,20900.0,0,120.0,0,0,0
3,120,2016.0,41,4,3,2.0,0,135000.0,32000.0,1,245.0,1,1,0
14,113,2024.0,183,2,3,1.6,1,0.0,58000.0,0,154.0,0,0,0
1,75,2014.0,13,4,3,2.0,0,138000.0,24500.0,0,225.0,1,0,0
14,86,2014.0,171,13,3,2.4,1,135000.0,21500.0,1,110.0,1,0,0
18,82,2025.0,208,4,3,1.3,1,500.0,31920.0,0,170.0,0,0,0
14,113,2010.0,173,26,3,2.0,0,214000.0,11300.0,1,154.0,1,1,0
31,13,2019.0,318,21,3,1.6,1,63000.0,19160.0,2,110.0,0,0,0
36,63,2025.0,397,13,3,1.0,1,0.0,22240.0,2,101.0,0,0,0
18,22,2024.0,195,4,3,1.3,0,0.0,38000.0,0,272.0,0,0,0
5,35,2023.0,83,4,3,1.5,1,10000.0,42000.0,1,105.0,1,0,0
18,82,2022.0,208,13,3,1.8,1,49254.0,24000.0,2,170.0,0,0,0
18,22,2025.0,195,4,3,1.3,1,0.0,40320.0,2,272.0,0,0,0
11,100,2024.0,144,4,3,1.8,1,0.0,36900.0,0,85.0,1,0,0
31,32,2019.0,327,13,3,1.6,1,115249.0,17200.0,0,110.0,0,1,0
25,18,2019.0,258,13,3,2.0,1,117000.0,55000.0,0,390.0,1,0,0
18,23,2021.0,198,18,3,2.4,1,48200.0,31900.0,0,170.0,1,1,0
35,46,2017.0,375,4,0,2.8,1,69000.0,39000.0,0,177.0,1,1,0
18,23,2020.0,197,18,3,2.4,1,81500.0,24720.0,0,170.0,1,1,0
1,75,2025.0,13,13,3,2.0,1,0.0,77800.0,2,252.0,1,0,0
18,22,2024.0,195,13,0,2.0,0,0.0,46400.0,0,272.0,1,0,0
14,113,2017.0,174,13,3,2.0,1,128000.0,24800.0,0,154.0,0,1,0
6,12,2021.0,111,18,3,1.6,1,68800.0,24400.0,1,110.0,0,0,0
5,110,2021.0,92,4,3,1.2,1,43337.0,21200.0,0,132.0,1,0,0
28,51,2022.0,275,18,3,1.6,1,51000.0,23920.0,0,120.0,0,0,0
28,51,2021.0,275,18,3,1.6,1,66900.0,22000.0,2,120.0,0,1,0
36,63,2023.0,397,2,3,1.0,1,36000.0,23000.0,1,101.0,0,0,0
35,46,2007.0,374,13,0,3.0,1,270000.0,19000.0,1,171.0,1,1,0
35,46,2013.0,374,13,0,3.0,0,200450.0,26000.0,1,171.0,1,1,0
29,0,2019.0,295,18,3,1.6,0,120000.0,14400.0,0,120.0,0,1,0
14,113,2017.0,180,18,3,2.0,1,110000.0,23800.0,1,154.0,0,0,0
31,32,2014.0,326,22,3,2.0,0,135000.0,11160.0,1,138.0,0,1,0
6,10,2025.0,103,22,3,1.0,1,0.0,26000.0,2,120.0,0,0,0
35,95,2022.0,389,4,0,2.8,1,9600.0,65000.0,1,204.0,1,0,0
11,34,2014.0,136,18,3,1.6,0,111000.0,12800.0,1,110.0,0,1,0
31,32,2017.0,327,13,3,1.6,1,104000.0,13440.0,0,110.0,0,1,0
5,110,2018.0,92,13,3,1.8,1,123000.0,16000.0,1,140.0,1,1,0
35,95,2016.0,393,18,0,2.8,1,118000.0,36000.0,1,204.0,1,0,0
31,32,2018.0,327,4,3,1.6,1,130000.0,16800.0,1,110.0,0,1,0
5,110,2018.0,92,13,3,1.8,0,69000.0,17200.0,1,140.0,1,1,0
31,32,2013.0,330,13,3,2.0,0,160000.0,13600.0,1,138.0,1,1,0
28,51,2025.0,276,22,3,1.6,1,0.0,19960.0,2,120.0,1,0,0
35,81,2005.0,385,18,3,2.0,1,182000.0,11500.0,1,110.0,1,1,0
2,121,2024.0,21,4,3,1.5,0,0.0,26900.0,0,148.0,1,1,0
28,51,2025.0,276,4,3,1.6,1,0.0,30308.0,2,120.0,1,0,0
35,25,2023.0,370,13,3,2.0,1,23000.0,31500.0,1,170.0,0,0,0
31,85,2019.0,342,4,3,1.6,0,92000.0,14160.0,1,110.0,0,1,0
21,87,2021.0,223,13,3,1.6,0,49900.0,21200.0,0,132.0,0,0,0
31,32,2018.0,327,21,3,2.0,1,95000.0,15592.0,0,143.0,1,1,0
5,110,2016.0,92,22,3,1.8,1,137000.0,15040.0,0,140.0,1,0,0
11,34,2017.0,134,18,3,1.6,0,135000.0,15500.0,0,110.0,0,1,0
11,34,2005.0,132,13,3,1.6,0,213600.0,6880.0,0,110.0,0,1,0
11,100,2022.0,144,4,3,1.5,0,67000.0,30500.0,1,143.0,0,0,0
18,23,2018.0,200,4,3,2.4,0,118000.0,26500.0,1,170.0,0,0,0
4,102,2019.0,69,21,3,1.5,0,89000.0,14960.0,0,127.0,1,1,0
11,100,2025.0,144,4,3,1.8,1,0.0,39200.0,0,85.0,1,0,0
30,56,2025.0,314,13,3,2.0,1,0.0,138000.0,2,265.0,0,1,0
5,110,2022.0,95,13,3,1.2,0,61000.0,25200.0,0,132.0,1,0,0
11,34,2023.0,134,4,3,1.5,0,29500.0,21000.0,1,123.0,0,1,0
29,0,2022.0,299,21,3,1.6,0,51000.0,18400.0,0,120.0,0,1,0
36,96,2025.0,398,21,3,1.4,1,0.0,31200.0,2,150.0,0,0,0
18,82,2020.0,208,13,3,1.8,1,39000.0,27000.0,1,170.0,0,0,0
14,113,2010.0,178,18,0,2.0,0,220000.0,10880.0,1,154.0,0,0,0
30,14,2008.0,309,18,3,3.6,0,144000.0,26000.0,0,300.0,1,0,0
36,107,2011.0,409,4,3,2.0,0,194000.0,17000.0,1,200.0,1,0,0
5,111,2025.0,99,18,0,2.8,1,0.0,47200.0,2,200.0,1,0,0
10,71,2025.0,125,4,3,1.3,0,0.0,10400.0,2,110.0,0,0,0
28,51,2021.0,276,4,3,1.6,1,77968.0,27900.0,0,120.0,1,0,0
35,46,2022.0,375,13,3,2.8,1,75000.0,55000.0,0,177.0,1,0,0
3,123,2013.0,57,4,3,4.4,0,87000.0,54000.0,2,555.0,1,1,0
5,110,2024.0,92,4,3,1.2,0,7700.0,23200.0,1,132.0,1,0,0
29,1,2021.0,303,4,0,2.0,1,21500.0,42000.0,1,165.0,1,0,0
18,23,2017.0,200,18,3,2.4,0,69000.0,26500.0,0,170.0,0,0,0
1,73,2013.0,8,21,3,2.0,1,140000.0,20500.0,1,211.0,1,0,0
36,97,2020.0,402,22,3,1.6,1,70796.0,19600.0,0,116.0,0,0,0
5,110,2014.0,92,21,3,1.8,0,120000.0,13700.0,1,140.0,1,0,0
28,51,2017.0,275,13,3,1.6,1,124500.0,18310.0,0,120.0,0,0,0
18,23,2025.0,200,4,3,1.3,1,0.0,36072.0,0,272.0,0,0,0
5,110,2022.0,95,21,3,1.2,0,24883.0,20400.0,1,132.0,1,1,0
29,0,2025.0,297,13,3,1.0,1,0.0,15200.0,0,120.0,0,0,0
14,113,2024.0,183,2,3,1.6,1,0.0,58000.0,0,154.0,0,0,0
1,73,2025.0,8,13,3,1.4,1,0.0,59900.0,2,150.0,1,0,0
29,0,2022.0,296,4,3,1.6,1,35000.0,22000.0,0,150.0,1,1,0
11,34,2022.0,134,2,3,1.5,0,45000.0,16800.0,2,123.0,0,1,0
3,117,2013.0,29,18,3,2.0,0,120000.0,22000.0,1,184.0,1,1,0
3,122,2019.0,51,21,3,2.0,0,75000.0,47000.0,1,245.0,1,0,0
11,8,2024.0,129,13,3,1.5,0,7700.0,38400.0,0,110.0,1,0,0
21,90,2016.0,228,4,3,1.6,1,120000.0,13600.0,0,132.0,1,0,0
8,50,2017.0,115,18,3,2.4,1,89100.0,20000.0,1,170.0,1,1,0
28,51,2025.0,276,22,3,1.6,1,0.0,28400.0,2,120.0,1,0,0
35,46,2019.0,375,4,0,2.8,1,105000.0,40640.0,0,177.0,1,0,0
33,65,2006.0,347,21,3,2.5,0,250000.0,6000.0,1,165.0,0,0,0
36,96,2025.0,398,21,3,1.4,1,0.0,36000.0,2,150.0,0,0,0
18,82,2021.0,208,13,3,1.8,1,80901.0,23600.0,2,170.0,0,0,0
35,25,2023.0,369,13,2,1.8,1,41000.0,35600.0,1,170.0,0,0,0
14,86,2013.0,171,13,3,2.4,1,120000.0,22000.0,0,110.0,1,0,0
35,46,2022.0,375,13,0,2.8,1,56000.0,49800.0,0,177.0,1,1,0
5,35,2019.0,81,13,3,1.5,0,105000.0,22700.0,0,110.0,0,0,0
19,126,2025.0,219,2,3,1.5,0,0.0,37500.0,0,257.0,1,0,0
31,32,2022.0,329,4,3,1.3,1,35000.0,21840.0,0,155.0,0,0,0
35,95,2025.0,393,21,0,2.8,1,0.0,56950.0,2,204.0,1,0,0
36,63,2025.0,397,2,3,1.0,1,0.0,26728.0,2,101.0,0,0,0
29,0,2018.0,292,21,3,1.6,0,97700.0,14320.0,0,120.0,0,1,0
36,97,2025.0,400,4,3,1.0,0,0.0,24720.0,2,110.0,0,0,0
10,71,2025.0,124,4,3,1.0,1,0.0,12800.0,2,110.0,0,0,0
31,32,2013.0,322,18,3,1.6,0,78000.0,7200.0,0,110.0,0,1,0
36,107,2012.0,406,4,0,2.0,0,200000.0,21000.0,1,140.0,1,0,0
8,50,2011.0,115,5,3,2.4,0,165000.0,11200.0,1,170.0,1,0,0
31,32,2013.0,326,13,3,2.0,0,174000.0,11800.0,0,138.0,1,1,0
36,107,2013.0,409,21,3,2.0,1,120000.0,19900.0,0,200.0,1,0,0
5,110,2017.0,92,4,3,1.8,1,112000.0,16490.0,0,140.0,1,0,0
29,0,2021.0,299,21,3,1.6,1,45000.0,18400.0,1,120.0,0,1,0
36,96,2024.0,398,13,3,1.4,1,1111.0,29600.0,1,150.0,0,0,0
31,32,2016.0,327,13,3,1.6,1,116000.0,15500.0,1,110.0,0,1,0
28,51,2021.0,275,4,3,1.6,1,93000.0,18960.0,0,120.0,0,1,0
28,51,2025.0,275,4,3,1.6,0,0.0,28824.0,2,120.0,0,0,0
35,25,2024.0,369,13,2,1.8,1,0.0,37000.0,0,170.0,0,0,0
34,44,2007.0,350,2,3,2.0,0,185000.0,14300.0,1,170.0,1,1,0
1,75,2016.0,13,4,3,3.0,0,100000.0,30400.0,0,272.0,1,0,0
30,56,2016.0,311,18,3,2.0,0,68010.0,79900.0,0,252.0,1,1,0
5,110,2021.0,92,13,3,1.2,1,100000.0,21200.0,0,132.0,1,0,0
2,124,2025.0,24,13,3,1.5,1,0.0,37900.0,0,185.0,0,0,0
3,117,2018.0,34,4,3,2.0,1,99000.0,38500.0,0,231.0,1,1,0
1,73,2013.0,8,18,3,2.0,1,150600.0,16800.0,0,170.0,1,1,0
5,110,2014.0,92,4,3,1.8,0,135000.0,11000.0,0,140.0,0,1,0
5,110,2014.0,92,21,3,1.8,0,99000.0,13200.0,0,140.0,1,0,0
35,95,2025.0,389,4,0,2.8,0,0.0,65200.0,0,204.0,1,0,0
29,0,2018.0,292,4,3,1.6,0,120664.0,13680.0,0,120.0,0,1,0
35,81,2019.0,387,13,3,2.5,0,100000.0,37500.0,0,110.0,1,0,0
29,0,2025.0,292,13,3,1.0,1,0.0,24800.0,0,120.0,0,1,0
29,0,2021.0,291,13,3,1.6,0,72456.0,18924.0,0,120.0,1,1,0
36,97,2019.0,400,4,3,1.6,0,50000.0,23600.0,0,110.0,0,0,0
14,40,1999.0,167,13,0,2.5,0,323000.0,14000.0,1,110.0,1,1,0
8,50,2009.0,113,18,3,2.7,0,175756.0,12900.0,0,170.0,1,0,0
14,113,2010.0,178,18,3,2.0,0,137000.0,11040.0,0,154.0,0,0,0
21,92,2013.0,231,4,3,2.0,0,145665.0,16500.0,0,163.0,0,0,0
18,82,2018.0,210,13,3,1.8,1,99500.0,18000.0,2,170.0,0,0,0
18,23,2024.0,200,21,3,1.3,1,0.0,32720.0,0,170.0,0,0,0
11,34,2015.0,134,4,3,1.6,0,118400.0,15360.0,1,110.0,0,1,0
29,1,2021.0,303,13,3,1.6,0,100000.0,30320.0,0,165.0,1,0,0
14,113,2017.0,174,4,3,2.0,1,73695.0,21840.0,0,154.0,0,1,0
35,81,2010.0,382,18,3,2.4,0,178000.0,12500.0,0,257.0,0,0,0
16,83,2025.0,189,4,3,1.5,1,0.0,8000.0,0,110.0,0,1,0
18,82,2019.0,210,13,3,1.8,0,43163.0,20847.0,2,170.0,0,0,0
31,32,2016.0,327,15,3,1.6,1,167000.0,13600.0,1,110.0,0,1,0
10,71,2024.0,125,22,3,1.3,1,0.0,27499.0,2,110.0,0,0,0
18,82,2024.0,208,13,3,1.3,1,0.0,30296.0,2,175.0,0,0,0
6,10,2024.0,103,13,3,1.0,1,0.0,23200.0,2,120.0,0,0,0
25,21,2004.0,264,8,0,3.0,0,210000.0,14000.0,0,110.0,1,0,0
31,52,2011.0,339,4,3,2.5,0,182000.0,8800.0,0,138.0,1,1,0
31,33,2019.0,332,13,4,1.6,0,115249.0,17200.0,2,110.0,0,1,0
5,110,2017.0,92,13,3,1.8,1,105000.0,16640.0,1,140.0,1,0,0
31,32,2014.0,322,4,3,1.6,0,117000.0,10800.0,0,110.0,0,1,0
11,54,2017.0,141,22,3,2.0,0,84000.0,21600.0,1,143.0,1,0,0
36,96,2025.0,398,13,3,1.4,1,0.0,35520.0,2,150.0,0,0,0
21,89,2018.0,226,13,0,2.2,1,124000.0,38900.0,1,154.0,1,0,0
5,110,2018.0,92,18,3,1.8,1,101000.0,16000.0,1,140.0,1,1,0
31,32,2013.0,322,18,3,1.6,1,200700.0,10700.0,0,110.0,0,1,0
36,108,2019.0,414,22,3,1.4,0,60000.0,26990.0,0,150.0,0,0,0
11,54,2017.0,142,4,3,2.0,1,92000.0,27000.0,1,143.0,1,0,0
21,89,2013.0,226,15,3,2.4,1,190000.0,18000.0,1,185.0,0,0,0
29,0,2019.0,296,21,3,1.6,1,73000.0,18500.0,0,150.0,1,1,0
13,47,2017.0,158,18,3,1.8,1,156000.0,18499.0,1,175.0,0,0,0
14,113,2025.0,183,4,3,1.6,1,0.0,57999.0,0,154.0,0,0,0
31,32,2018.0,327,13,3,1.6,1,55000.0,17000.0,0,110.0,0,1,0
36,96,2025.0,398,4,3,1.4,1,0.0,31600.0,0,150.0,0,0,0
1,75,2017.0,13,2,3,2.0,0,83000.0,35200.0,1,225.0,1,0,0
18,42,2016.0,203,13,3,3.6,1,107000.0,39500.0,1,286.0,1,0,0
21,90,2011.0,227,4,3,1.6,0,168000.0,11040.0,0,132.0,0,1,0
18,69,2011.0,207,18,3,2.4,0,200000.0,13900.0,1,170.0,1,1,0
35,81,2022.0,387,13,2,2.5,0,17800.0,67999.0,2,110.0,1,0,0
11,34,2011.0,132,15,3,1.6,0,220000.0,9200.0,0,110.0,0,1,0
18,82,2025.0,208,13,3,1.3,1,0.0,30392.0,0,170.0,0,0,0
28,51,2019.0,275,18,3,1.6,1,89900.0,16800.0,0,120.0,0,0,0
10,4,2018.0,122,18,3,1.4,1,130000.0,17600.0,1,110.0,0,1,0
25,57,2011.0,268,18,3,3.5,0,153000.0,22000.0,0,110.0,1,0,0
35,95,2021.0,393,13,0,2.8,1,39000.0,52000.0,0,204.0,1,0,0
6,10,2025.0,103,13,3,1.0,1,0.0,24000.0,0,120.0,0,0,0
5,110,2017.0,92,21,3,1.8,1,90000.0,15840.0,0,140.0,0,1,0
8,50,2011.0,115,13,3,2.4,0,98000.0,9800.0,1,170.0,1,0,0
36,96,2025.0,398,4,3,1.4,1,0.0,36720.0,0,150.0,0,0,0
31,32,2013.0,322,13,3,1.6,0,131000.0,11600.0,1,110.0,0,1,0
13,27,2016.0,154,18,3,2.4,1,180000.0,23500.0,1,175.0,0,0,0
11,34,2018.0,133,4,3,1.5,0,112679.0,16856.0,0,123.0,0,1,0
4,101,2013.0,65,13,3,2.0,0,140000.0,9280.0,1,127.0,0,1,0
5,110,2025.0,92,13,3,1.2,1,0.0,19940.0,2,132.0,1,0,0
36,96,2025.0,398,4,3,1.4,1,0.0,35775.0,2,150.0,0,0,0
36,97,2025.0,400,4,3,1.0,1,0.0,31600.0,2,110.0,0,0,0
11,37,1998.0,138,26,3,4.0,0,300000.0,9500.0,1,110.0,1,1,0
18,82,2021.0,210,4,3,1.8,1,84000.0,20500.0,1,170.0,0,1,0
6,11,2020.0,110,13,3,1.6,1,62000.0,17600.0,0,165.0,0,0,0
11,54,2011.0,142,4,3,2.5,0,199000.0,12500.0,0,123.0,1,0,0
18,23,2023.0,200,4,3,1.3,1,0.0,36400.0,0,170.0,0,0,0
11,34,2009.0,132,13,3,1.6,0,199300.0,7360.0,2,110.0,0,1,0
29,0,2025.0,292,18,3,1.0,1,0.0,26584.0,0,120.0,0,1,0
5,110,2018.0,92,22,3,1.8,1,81000.0,18950.0,1,140.0,1,1,0
11,34,2018.0,134,4,3,1.5,0,81676.0,17200.0,0,123.0,0,1,0
36,96,2025.0,398,13,3,1.4,1,0.0,37192.0,2,150.0,0,0,0
5,110,2025.0,91,2,3,1.2,0,0.0,23196.0,0,132.0,1,0,0
13,70,2009.0,159,13,3,3.5,0,182427.0,17600.0,0,257.0,0,0,0
36,96,2023.0,398,13,3,1.4,1,42000.0,32000.0,1,150.0,0,0,0
28,51,2021.0,276,4,3,1.6,1,34000.0,27360.0,0,120.0,1,0,0
29,0,2021.0,296,21,3,1.6,1,76000.0,19200.0,0,150.0,1,1,0
35,25,2021.0,371,4,3,2.0,1,36500.0,27200.0,1,170.0,0,0,0
35,46,2017.0,375,13,0,2.8,1,98000.0,35500.0,1,177.0,1,0,0
5,110,2020.0,95,2,3,1.2,1,56000.0,21600.0,0,132.0,1,0,0
21,92,2018.0,231,13,0,2.0,1,91000.0,29000.0,0,154.0,1,0,0
25,21,2011.0,265,18,3,3.5,0,175000.0,25500.0,0,110.0,1,0,0
29,0,2025.0,292,18,3,1.0,1,0.0,26584.0,0,120.0,0,1,0
13,47,2016.0,157,13,3,1.8,1,75000.0,13700.0,0,132.0,0,0,0
11,34,2014.0,136,4,3,2.0,0,122000.0,12400.0,0,143.0,0,1,0
18,23,2025.0,200,18,3,1.3,1,0.0,13576.0,2,272.0,0,0,0
13,27,2012.0,154,21,3,2.4,0,109000.0,16000.0,0,185.0,0,0,0
10,71,2025.0,124,13,3,1.0,1,0.0,22891.0,2,110.0,0,0,0
6,11,2019.0,110,4,3,1.6,1,101000.0,16400.0,0,165.0,0,0,0
11,34,2015.0,134,4,3,1.6,0,86000.0,12400.0,0,110.0,0,1,0
18,82,2017.0,210,13,3,1.8,1,75000.0,17900.0,1,170.0,0,0,0
11,34,2016.0,134,4,3,1.6,0,127613.0,13200.0,0,110.0,0,1,0
36,97,2020.0,400,2,3,1.6,0,86000.0,19920.0,2,110.0,0,0,0
36,63,2021.0,397,13,3,1.0,1,72981.0,25000.0,0,101.0,0,0,0
11,34,2015.0,136,4,3,2.0,0,171000.0,13600.0,0,143.0,0,1,0
29,0,2025.0,297,13,3,1.0,1,0.0,33200.0,0,120.0,0,0,0
25,17,2022.0,255,4,3,2.0,0,45490.0,73000.0,0,224.0,1,0,0
10,71,2025.0,125,13,3,1.3,0,0.0,27600.0,2,110.0,0,0,0
35,25,2023.0,369,4,2,1.8,1,37000.0,32000.0,1,170.0,0,0,0
8,50,2011.0,113,13,3,2.7,0,156000.0,11500.0,0,170.0,1,0,0
6,10,2025.0,103,13,3,1.0,1,0.0,24760.0,0,120.0,0,0,0
4,102,2019.0,69,22,3,1.5,0,56800.0,15920.0,0,127.0,1,1,0
36,97,2020.0,400,13,3,1.6,1,64000.0,22400.0,1,110.0,0,0,0
28,51,2025.0,276,22,3,1.6,1,0.0,28400.0,2,120.0,1,0,0
13,47,2016.0,157,4,3,1.8,1,101000.0,19500.0,1,132.0,0,0,0
30,56,2025.0,312,2,3,3.0,1,0.0,211000.0,2,440.0,0,1,0
11,34,2015.0,136,4,3,2.0,0,68500.0,11600.0,0,143.0,0,1,0
25,18,2016.0,258,18,3,2.0,1,92000.0,47900.0,0,367.0,1,0,0
11,8,2025.0,129,26,3,2.0,0,0.0,45600.0,2,110.0,1,0,0
11,100,2023.0,144,2,3,1.8,0,33000.0,32320.0,0,85.0,1,0,0
29,0,2016.0,293,18,3,1.6,0,111111.0,12400.0,0,120.0,0,1,0
6,11,2021.0,110,13,3,1.6,1,38000.0,18880.0,0,165.0,0,1,0
21,89,2019.0,226,18,0,2.2,1,62000.0,44999.0,0,154.0,1,0,0
31,13,2020.0,319,22,3,1.6,0,78000.0,19200.0,0,110.0,1,1,0
5,110,2025.0,95,21,3,1.2,0,0.0,22507.0,2,132.0,1,0,0
36,96,2024.0,398,13,3,1.4,1,0.0,39000.0,0,150.0,0,0,0
3,117,2013.0,29,2,3,2.0,0,112000.0,18900.0,0,184.0,1,1,0
31,32,2012.0,326,13,3,2.0,0,130000.0,13600.0,0,138.0,1,1,0
14,86,2017.0,170,15,0,2.2,0,159143.0,25920.0,0,110.0,1,0,0
29,0,2025.0,292,2,3,1.0,1,0.0,21600.0,2,120.0,0,1,0
5,110,2017.0,92,13,3,1.8,1,120000.0,14400.0,1,140.0,1,0,0
36,108,2025.0,414,13,3,2.0,1,0.0,46800.0,2,150.0,1,0,0
3,125,2013.0,60,4,3,3.0,1,140000.0,47000.0,0,306.0,1,0,0
21,87,2025.0,224,13,3,1.5,1,0.0,36000.0,0,185.0,0,0,0
36,96,2025.0,398,13,3,1.4,1,0.0,31592.0,2,150.0,0,0,0
11,34,2015.0,136,18,3,1.6,0,127000.0,13200.0,0,110.0,0,1,0
29,0,2025.0,297,13,3,1.0,1,0.0,28144.0,2,120.0,0,0,0
14,113,2013.0,178,13,3,2.0,0,83000.0,13360.0,1,154.0,0,1,0
11,8,2024.0,129,4,3,2.0,0,9000.0,41600.0,1,110.0,1,0,0
5,110,2023.0,92,4,3,1.2,1,26000.0,26000.0,1,132.0,1,0,0
29,0,2017.0,293,4,3,1.6,0,76000.0,9600.0,0,120.0,0,1,0
13,47,2018.0,157,13,3,1.8,1,126000.0,20900.0,1,154.0,0,0,0
5,110,2019.0,92,4,3,1.8,1,85000.0,18320.0,0,140.0,1,1,0
31,13,2019.0,319,13,3,1.6,0,86000.0,17200.0,0,110.0,1,1,0
13,47,2024.0,157,4,3,1.5,1,0.0,38000.0,0,121.0,0,0,0
35,25,2024.0,369,4,2,1.8,1,9900.0,47900.0,1,170.0,0,0,0
11,100,2021.0,144,4,3,1.5,0,52000.0,29600.0,0,85.0,1,0,0
34,48,1999.0,358,22,3,1.3,0,191000.0,12900.0,0,110.0,1,1,0
3,117,2010.0,29,13,3,3.0,0,140000.0,19900.0,1,265.0,1,1,0
11,54,2013.0,142,13,3,2.5,0,142000.0,12800.0,0,110.0,1,0,0
11,34,2013.0,134,22,3,1.6,0,94523.0,10900.0,0,110.0,0,1,0
21,89,2007.0,226,4,0,2.5,0,118000.0,12500.0,0,170.0,1,0,0
14,113,2008.0,178,18,0,2.0,0,229638.0,9500.0,0,154.0,1,1,0
31,32,2017.0,327,4,3,1.6,1,74000.0,14000.0,0,110.0,0,1,0
6,10,2025.0,103,18,3,1.0,1,0.0,23200.0,2,120.0,0,0,0
8,50,2014.0,115,21,3,2.4,0,184000.0,14400.0,0,170.0,1,0,0
36,63,2023.0,397,21,3,1.0,1,69000.0,22000.0,1,101.0,0,0,0
6,11,2022.0,110,18,3,1.6,1,56000.0,18000.0,1,165.0,0,0,0
4,104,2025.0,73,4,3,1.5,1,0.0,29900.0,0,127.0,1,0,0
29,0,2020.0,296,4,3,1.6,0,42000.0,9600.0,0,150.0,1,1,0
14,86,2013.0,171,18,0,2.2,1,140000.0,14500.0,0,110.0,1,0,0
35,81,2013.0,382,4,3,2.0,1,158000.0,11920.0,0,200.0,0,0,0
35,95,2025.0,393,13,0,2.8,1,1000.0,56880.0,2,204.0,1,0,0
29,0,2022.0,293,13,3,1.6,0,20000.0,18320.0,2,120.0,0,1,0
3,123,2011.0,57,13,3,4.4,0,106000.0,49900.0,0,555.0,1,1,0
8,50,2013.0,115,18,3,2.4,0,105000.0,13500.0,1,170.0,1,0,0
18,23,2021.0,198,18,0,2.0,1,70000.0,32800.0,1,272.0,1,1,0
18,23,2025.0,200,13,3,1.3,1,4500.0,38800.0,0,272.0,0,0,0
36,63,2024.0,397,13,3,1.0,1,0.0,21520.0,2,116.0,0,0,0
18,82,2018.0,210,13,3,1.8,1,87028.0,18400.0,1,170.0,0,0,0
18,23,2018.0,197,18,3,2.4,0,122400.0,25000.0,0,170.0,1,1,0
11,34,2016.0,133,22,3,1.6,0,85000.0,12400.0,0,110.0,0,1,0
21,90,2010.0,227,13,3,1.6,0,170000.0,8000.0,0,132.0,0,1,0
3,117,2018.0,34,4,3,2.0,1,99000.0,38500.0,0,231.0,1,1,0
5,110,2021.0,92,22,3,1.2,1,100000.0,22080.0,0,132.0,1,0,0
29,0,2025.0,292,13,3,1.0,1,0.0,26584.0,0,120.0,0,1,0
1,76,2024.0,14,13,3,2.0,1,0.0,93000.0,2,245.0,1,0,0
36,63,2025.0,397,18,3,1.0,1,0.0,23760.0,2,101.0,0,0,0
36,109,2012.0,416,13,3,3.6,0,162000.0,25000.0,0,240.0,0,0,0
14,40,1997.0,167,22,0,2.5,0,170000.0,9000.0,0,110.0,1,1,0
3,118,2019.0,37,26,3,2.0,1,45600.0,44500.0,1,205.0,1,0,0
35,25,2025.0,369,4,3,2.0,1,0.0,36800.0,0,170.0,0,0,0
14,113,2017.0,180,21,3,2.0,1,98000.0,21200.0,1,154.0,0,0,0
36,97,2024.0,402,18,3,1.6,1,0.0,35000.0,2,116.0,0,0,0
11,100,2024.0,144,4,3,1.8,1,0.0,37200.0,0,85.0,1,0,0
31,32,2013.0,326,13,3,2.0,0,117500.0,12500.0,1,138.0,0,1,0
11,34,2018.0,133,22,3,1.5,0,65000.0,14400.0,0,123.0,0,1,0
3,123,2017.0,54,13,3,3.0,0,88000.0,55900.0,0,306.0,1,1,0
31,13,2017.0,318,22,3,2.0,0,63000.0,14400.0,0,110.0,0,1,0
11,34,2009.0,132,18,0,1.4,0,182427.0,5600.0,1,123.0,0,1,0
27,58,1999.0,270,2,0,2.8,0,248300.0,11800.0,1,110.0,0,0,0
1,93,2019.0,18,13,3,3.0,0,100000.0,69000.0,0,354.0,1,0,0
18,23,2021.0,200,18,3,2.4,0,72800.0,30320.0,0,170.0,0,0,0
1,74,2024.0,9,13,3,1.4,1,0.0,64000.0,2,150.0,1,0,0
11,34,2016.0,136,18,3,1.6,0,84000.0,15500.0,1,110.0,0,1,0
28,129,2008.0,285,18,0,2.8,0,260000.0,13200.0,0,123.0,1,1,0
31,32,2025.0,329,13,3,1.3,1,0.0,29520.0,0,155.0,1,1,0
11,34,2018.0,130,17,3,1.5,1,77000.0,14800.0,1,123.0,0,1,0
25,17,2016.0,255,18,3,1.6,0,74900.0,33900.0,1,156.0,1,0,0
13,47,2023.0,157,4,3,1.5,1,0.0,39550.0,0,121.0,0,0,0
28,51,2017.0,275,2,3,1.6,1,112000.0,18900.0,0,120.0,0,0,0
31,32,2023.0,329,4,3,1.3,1,25000.0,23200.0,1,155.0,0,0,0
36,107,2018.0,409,13,3,2.0,1,113200.0,33500.0,0,200.0,1,1,0
28,51,2025.0,275,13,3,1.6,0,0.0,25240.0,2,120.0,0,0,0
31,32,2014.0,322,18,3,1.6,0,126000.0,10600.0,1,110.0,0,1,0
11,34,2011.0,132,13,3,1.4,0,120000.0,10000.0,0,123.0,0,1,0
35,25,2025.0,369,13,2,1.8,1,1234.0,43500.0,0,170.0,0,0,0
3,120,2021.0,44,13,3,2.0,0,87500.0,52900.0,2,184.0,1,1,0
28,51,2018.0,275,22,3,1.6,1,87028.0,21000.0,0,120.0,0,0,0
29,0,2019.0,293,4,3,1.6,0,110000.0,15500.0,0,120.0,0,1,0
2,124,2025.0,25,4,3,1.5,1,0.0,37900.0,0,185.0,0,0,0
27,66,2025.0,274,22,3,2.5,1,0.0,53000.0,0,184.0,1,0,0
5,110,2017.0,92,22,3,1.8,1,121000.0,16800.0,0,140.0,1,0,0
8,50,2013.0,114,13,3,2.4,0,99091.0,14800.0,0,170.0,1,0,0
14,26,2024.0,164,4,3,1.6,1,0.0,31120.0,0,115.0,0,0,0
11,34,2018.0,130,13,3,1.5,1,85000.0,15160.0,0,123.0,0,1,0
31,33,2019.0,333,22,3,2.0,0,43000.0,20500.0,0,110.0,0,1,0
29,0,2025.0,297,4,3,1.0,1,0.0,34232.0,2,120.0,0,0,0
36,96,2025.0,398,13,3,1.4,1,0.0,14320.0,2,150.0,0,0,0
35,25,2022.0,370,13,3,2.0,0,76600.0,27600.0,2,170.0,0,0,0
3,117,2017.0,34,4,3,2.0,1,137000.0,33000.0,1,192.0,1,1,0
31,32,2012.0,322,18,3,1.6,0,146704.0,9500.0,1,110.0,0,1,0
18,82,2025.0,210,13,3,1.8,1,0.0,23992.0,2,170.0,0,0,0
10,71,2025.0,124,13,3,1.0,1,0.0,22891.0,2,110.0,0,0,0
18,82,2018.0,210,4,3,1.8,1,138000.0,16480.0,1,170.0,0,1,0
35,46,2019.0,375,13,0,2.8,1,79000.0,34880.0,1,177.0,1,0,0
31,13,2019.0,318,21,3,1.6,1,62400.0,20240.0,0,110.0,0,0,0
9,30,2025.0,117,18,3,1.6,1,0.0,55500.0,0,215.0,0,0,0
18,42,2017.0,204,18,3,3.6,0,120000.0,46400.0,0,286.0,1,0,0
5,110,2013.0,92,21,3,1.8,1,142000.0,12480.0,0,140.0,1,0,0
35,95,2025.0,393,4,0,2.8,1,0.0,56950.0,2,204.0,1,0,0
11,34,2015.0,136,18,3,2.0,1,87000.0,14200.0,0,143.0,0,1,0
29,0,2019.0,292,13,3,1.6,0,80000.0,13900.0,0,120.0,0,1,0
31,33,2018.0,333,4,3,1.6,0,85000.0,17500.0,0,110.0,0,1,0
3,123,2016.0,54,13,3,3.0,0,85000.0,54900.0,0,306.0,1,1,0
36,96,2025.0,398,13,3,1.4,1,0.0,30000.0,2,150.0,0,0,0
18,23,2024.0,200,13,3,1.3,1,0.0,25600.0,2,170.0,0,0,0
5,111,2025.0,99,13,0,2.8,1,1000.0,46800.0,2,200.0,1,0,0
36,97,2020.0,403,4,3,1.6,1,106506.0,19840.0,0,110.0,0,1,0
36,97,2025.0,400,13,3,1.0,1,0.0,24560.0,2,110.0,0,0,0
5,110,2024.0,91,4,3,1.2,1,0.0,24480.0,0,132.0,1,0,0
5,110,2013.0,92,13,3,1.8,1,117000.0,12800.0,1,140.0,0,1,0
10,71,2024.0,124,13,3,1.0,0,0.0,23920.0,0,110.0,0,0,0
18,82,2024.0,209,2,3,1.3,1,0.0,16800.0,2,175.0,0,0,0
35,25,2023.0,366,4,3,2.0,1,49000.0,34400.0,0,170.0,0,0,0
6,11,2020.0,110,13,3,1.6,1,39000.0,21000.0,1,165.0,0,0,0
11,54,2022.0,142,13,2,2.5,1,30000.0,45000.0,1,123.0,1,0,0
5,110,2025.0,92,4,3,1.2,1,0.0,25922.0,2,132.0,1,0,0
36,96,2022.0,398,2,3,1.4,1,35000.0,27200.0,0,150.0,0,0,0
29,0,2021.0,295,4,3,1.6,0,67000.0,20328.0,0,120.0,0,1,0
28,51,2025.0,275,13,3,1.6,0,0.0,25200.0,2,120.0,0,0,0
1,75,2012.0,13,4,3,2.0,0,150000.0,17900.0,0,211.0,1,0,0
2,121,2018.0,21,22,3,1.5,1,87000.0,15700.0,1,148.0,1,1,0
10,71,2025.0,125,18,3,1.3,0,0.0,9520.0,0,110.0,0,1,0
11,54,2017.0,141,4,3,2.0,0,100000.0,20800.0,0,143.0,1,0,0
5,110,2017.0,92,4,3,1.8,1,122000.0,15600.0,0,140.0,0,1,0
35,81,2020.0,387,4,3,2.5,1,57000.0,40800.0,1,110.0,1,0,0
4,101,2016.0,65,13,3,1.6,0,117000.0,10400.0,2,125.0,0,1,0
6,11,2025.0,110,4,3,1.6,1,0.0,23840.0,0,165.0,0,0,0
28,51,2020.0,278,4,3,1.6,1,31500.0,20720.0,2,120.0,0,0,0
6,11,2021.0,106,4,3,1.6,1,52600.0,18400.0,1,165.0,0,0,0
18,82,2025.0,208,4,3,1.3,1,0.0,30154.0,2,170.0,0,0,0
11,100,2021.0,145,13,3,1.5,1,60000.0,27499.0,0,143.0,1,0,0
8,50,2012.0,115,18,3,2.4,0,138000.0,16000.0,1,170.0,1,0,0
11,54,2017.0,142,18,3,2.0,1,78000.0,26000.0,0,143.0,1,0,0
29,0,2020.0,299,21,3,1.6,0,57000.0,16400.0,0,120.0,0,1,0
28,130,2006.0,286,18,3,2.5,0,222810.0,12200.0,1,257.0,1,1,0
18,82,2025.0,212,13,3,1.3,1,0.0,33272.0,0,170.0,1,0,0
36,96,2025.0,398,4,3,1.4,1,0.0,39306.0,2,150.0,0,0,0
11,34,2011.0,132,5,3,1.6,0,160000.0,8500.0,1,110.0,0,1,0
3,120,2017.0,44,13,3,3.0,0,62000.0,45000.0,0,306.0,1,1,0
31,33,2019.0,333,13,3,2.0,0,115000.0,17400.0,0,110.0,0,1,0
5,110,2021.0,92,4,3,1.2,1,88000.0,23200.0,0,132.0,1,0,0
18,82,2017.0,210,21,3,1.8,1,58500.0,20000.0,1,170.0,0,0,0
1,75,2024.0,13,13,3,2.0,1,0.0,77800.0,2,245.0,1,0,0
3,117,2025.0,34,13,3,2.0,0,0.0,62900.0,0,192.0,1,1,0
5,110,2025.0,95,18,3,1.2,0,0.0,18800.0,2,132.0,1,0,0
28,51,2018.0,275,13,3,1.6,1,85000.0,18400.0,1,120.0,0,0,0
18,116,2025.0,216,21,3,3.6,1,0.0,126800.0,0,284.0,1,0,0
5,110,2024.0,95,4,3,1.2,1,1111.0,23920.0,0,132.0,1,0,0
18,23,2025.0,200,4,3,1.3,1,0.0,34800.0,2,272.0,0,0,0
6,12,2021.0,111,13,3,1.6,1,44546.0,29990.0,0,110.0,0,0,0
5,111,2025.0,99,13,0,2.8,1,0.0,46160.0,2,207.0,1,0,0
5,110,2018.0,92,21,3,1.8,1,100000.0,16000.0,0,140.0,1,0,0
29,0,2017.0,296,4,3,1.6,1,80000.0,13440.0,0,150.0,1,1,0
18,23,2025.0,200,4,3,1.3,1,0.0,37076.0,2,272.0,0,0,0
36,108,2019.0,414,2,3,2.0,1,127000.0,35500.0,1,150.0,0,0,0
31,13,2017.0,318,17,3,2.0,0,120000.0,15200.0,0,110.0,0,1,0
11,100,2025.0,144,2,3,1.8,1,0.0,42000.0,0,85.0,1,0,0
18,23,2024.0,200,13,3,1.3,1,2000.0,30632.0,2,170.0,0,0,0
4,103,2016.0,70,22,3,1.6,1,97000.0,12000.0,1,110.0,0,1,0
8,50,2013.0,113,18,3,3.6,0,97800.0,17600.0,0,280.0,1,0,0
10,4,2018.0,122,4,3,1.4,1,87028.0,15190.0,2,110.0,0,1,0
21,89,2009.0,226,18,0,2.5,0,150000.0,7992.0,0,170.0,0,1,0
11,34,2015.0,134,4,3,1.6,0,140000.0,12640.0,0,110.0,0,1,0
5,110,2017.0,92,4,3,1.8,0,85000.0,16500.0,0,140.0,1,1,0
3,123,2025.0,55,13,2,3.0,0,0.0,189000.0,0,306.0,1,1,0
31,32,2014.0,330,13,3,1.6,0,145000.0,8000.0,0,110.0,0,1,0
35,95,2025.0,389,4,0,2.8,0,0.0,60000.0,0,204.0,1,0,0
1,75,2016.0,13,13,3,3.0,0,52000.0,43000.0,0,272.0,1,0,0
1,75,2025.0,13,13,3,2.0,1,1000.0,89500.0,1,252.0,1,0,0
1,74,2025.0,9,21,3,1.4,0,0.0,60800.0,2,150.0,1,0,0
36,63,2022.0,397,4,3,1.0,1,8500.0,25000.0,1,101.0,0,0,0
6,10,2024.0,103,4,3,1.6,1,0.0,21720.0,0,120.0,0,1,0
1,74,2025.0,10,18,3,2.0,1,1000.0,85000.0,1,190.0,1,0,0
18,82,2024.0,208,13,3,1.3,1,0.0,30320.0,2,175.0,0,0,0
5,110,2017.0,92,18,3,1.8,1,90000.0,16240.0,1,140.0,1,0,0
28,51,2021.0,275,4,3,1.6,1,70000.0,21920.0,1,120.0,0,0,0
3,125,2013.0,60,18,3,3.0,1,120000.0,45000.0,1,306.0,1,0,0
5,111,2025.0,96,13,0,2.8,0,0.0,46080.0,2,200.0,1,0,0
35,81,2010.0,382,13,3,2.4,0,250000.0,16000.0,1,257.0,1,0,0
3,120,2013.0,44,13,3,2.0,1,95000.0,24800.0,1,184.0,1,1,0
31,52,2012.0,339,4,3,2.5,0,170000.0,11900.0,1,138.0,1,0,0
13,47,2017.0,157,13,3,1.8,1,58000.0,22000.0,1,154.0,0,0,0
36,96,2022.0,398,4,3,1.4,1,71551.0,31600.0,0,150.0,0,0,0
31,33,2018.0,332,22,3,1.6,0,87028.0,15500.0,1,110.0,0,1,0
3,117,2018.0,32,4,3,2.0,0,110000.0,33900.0,0,231.0,1,1,0
28,130,2009.0,290,5,3,2.5,1,182427.0,9000.0,1,110.0,1,1,0
31,32,2025.0,329,13,3,1.3,1,0.0,22560.0,0,155.0,1,0,0
28,51,2025.0,277,13,3,1.6,1,0.0,23120.0,2,120.0,0,1,0
35,46,2018.0,375,4,0,2.8,1,82000.0,37500.0,1,177.0,1,0,0
21,90,2013.0,230,4,3,1.6,0,178000.0,11500.0,1,132.0,0,0,0
35,25,2025.0,370,13,3,2.0,1,0.0,38320.0,0,170.0,0,0,0
3,117,2019.0,34,13,3,2.0,1,112000.0,32500.0,1,192.0,1,1,0
29,0,2016.0,296,18,3,1.6,0,105000.0,14392.0,1,150.0,1,1,0
18,23,2020.0,199,4,3,2.4,1,70000.0,24000.0,0,170.0,0,1,0
18,23,2020.0,199,13,3,2.4,1,92000.0,30000.0,1,170.0,0,1,0
11,8,2025.0,129,18,3,2.0,0,0.0,47920.0,0,110.0,1,0,0
18,42,2017.0,205,18,3,6.4,0,79000.0,67900.0,0,465.0,1,0,0
11,34,2019.0,131,15,3,2.0,1,79000.0,25000.0,1,170.0,1,1,0
25,17,2019.0,255,4,3,1.6,0,40000.0,46000.0,1,211.0,1,0,0
36,97,2019.0,403,4,3,1.6,0,116000.0,20000.0,0,110.0,0,1,0
28,51,2025.0,276,4,3,1.6,1,0.0,32999.0,0,120.0,1,0,0
36,63,2021.0,397,5,3,1.0,0,28000.0,24000.0,0,101.0,0,0,0
29,1,2018.0,303,22,3,1.6,1,85000.0,26800.0,0,165.0,1,0,0
18,82,2018.0,210,4,2,1.8,0,87028.0,16736.0,2,170.0,0,1,0
5,110,2024.0,95,18,3,1.2,1,1000.0,22400.0,2,132.0,1,0,0
18,23,2018.0,198,18,3,2.4,1,118000.0,22880.0,1,170.0,1,1,0
11,34,2017.0,136,4,3,1.6,1,110000.0,14400.0,0,110.0,0,1,0
36,63,2021.0,397,4,3,1.0,1,42000.0,18800.0,0,101.0,0,0,0
10,71,2025.0,126,21,3,1.0,1,0.0,20400.0,0,110.0,0,0,0
6,11,2019.0,110,22,3,1.6,1,63000.0,15920.0,0,165.0,0,0,0
18,22,2024.0,195,13,0,2.0,0,0.0,39184.0,2,272.0,1,0,0
36,97,2024.0,400,18,3,1.0,1,0.0,24000.0,0,110.0,0,1,0
12,49,2025.0,150,13,3,1.5,0,0.0,33000.0,2,110.0,0,0,0
31,52,2019.0,335,2,3,2.5,0,79100.0,23200.0,0,200.0,1,0,0
18,82,2018.0,210,21,3,1.8,1,91000.0,17200.0,1,170.0,0,1,0
29,0,2020.0,296,4,3,1.6,1,47000.0,10000.0,0,150.0,1,1,0
28,51,2025.0,276,4,3,1.6,1,0.0,34500.0,0,120.0,1,0,0
31,33,2016.0,332,13,3,1.6,0,97000.0,16500.0,2,110.0,0,1,0
11,34,2017.0,136,4,3,1.5,1,62000.0,17500.0,1,123.0,0,1,0
36,96,2025.0,398,13,3,1.4,1,0.0,35440.0,2,150.0,0,0,0
28,51,2018.0,275,21,3,1.6,1,82000.0,19500.0,0,120.0,0,0,0
2,124,2024.0,24,13,3,1.5,1,0.0,37900.0,2,185.0,0,0,0
11,100,2025.0,144,13,3,1.8,1,0.0,36800.0,2,85.0,1,0,0
29,0,2024.0,293,18,3,1.0,1,0.0,29200.0,0,120.0,0,1,0
5,110,2017.0,92,22,3,1.8,1,81500.0,18000.0,1,140.0,1,0,0
11,100,2025.0,144,21,3,1.8,1,0.0,39920.0,0,85.0,1,0,0
11,8,2022.0,129,13,3,2.0,0,10000.0,41000.0,1,110.0,1,0,0
1,72,2020.0,5,2,3,1.0,0,63000.0,31999.0,1,150.0,1,0,0
28,51,2025.0,276,13,3,1.6,1,0.0,30308.0,2,120.0,1,0,0
6,11,2025.0,110,4,3,1.6,1,0.0,22768.0,0,165.0,0,0,0
25,17,2017.0,255,13,3,1.6,1,73000.0,32000.0,1,211.0,1,0,0
28,51,2023.0,276,13,3,1.6,0,15000.0,26800.0,0,120.0,1,0,0
31,13,2020.0,317,13,3,1.6,1,97500.0,18080.0,0,110.0,0,0,0
36,63,2025.0,397,4,3,1.0,1,0.0,28720.0,2,101.0,0,0,0
6,11,2020.0,110,4,3,1.6,1,65000.0,22550.0,1,165.0,0,0,0
35,25,2022.0,369,13,3,2.0,1,80000.0,30400.0,0,170.0,0,0,0
3,120,2023.0,42,2,2,2.0,1,4000.0,125000.0,1,184.0,1,1,0
29,0,2018.0,293,13,3,1.6,0,87000.0,16300.0,0,120.0,0,1,0
18,23,2019.0,199,4,3,2.4,1,113000.0,25200.0,0,170.0,0,0,0
11,34,2013.0,134,13,3,2.0,0,192000.0,11600.0,0,143.0,0,1,0
36,108,2019.0,414,4,3,2.0,0,70000.0,34000.0,2,150.0,0,0,0
36,107,2018.0,409,2,3,2.0,1,87482.0,30400.0,1,200.0,1,0,0
18,23,2024.0,200,18,3,1.3,1,0.0,38000.0,0,170.0,0,0,0
5,110,2023.0,95,21,3,1.2,0,33000.0,20640.0,0,132.0,1,0,0
5,110,2013.0,92,13,3,1.8,1,105000.0,10880.0,1,140.0,0,1,0
36,96,2025.0,398,13,3,1.4,1,0.0,39500.0,0,150.0,0,0,0
36,97,2025.0,400,4,3,1.0,1,0.0,24472.0,2,110.0,0,0,0
5,110,2023.0,95,4,3,1.2,0,13000.0,23920.0,1,132.0,1,0,0
14,113,2018.0,182,13,3,2.0,1,87028.0,27900.0,0,154.0,0,0,0
31,52,2022.0,335,2,3,2.5,0,58245.0,21600.0,0,257.0,1,0,0
36,97,2025.0,400,13,3,1.0,1,0.0,10811.0,0,110.0,0,1,0
31,32,2018.0,327,13,3,2.0,1,80700.0,17500.0,1,143.0,0,1,0
18,23,2025.0,200,4,3,1.3,1,0.0,15192.0,0,272.0,0,0,0
5,110,2016.0,92,22,3,1.8,1,130000.0,14800.0,0,140.0,1,0,0
8,50,2017.0,115,4,3,2.4,1,119000.0,22000.0,1,170.0,1,1,0
28,51,2019.0,275,22,3,1.6,1,76000.0,20000.0,0,120.0,0,0,0
14,86,2017.0,171,13,3,2.4,0,69000.0,29990.0,0,110.0,1,0,0
3,125,2013.0,60,2,3,3.0,1,108800.0,45000.0,0,306.0,1,0,0
14,113,2019.0,180,4,0,2.0,0,132000.0,28500.0,0,154.0,0,1,0
28,51,2025.0,276,22,3,1.6,1,0.0,28400.0,2,120.0,1,0,0
5,110,2022.0,92,18,3,1.2,0,50500.0,23600.0,0,132.0,1,0,0
35,81,2005.0,386,5,3,2.0,0,89000.0,15000.0,1,110.0,1,1,0
28,51,2025.0,276,22,3,1.6,1,0.0,28360.0,2,120.0,1,0,0
18,82,2024.0,208,13,3,1.3,1,0.0,30296.0,2,175.0,0,0,0
31,32,2017.0,327,4,3,1.6,1,120000.0,15200.0,0,110.0,0,1,0
18,23,2025.0,200,4,3,1.3,1,0.0,37076.0,2,272.0,0,0,0
5,91,2025.0,90,25,3,1.8,1,0.0,27227.0,0,105.0,1,0,0
36,63,2021.0,397,13,3,1.0,1,110000.0,19200.0,0,101.0,0,0,0
35,46,2021.0,375,4,0,2.8,1,65000.0,46400.0,0,177.0,1,0,0
28,51,2025.0,276,2,3,1.6,1,0.0,28400.0,2,120.0,1,0,0
36,96,2024.0,398,4,3,1.4,1,0.0,30000.0,2,150.0,0,0,0
11,34,2013.0,134,22,3,1.6,0,140000.0,12400.0,0,110.0,0,1,0
11,34,2014.0,134,18,3,1.6,0,135000.0,11600.0,0,110.0,0,1,0
29,0,2017.0,299,13,3,1.6,1,83100.0,14870.0,0,120.0,0,1,0
29,0,2019.0,293,22,3,1.6,0,100000.0,15960.0,0,120.0,0,1,0
25,19,2017.0,262,18,3,3.0,1,149454.0,65000.0,0,333.0,1,0,0
29,0,2025.0,297,19,2,1.0,0,1002.0,34413.0,2,120.0,0,0,0
14,26,2021.0,164,13,3,1.6,1,75000.0,23500.0,1,115.0,0,0,0
36,96,2025.0,398,2,3,1.4,1,0.0,29800.0,2,150.0,0,0,0
18,23,2025.0,200,13,3,1.3,1,0.0,36800.0,2,272.0,0,0,0
13,47,2016.0,158,4,3,1.8,1,83000.0,20000.0,1,175.0,0,0,0
11,34,2015.0,130,4,3,1.6,0,107000.0,13600.0,0,110.0,0,1,0
10,71,2024.0,125,13,3,1.3,1,0.0,24126.0,2,110.0,0,1,0
11,34,2015.0,136,17,3,1.6,0,171000.0,11600.0,1,110.0,0,1,0
31,32,2024.0,329,13,3,1.3,1,0.0,23120.0,0,155.0,1,1,0
18,82,2020.0,208,4,3,1.8,1,60000.0,20400.0,0,170.0,0,0,0
31,32,2012.0,327,4,3,1.6,0,170000.0,9200.0,1,110.0,0,1,0
13,47,2024.0,158,13,3,1.5,1,0.0,33900.0,0,121.0,0,0,0
31,13,2018.0,318,3,4,2.0,1,120100.0,17680.0,2,110.0,0,1,0
21,89,2009.0,225,18,0,2.5,0,224000.0,10500.0,1,170.0,1,1,0
11,34,2015.0,136,5,3,1.6,0,110000.0,12900.0,0,110.0,0,1,0
31,32,2016.0,327,13,3,1.6,0,85000.0,13520.0,0,110.0,0,1,0
6,11,2020.0,110,21,3,1.6,1,110000.0,17600.0,1,165.0,0,0,0
35,46,2008.0,374,26,0,3.0,0,193000.0,18490.0,0,171.0,1,0,0
6,11,2021.0,110,22,3,1.6,1,59500.0,17600.0,1,165.0,0,0,0
21,92,2012.0,231,13,3,2.0,0,120000.0,14000.0,1,163.0,0,0,0
31,13,2018.0,318,3,3,2.0,1,60215.0,18300.0,2,110.0,0,1,0
18,22,2025.0,195,13,3,1.3,1,0.0,39992.0,2,272.0,0,0,0
4,104,2023.0,72,8,3,1.5,0,14500.0,23000.0,2,110.0,0,1,0
5,110,2014.0,92,13,3,1.8,0,88000.0,12800.0,0,140.0,1,0,0
31,32,2017.0,327,15,3,1.6,1,116300.0,14710.0,0,110.0,0,1,0
25,18,2019.0,258,21,3,2.0,1,75000.0,84500.0,0,390.0,1,0,0
16,83,2024.0,189,21,3,1.5,0,0.0,19900.0,0,110.0,0,1,0
8,50,2017.0,115,13,3,2.4,1,129999.0,18999.0,0,170.0,1,1,0
18,82,2017.0,210,4,3,1.8,1,96000.0,18500.0,1,170.0,0,0,0
18,23,2025.0,201,13,3,2.0,0,0.0,44400.0,2,272.0,1,0,0
36,96,2025.0,398,13,3,1.4,1,0.0,29840.0,2,150.0,0,0,0
4,103,2018.0,71,13,3,1.6,1,121617.0,15456.0,0,127.0,1,0,0
36,63,2024.0,397,22,3,1.0,1,1111.0,24400.0,1,116.0,0,0,0
29,0,2016.0,299,15,3,1.6,0,146100.0,12990.0,0,120.0,0,1,0
18,23,2025.0,200,18,3,1.3,1,0.0,35120.0,2,272.0,0,0,0
11,34,2003.0,132,18,3,1.6,0,220000.0,4640.0,0,110.0,0,1,0
31,32,2012.0,327,13,3,1.6,0,121000.0,11000.0,0,110.0,0,1,0
21,87,2025.0,224,18,3,1.5,1,0.0,35499.0,0,185.0,0,0,0
25,17,2025.0,255,4,3,1.3,0,0.0,65000.0,0,163.0,1,0,0
36,108,2018.0,414,2,3,2.0,1,112000.0,28500.0,1,150.0,1,0,0
5,110,2017.0,92,13,3,1.8,1,74000.0,20900.0,0,140.0,1,0,0
31,32,2021.0,327,13,3,1.6,1,60000.0,20300.0,0,110.0,0,1,0
3,120,2018.0,44,2,3,3.0,0,87028.0,95000.0,1,306.0,1,0,0
11,100,2022.0,144,4,3,1.5,0,32800.0,31840.0,0,143.0,0,0,0
31,32,2019.0,327,4,3,2.0,1,85000.0,18800.0,0,143.0,1,1,0
11,34,2017.0,134,13,3,1.6,0,127000.0,15200.0,0,110.0,0,1,0
29,0,2025.0,292,2,3,1.0,1,0.0,27200.0,2,120.0,0,1,0
31,32,2013.0,326,22,3,2.0,0,102000.0,11600.0,1,138.0,0,1,0
36,96,2025.0,398,4,3,1.4,1,0.0,31120.0,0,150.0,0,0,0
31,52,2012.0,339,4,3,2.5,0,203000.0,12698.0,1,138.0,1,0,0
5,110,2025.0,95,4,3,1.2,0,0.0,22507.0,2,132.0,1,0,0
6,12,2024.0,111,13,3,1.6,0,0.0,36799.0,2,110.0,0,0,0
36,108,2025.0,414,2,3,2.0,1,0.0,44800.0,2,150.0,1,0,0
3,125,2011.0,62,4,3,4.4,0,160000.0,130000.0,0,555.0,1,0,0
31,13,2017.0,318,4,3,2.0,0,98000.0,19000.0,0,110.0,0,1,0
2,121,2024.0,21,4,3,1.5,0,0.0,28200.0,0,148.0,1,0,0
11,34,2009.0,132,5,3,1.6,0,240000.0,9900.0,0,110.0,0,1,0
11,34,2018.0,133,18,3,1.5,0,129629.0,12992.0,0,123.0,0,1,0
4,101,2014.0,65,18,3,1.6,0,90000.0,11600.0,0,125.0,0,1,0
5,110,2022.0,92,22,3,1.2,0,26000.0,23600.0,0,132.0,1,0,0
11,34,2014.0,136,4,3,2.0,0,95000.0,12640.0,0,143.0,0,1,0
31,33,2018.0,332,13,3,1.6,0,87028.0,14400.0,0,110.0,0,1,0
11,8,2021.0,129,4,3,2.0,1,83000.0,34500.0,0,110.0,1,0,0
36,63,2025.0,397,21,3,1.0,1,0.0,25520.0,0,101.0,0,0,0
36,63,2020.0,397,13,3,1.0,0,42000.0,23920.0,1,101.0,0,0,0
14,113,2013.0,178,13,3,2.0,1,188000.0,13000.0,1,154.0,0,0,0
3,125,2013.0,60,4,3,3.0,1,140000.0,47000.0,0,306.0,1,0,0
29,0,2017.0,296,4,3,1.6,1,93000.0,15200.0,0,150.0,1,1,0
1,73,2024.0,8,13,3,1.4,1,8999.0,54000.0,0,150.0,1,0,0
3,120,2018.0,43,13,3,2.0,0,53000.0,69900.0,0,252.0,1,0,0
36,63,2025.0,397,13,3,1.0,1,0.0,31990.0,0,101.0,0,0,0
5,110,2018.0,92,4,3,1.8,1,105000.0,14800.0,2,140.0,1,1,0
28,51,2019.0,276,13,3,1.6,1,56000.0,20800.0,0,120.0,1,0,0
18,82,2018.0,210,18,3,1.8,1,99000.0,18000.0,0,170.0,0,0,0
36,63,2024.0,397,13,3,1.0,1,0.0,27600.0,0,116.0,0,0,0
29,0,2025.0,292,13,3,1.0,1,0.0,21600.0,2,120.0,0,1,0
31,13,2019.0,318,13,3,1.6,1,96202.0,18500.0,2,110.0,0,0,0
11,54,2010.0,142,18,3,2.5,0,140000.0,11900.0,0,123.0,1,0,0
29,0,2020.0,299,4,3,1.6,1,57000.0,18800.0,1,120.0,0,0,0
18,42,2011.0,203,18,3,3.6,1,129000.0,20500.0,0,286.0,1,0,0
5,110,2025.0,94,18,3,1.2,1,0.0,28565.0,2,132.0,1,0,0
32,5,2012.0,344,18,3,2.3,0,220000.0,5500.0,1,150.0,0,1,0
6,11,2019.0,110,4,3,1.6,1,135000.0,16000.0,0,165.0,0,0,0
35,25,2023.0,370,4,3,2.0,1,32000.0,34000.0,1,170.0,0,0,0
1,72,2018.0,4,4,3,2.0,0,65000.0,37500.0,0,211.0,1,0,0
4,103,2017.0,70,18,3,1.6,1,131000.0,10960.0,0,110.0,0,1,0
5,110,2017.0,92,22,3,1.8,1,135000.0,9192.0,0,140.0,1,1,0
31,32,2013.0,322,18,3,1.6,0,100000.0,11200.0,0,110.0,0,1,0
11,34,2017.0,136,18,3,2.0,1,80000.0,16500.0,0,143.0,0,1,0
35,25,2023.0,371,4,3,2.0,1,12700.0,32800.0,0,170.0,0,0,0
31,13,2019.0,320,13,3,2.0,1,100120.0,16792.0,0,110.0,0,1,0
11,8,2025.0,129,13,3,2.0,0,0.0,57900.0,0,110.0,1,0,0
18,23,2023.0,200,13,3,1.3,1,0.0,38000.0,0,170.0,0,0,0
11,34,2019.0,134,13,3,1.5,0,102000.0,16560.0,0,123.0,0,1,0
35,25,2024.0,369,13,3,2.0,1,9817.0,32000.0,0,170.0,0,0,0
36,96,2024.0,398,5,3,1.4,1,0.0,40160.0,0,150.0,0,0,0
13,27,2009.0,154,18,3,2.4,0,182427.0,13199.0,0,185.0,0,0,0
10,71,2024.0,125,22,3,1.3,1,0.0,25826.0,2,110.0,0,0,0
18,23,2022.0,200,13,3,1.3,0,61000.0,30900.0,1,170.0,0,0,0
28,51,2020.0,277,18,3,1.6,0,50000.0,19120.0,0,120.0,0,1,0
36,107,2019.0,409,4,3,2.0,1,60500.0,32500.0,1,200.0,1,0,0
18,116,2011.0,217,18,3,3.8,0,160000.0,36500.0,0,199.0,1,0,1
3,125,2010.0,60,4,3,3.0,1,170000.0,40000.0,1,306.0,1,0,0
18,23,2022.0,200,18,3,1.3,0,79200.0,25200.0,2,170.0,0,0,0
8,50,2012.0,115,13,3,2.4,0,210000.0,9520.0,1,170.0,1,0,0
5,110,2017.0,92,13,3,1.8,1,136000.0,16000.0,1,140.0,1,0,0
4,103,2016.0,70,18,3,1.6,1,183000.0,10800.0,1,110.0,0,1,0
13,47,2017.0,157,13,3,1.8,1,115000.0,18500.0,1,154.0,0,0,0
11,34,2018.0,136,21,3,1.5,1,65800.0,17000.0,0,123.0,0,1,0
1,75,2013.0,13,21,3,2.0,0,119000.0,19920.0,0,211.0,1,1,0
31,32,2019.0,327,13,3,1.6,0,61000.0,15200.0,2,110.0,0,1,0
31,32,2017.0,327,4,3,1.6,1,92000.0,15600.0,0,110.0,0,1,0
35,95,2017.0,393,4,0,2.4,1,100000.0,38000.0,1,177.0,1,0,0
31,33,2016.0,332,13,3,1.6,0,114000.0,15800.0,0,110.0,0,1,0
36,97,2020.0,402,2,3,1.6,1,96000.0,19120.0,0,116.0,0,0,0
6,11,2018.0,110,13,3,1.6,0,95000.0,15300.0,1,165.0,0,0,0
11,34,2011.0,132,13,3,1.6,0,186963.0,10000.0,0,110.0,0,1,0
36,96,2025.0,398,13,3,1.4,1,0.0,35200.0,2,150.0,0,0,0
4,101,2017.0,65,13,3,1.6,0,106000.0,13700.0,0,125.0,0,1,0
11,34,2022.0,136,2,3,1.5,1,49274.0,18500.0,0,123.0,0,1,0
11,54,2012.0,142,4,3,2.5,1,149000.0,13500.0,1,110.0,1,0,0
11,54,2016.0,142,4,3,2.0,1,109000.0,20800.0,1,143.0,1,0,0
10,71,2025.0,125,13,3,1.3,0,500.0,27600.0,0,110.0,0,0,0
31,32,2013.0,326,13,3,2.0,0,100000.0,11760.0,0,138.0,1,1,0
18,69,2012.0,207,2,3,2.0,0,108000.0,10800.0,1,156.0,0,1,0
31,32,2018.0,327,4,3,1.6,1,120000.0,14000.0,1,110.0,0,1,0
13,27,2008.0,152,8,3,2.4,0,227000.0,11920.0,1,185.0,1,0,0
29,0,2016.0,296,18,3,1.6,0,83298.0,13900.0,2,150.0,1,1,0
6,11,2022.0,106,13,3,1.6,0,23000.0,20000.0,1,165.0,0,1,0
18,82,2025.0,213,13,3,1.3,1,0.0,24000.0,2,170.0,1,0,0
29,0,2017.0,299,4,3,1.6,1,54000.0,14500.0,0,120.0,0,1,0
31,32,2012.0,324,15,3,1.6,0,227000.0,10320.0,0,110.0,0,1,0
31,32,2016.0,327,13,3,1.6,1,113804.0,14320.0,0,110.0,0,1,0
11,54,2016.0,142,21,3,2.0,1,186000.0,16000.0,1,143.0,1,0,0
31,32,2014.0,322,13,3,1.6,0,118000.0,9200.0,1,110.0,0,1,0
11,8,2024.0,129,13,3,2.0,0,0.0,42400.0,1,110.0,1,0,0
11,34,2022.0,136,2,3,1.5,1,25000.0,19990.0,2,123.0,0,1,0
14,26,2025.0,164,13,3,1.5,1,500.0,36000.0,0,115.0,0,0,0
6,11,2019.0,110,18,3,1.6,1,73300.0,17000.0,0,165.0,0,0,0
1,77,2010.0,16,18,3,4.2,0,230000.0,23500.0,1,350.0,1,0,0
11,34,2014.0,134,13,0,1.5,0,131000.0,11600.0,0,90.0,0,1,0
35,95,2023.0,389,21,0,2.8,1,7700.0,72000.0,1,204.0,1,0,0
4,104,2025.0,73,4,3,1.5,1,0.0,29800.0,0,127.0,1,0,0
18,23,2025.0,201,13,0,2.0,0,0.0,44400.0,2,272.0,1,0,0
18,116,2009.0,218,13,3,3.6,0,145000.0,35500.0,1,284.0,1,0,1
18,82,2024.0,208,13,3,1.3,1,0.0,34175.0,2,175.0,0,0,0
18,82,2024.0,210,2,3,1.8,1,0.0,25200.0,2,175.0,0,0,0
11,8,2021.0,129,4,3,2.0,1,38000.0,41000.0,0,110.0,1,0,0
34,44,2009.0,351,5,3,2.0,0,200000.0,12800.0,1,110.0,1,1,0
18,23,2025.0,200,4,3,1.3,1,0.0,35992.0,2,272.0,0,0,0
3,122,2017.0,51,4,3,2.0,1,115000.0,50000.0,0,245.0,1,0,0
36,97,2019.0,402,18,3,1.6,0,52000.0,22000.0,1,116.0,0,0,0
5,110,2024.0,95,4,3,1.2,1,0.0,22000.0,1,132.0,1,1,0
28,51,2020.0,278,4,3,1.6,1,70796.0,24990.0,0,120.0,0,0,0
5,91,2017.0,89,18,3,1.8,0,130000.0,9840.0,0,105.0,0,1,0
11,100,2025.0,144,2,3,1.8,1,0.0,39920.0,0,85.0,1,0,0
13,47,2019.0,157,4,3,1.8,1,130000.0,23500.0,1,154.0,0,0,0
4,103,2018.0,71,4,3,1.6,0,114500.0,13520.0,2,127.0,1,1,0
5,110,2025.0,92,4,3,1.2,1,0.0,23600.0,2,132.0,1,0,0
28,51,2024.0,277,4,3,1.6,1,0.0,23120.0,2,120.0,0,1,0
31,13,2019.0,320,13,3,2.0,1,47000.0,17000.0,1,110.0,0,1,0
6,10,2024.0,103,4,3,1.0,1,0.0,24792.0,2,120.0,0,0,0
11,34,2008.0,132,4,3,1.6,0,250000.0,4800.0,1,110.0,0,1,0
35,95,2025.0,389,13,0,2.8,1,0.0,60480.0,0,204.0,1,0,0
18,82,2024.0,210,18,3,1.8,1,0.0,25520.0,2,175.0,0,0,0
5,110,2014.0,92,4,3,1.8,0,155000.0,11520.0,1,140.0,0,1,0
4,104,2023.0,72,4,3,1.5,0,0.0,26000.0,0,110.0,0,0,0
34,115,1993.0,362,26,3,1.6,0,180000.0,8000.0,1,120.0,1,1,1
5,110,2019.0,92,4,3,1.8,1,59000.0,19119.0,0,140.0,1,1,0
29,0,2017.0,293,4,3,1.6,0,98000.0,12000.0,1,120.0,0,1,0
31,32,2025.0,329,13,3,1.3,1,0.0,24160.0,2,155.0,1,0,0
5,110,2025.0,92,4,3,1.2,1,0.0,25480.0,2,132.0,1,0,0
29,0,2018.0,296,4,3,1.6,1,90000.0,15920.0,0,150.0,1,1,0
5,110,2023.0,92,4,3,1.2,1,33000.0,21600.0,1,132.0,1,0,0
36,107,2012.0,409,4,3,2.0,0,124000.0,16000.0,1,200.0,1,1,0
36,97,2025.0,400,22,3,1.0,1,1000.0,88889.0,1,110.0,0,1,0
18,82,2018.0,208,22,3,2.4,1,108000.0,8960.0,0,170.0,0,0,0
4,103,2016.0,70,3,3,1.6,1,60000.0,8400.0,0,110.0,0,1,0
18,23,2018.0,200,18,3,2.4,1,87028.0,23000.0,1,170.0,0,0,0
4,103,2016.0,70,22,3,1.6,1,110000.0,13440.0,1,110.0,0,1,0
11,100,2021.0,144,8,3,1.5,0,100200.0,26500.0,0,85.0,1,0,0
11,34,2016.0,134,17,3,1.6,0,113200.0,12240.0,0,110.0,0,1,0
28,51,2020.0,276,4,3,1.6,0,78000.0,22800.0,0,120.0,1,0,0
4,103,2017.0,70,15,3,1.6,1,98000.0,11200.0,1,110.0,0,1,0
6,11,2022.0,106,4,3,1.6,0,68000.0,18400.0,0,165.0,0,1,0
3,120,2013.0,44,4,3,3.0,1,140000.0,27500.0,0,306.0,1,1,0
11,100,2024.0,144,13,3,1.8,1,0.0,38288.0,0,85.0,1,0,0
18,23,2022.0,200,18,3,1.3,0,45000.0,41592.0,0,170.0,0,0,0
29,0,2022.0,296,13,3,1.6,1,33600.0,20400.0,0,150.0,1,1,0
13,27,2012.0,154,4,3,2.4,0,150000.0,12000.0,1,185.0,0,0,0
3,125,2018.0,60,4,3,3.0,0,87028.0,69500.0,1,306.0,1,0,0
1,76,2024.0,14,18,3,2.0,1,0.0,90800.0,2,245.0,1,0,0
35,25,2022.0,371,4,3,2.0,0,45000.0,26800.0,1,170.0,0,0,0
5,110,2025.0,95,18,3,1.2,0,0.0,28614.0,2,132.0,1,0,0
35,46,2023.0,376,5,0,2.8,1,0.0,61200.0,0,177.0,1,0,0
35,95,2018.0,393,13,0,2.8,1,87028.0,36800.0,1,204.0,1,0,0
6,11,2018.0,110,13,3,1.2,1,51000.0,14800.0,1,165.0,0,0,0
3,122,2017.0,51,13,3,2.0,1,57000.0,45000.0,1,245.0,1,0,0
31,32,2015.0,327,4,3,1.6,1,108000.0,13200.0,2,110.0,0,1,0
14,26,2018.0,163,2,3,1.6,0,134000.0,17500.0,1,115.0,0,0,0
35,25,2025.0,369,4,2,1.8,1,0.0,42320.0,0,170.0,0,0,0
36,107,2014.0,409,13,3,2.0,0,135000.0,25000.0,1,200.0,1,0,0
6,10,2025.0,103,21,3,1.0,1,0.0,23840.0,2,120.0,0,0,0
36,97,2025.0,403,13,3,1.6,1,500.0,23400.0,0,110.0,0,1,0
18,23,2018.0,198,4,3,2.4,1,87028.0,24000.0,1,170.0,1,1,0
28,51,2018.0,276,4,3,1.6,0,74000.0,21600.0,0,120.0,1,0,0
4,101,2014.0,65,4,3,2.0,0,115000.0,8800.0,0,138.0,0,1,0
28,59,2011.0,281,13,3,3.5,0,185000.0,15200.0,0,260.0,1,0,0
36,97,2019.0,400,13,3,1.6,0,99000.0,21500.0,0,110.0,0,0,0
18,22,2025.0,195,18,0,2.0,1,0.0,47440.0,2,272.0,1,0,0
0,94,2022.0,3,18,3,2.0,0,45000.0,62000.0,0,200.0,0,0,0
5,110,2023.0,95,4,3,1.2,0,0.0,23600.0,0,132.0,1,0,0
36,107,2019.0,409,18,3,1.4,1,135000.0,27500.0,1,150.0,1,0,0
5,111,2019.0,98,13,0,2.8,1,138000.0,27200.0,1,200.0,1,0,0
5,110,2025.0,95,4,3,1.2,0,0.0,22880.0,0,132.0,1,0,0
11,54,2019.0,142,21,3,2.0,1,127000.0,23900.0,0,143.0,1,0,0
36,96,2025.0,398,21,3,1.4,1,0.0,26960.0,2,150.0,0,0,0
18,42,2007.0,203,18,0,3.0,1,154000.0,19000.0,1,286.0,1,1,0
11,34,2019.0,136,13,3,1.5,1,57000.0,18800.0,0,123.0,0,1,0
11,100,2023.0,144,2,3,1.8,1,12000.0,35999.0,1,85.0,1,0,0
4,102,2018.0,69,22,3,1.5,1,58000.0,16400.0,0,127.0,1,1,0
5,111,2018.0,98,18,0,2.8,1,87028.0,23992.0,0,200.0,1,0,0
31,32,2013.0,322,13,3,1.6,0,149500.0,10080.0,1,110.0,0,1,0
31,32,2012.0,324,13,3,1.6,0,169000.0,10400.0,1,110.0,0,1,0
36,97,2021.0,400,4,3,1.6,0,49000.0,25600.0,0,110.0,0,0,0
11,100,2025.0,144,2,3,1.8,1,1111.0,37360.0,1,85.0,1,0,0
29,0,2025.0,297,13,3,1.0,1,0.0,30480.0,2,120.0,0,0,0
29,0,2017.0,299,13,3,1.6,0,115000.0,13800.0,2,120.0,0,1,0
2,124,2023.0,24,4,3,1.5,1,0.0,38900.0,2,185.0,0,1,0
18,23,2018.0,200,13,3,2.4,0,93000.0,25600.0,0,170.0,0,0,0
10,71,2022.0,125,13,3,1.3,1,78428.0,19360.0,2,110.0,0,1,0
5,110,2022.0,95,13,3,1.2,0,41000.0,21200.0,2,132.0,1,1,0
9,30,2025.0,117,13,3,1.6,1,0.0,56720.0,0,215.0,0,0,0
36,107,2012.0,409,4,3,2.0,0,174000.0,18000.0,0,200.0,1,0,0
3,122,2018.0,51,4,3,2.0,1,87028.0,54000.0,0,245.0,1,0,0
22,36,2014.0,239,4,3,2.0,0,165000.0,32000.0,0,240.0,0,0,0
18,82,2025.0,212,4,3,1.3,1,0.0,34072.0,0,170.0,1,0,0
5,110,2017.0,93,18,3,1.8,1,51000.0,17440.0,1,140.0,1,0,0
14,113,2018.0,174,13,3,2.0,0,44000.0,26000.0,2,154.0,0,1,0
11,34,2018.0,136,4,3,1.5,1,92300.0,18000.0,0,123.0,0,1,0
18,23,2019.0,198,13,3,2.4,1,80000.0,27900.0,1,170.0,1,0,0
31,33,2019.0,332,4,3,2.0,0,130000.0,15600.0,0,110.0,0,1,0
21,92,2018.0,231,22,3,2.0,1,94000.0,23900.0,0,154.0,0,0,0
31,32,2016.0,327,18,3,1.6,1,88000.0,14500.0,1,110.0,0,1,0
5,110,2025.0,91,13,3,1.2,0,0.0,22494.0,2,132.0,1,0,0
18,82,2025.0,212,13,3,1.3,1,0.0,34320.0,2,170.0,1,0,0
11,100,2022.0,145,4,3,1.5,0,56700.0,28000.0,1,143.0,0,0,0
21,89,2006.0,226,13,3,3.5,0,257021.0,10200.0,0,154.0,1,0,0
36,96,2021.0,398,4,3,1.4,0,59050.0,36960.0,0,150.0,0,0,0
11,34,2018.0,133,4,3,1.5,0,100000.0,15500.0,0,123.0,0,1,0
28,51,2020.0,277,13,3,1.6,0,85000.0,20640.0,1,120.0,0,1,0
18,42,2006.0,203,18,0,3.0,0,187000.0,14000.0,1,286.0,1,0,0
11,54,2023.0,142,4,2,2.0,0,44000.0,41000.0,1,143.0,1,0,0
5,110,2024.0,92,13,3,1.2,0,1000.0,26476.0,2,132.0,1,0,0
36,96,2022.0,398,2,3,1.6,0,61000.0,30320.0,0,150.0,0,0,0
11,34,2015.0,130,18,3,1.6,0,118400.0,14000.0,0,110.0,0,1,0
31,33,2019.0,332,13,3,2.0,0,129000.0,14560.0,0,110.0,0,1,0
31,32,2013.0,326,4,3,2.0,0,115500.0,13300.0,0,138.0,0,1,0
11,34,2020.0,136,2,3,2.0,1,38000.0,24500.0,0,170.0,0,1,0
36,97,2024.0,403,4,3,1.6,0,1111.0,22400.0,1,110.0,0,1,0
36,96,2025.0,398,18,3,1.4,1,0.0,30860.0,0,150.0,0,0,0
29,0,2021.0,296,4,3,1.6,0,77534.0,18320.0,0,150.0,1,0,0
6,10,2024.0,103,13,3,1.0,1,0.0,22800.0,2,120.0,0,0,0
11,8,2025.0,129,18,3,2.0,0,0.0,47680.0,2,110.0,1,0,0
11,100,2022.0,144,4,3,1.5,0,10000.0,30800.0,1,143.0,0,0,0
16,83,2019.0,190,4,3,1.5,0,53599.0,14000.0,0,127.0,1,1,0
18,23,2019.0,198,4,3,2.4,1,70000.0,31080.0,1,170.0,1,0,0
29,0,2025.0,297,13,3,1.0,1,1111.0,32560.0,1,120.0,0,0,0
28,51,2021.0,276,18,3,1.6,1,22300.0,26200.0,2,120.0,1,0,0
36,63,2025.0,397,4,3,1.0,1,0.0,22240.0,2,101.0,0,0,0
11,100,2025.0,144,4,3,1.8,1,0.0,37486.0,2,85.0,1,0,0
11,34,2014.0,134,18,3,1.6,0,118500.0,10960.0,1,110.0,0,1,0
28,130,2007.0,286,13,0,2.2,0,177000.0,11200.0,1,257.0,1,1,0
31,13,2017.0,318,13,3,2.0,0,115000.0,17999.0,0,110.0,0,1,0
29,0,2021.0,293,4,3,1.6,1,75000.0,16500.0,1,120.0,0,1,0
36,97,2025.0,400,13,3,1.0,1,1200.0,26600.0,1,110.0,0,0,0
5,110,2013.0,92,4,3,1.8,1,81000.0,14900.0,1,140.0,1,0,0
11,34,2018.0,130,4,3,1.5,0,113000.0,13600.0,2,123.0,0,1,0
1,78,2021.0,17,13,3,3.0,0,60000.0,135000.0,0,340.0,1,0,0
10,71,2025.0,124,13,3,1.0,1,0.0,20800.0,0,110.0,0,0,0
11,34,2010.0,132,18,3,1.6,0,170000.0,9000.0,0,110.0,0,1,0
5,111,2017.0,98,13,0,2.8,1,98000.0,24000.0,1,200.0,1,0,0
31,32,2025.0,329,13,3,1.3,1,0.0,25246.0,2,155.0,1,1,0
31,13,2020.0,317,22,3,1.6,1,50350.0,18800.0,1,110.0,0,0,0
36,63,2021.0,397,13,3,1.0,1,46000.0,21440.0,0,101.0,0,0,0
18,23,2019.0,199,18,3,2.4,1,77414.0,23000.0,1,170.0,0,1,0
31,32,2025.0,329,13,3,1.3,1,0.0,30400.0,0,155.0,1,1,0
31,32,2019.0,327,4,3,1.6,1,80000.0,16000.0,1,110.0,0,1,0
35,46,2012.0,374,13,0,3.0,0,229000.0,24000.0,1,171.0,1,1,0
18,23,2025.0,200,18,3,1.3,1,1111.0,36000.0,1,272.0,0,0,0
18,22,2024.0,195,18,0,2.0,0,0.0,50400.0,0,272.0,1,0,0
6,11,2024.0,106,13,3,1.6,0,2190.0,21592.0,0,165.0,0,0,0
3,123,2018.0,57,4,0,3.0,0,54000.0,84000.0,0,313.0,1,1,0
3,125,2010.0,60,4,3,3.0,1,170000.0,40000.0,1,306.0,1,0,0
10,71,2025.0,125,13,3,1.3,1,1000.0,18000.0,0,110.0,0,0,0
18,82,2019.0,210,21,3,1.8,0,132000.0,18800.0,0,170.0,0,1,0
36,107,2009.0,409,4,3,2.0,0,163000.0,12000.0,1,200.0,1,1,0
31,32,2012.0,324,26,3,1.6,0,139000.0,9920.0,1,110.0,0,1,0
18,82,2025.0,210,18,3,1.8,1,0.0,24000.0,0,170.0,0,0,0
31,32,2016.0,328,13,3,2.0,1,109000.0,15600.0,1,138.0,1,1,0
6,11,2019.0,106,18,3,1.6,0,88000.0,18900.0,0,165.0,0,1,0
28,51,2021.0,276,4,3,1.6,1,70000.0,24400.0,0,120.0,1,0,0
36,63,2024.0,397,13,3,1.0,1,0.0,23040.0,2,116.0,0,0,0
36,63,2025.0,397,13,3,1.0,1,0.0,27200.0,2,101.0,0,0,0
35,95,2021.0,393,13,0,2.8,1,77000.0,50000.0,1,204.0,1,0,0
28,51,2025.0,276,22,3,1.6,1,0.0,28360.0,2,120.0,1,0,0
29,0,2025.0,293,4,3,1.0,1,0.0,11808.0,0,120.0,0,0,0
2,124,2023.0,24,13,3,1.5,1,0.0,38900.0,2,185.0,0,1,0
11,34,2015.0,136,4,3,2.0,0,109000.0,15840.0,0,143.0,0,1,0
1,73,2020.0,8,18,3,1.4,0,37000.0,35000.0,0,150.0,1,0,0
14,113,2008.0,179,13,3,2.0,0,280000.0,8000.0,1,154.0,1,1,0
35,81,2014.0,385,21,3,2.0,0,190000.0,20800.0,0,110.0,0,0,0
36,97,2025.0,400,4,3,1.0,1,0.0,38960.0,0,110.0,0,0,0
36,63,2021.0,397,4,3,1.0,1,65400.0,24999.0,1,101.0,0,0,0
28,51,2021.0,277,13,3,1.6,0,112000.0,18400.0,0,120.0,0,1,0
35,25,2024.0,370,4,3,2.0,1,9950.0,33600.0,1,170.0,0,0,0
5,110,2019.0,92,13,3,1.8,1,127000.0,16320.0,2,140.0,1,1,0
31,32,2013.0,322,18,3,1.6,0,140000.0,10500.0,1,110.0,0,1,0
4,101,2012.0,65,4,3,2.0,0,125000.0,9500.0,0,127.0,0,1,0
29,0,2016.0,299,4,3,1.6,0,115000.0,12500.0,1,120.0,0,1,0
36,96,2024.0,398,21,3,1.4,1,3175.0,36000.0,1,150.0,0,0,0
18,23,2025.0,200,4,3,1.3,1,0.0,35120.0,2,272.0,0,0,0
11,7,1981.0,127,15,3,5.8,0,1111111.0,65000.0,0,110.0,0,1,1
31,32,2025.0,325,13,3,1.6,1,0.0,20709.0,0,115.0,1,1,0
36,97,2024.0,400,2,3,1.0,1,7000.0,23200.0,1,110.0,0,1,0
37,127,2023.0,418,4,2,2.0,0,39000.0,61900.0,0,408.0,0,0,0
18,82,2024.0,208,4,3,1.3,1,0.0,18320.0,2,175.0,0,0,0
11,34,2015.0,130,4,3,1.6,0,121000.0,13200.0,0,110.0,0,1,0
5,110,2023.0,95,13,3,1.2,0,11900.0,20000.0,1,132.0,1,1,0
11,34,2010.0,132,21,3,1.6,0,220000.0,7600.0,1,110.0,0,1,0
31,32,2012.0,324,22,3,1.6,0,134000.0,9823.0,1,110.0,0,1,0
36,96,2023.0,398,13,3,1.4,1,0.0,32640.0,0,150.0,0,0,0
18,23,2024.0,200,13,3,1.3,1,9500.0,36990.0,0,170.0,0,0,0
5,110,2023.0,92,2,3,1.2,1,15000.0,22400.0,0,132.0,1,0,0
31,52,2014.0,336,18,3,2.5,0,195000.0,10800.0,1,110.0,1,0,0
36,96,2023.0,398,4,3,1.4,1,8000.0,34400.0,1,150.0,0,0,0
14,86,2016.0,171,13,3,2.4,1,160000.0,25000.0,1,110.0,1,0,0
11,34,2016.0,134,13,3,1.6,0,84000.0,14000.0,1,110.0,0,1,0
1,75,2013.0,13,13,3,2.0,1,109000.0,22600.0,1,225.0,1,1,0
35,46,2025.0,375,13,0,2.8,1,1000.0,66000.0,1,177.0,1,0,0
5,110,2025.0,95,4,3,1.2,0,0.0,25752.0,2,132.0,1,0,0
18,23,2025.0,196,13,3,2.0,1,0.0,49408.0,2,272.0,0,0,0
11,34,2016.0,130,22,3,1.6,0,120000.0,13440.0,0,110.0,0,1,0
31,13,2017.0,318,4,3,2.0,0,51000.0,16762.0,2,110.0,0,1,0
29,0,2025.0,292,2,3,1.0,1,0.0,25680.0,2,120.0,0,1,0
13,27,1999.0,153,5,3,2.0,0,135000.0,10500.0,2,148.0,1,0,0
31,32,2019.0,327,22,3,1.6,1,72000.0,14640.0,0,110.0,0,1,0
29,0,2025.0,292,13,3,1.0,1,0.0,28185.0,2,120.0,0,1,0
18,23,2025.0,200,4,3,1.3,1,0.0,28000.0,2,272.0,0,0,0
31,32,2017.0,327,22,3,1.6,1,78000.0,15200.0,0,110.0,0,1,0
1,75,2013.0,13,4,3,2.0,0,163000.0,21900.0,0,211.0,1,0,0
18,82,2021.0,208,13,3,1.8,1,98650.0,22000.0,2,170.0,0,0,0
22,29,2018.0,237,4,0,2.0,0,55000.0,37900.0,0,240.0,0,0,0
35,81,2012.0,382,21,3,2.4,0,155000.0,15600.0,1,257.0,0,0,0
22,36,2013.0,239,18,3,2.0,1,180000.0,29000.0,1,240.0,0,0,0
31,32,2013.0,326,18,3,2.0,0,165000.0,9600.0,1,138.0,0,1,0
28,51,2025.0,277,13,3,1.6,1,0.0,23184.0,0,120.0,0,1,0
5,110,2017.0,92,18,3,1.8,1,88000.0,15600.0,0,140.0,1,0,0
29,0,2019.0,292,13,3,1.6,0,64000.0,15120.0,0,120.0,0,1,0
31,32,2014.0,330,18,3,1.6,0,115000.0,11900.0,1,110.0,0,1,0
3,120,2012.0,44,4,3,3.0,1,135000.0,26900.0,0,306.0,1,1,0
18,82,2025.0,208,18,3,1.3,1,0.0,29592.0,2,170.0,0,0,0
36,107,2011.0,409,18,3,2.0,0,137000.0,15000.0,0,200.0,1,1,0
36,97,2023.0,402,21,3,1.6,0,22000.0,20800.0,2,116.0,0,0,0
18,82,2025.0,208,13,3,1.3,1,0.0,30296.0,2,170.0,0,0,0
18,116,2025.0,216,13,3,3.6,1,0.0,134000.0,2,284.0,1,0,0
5,35,2019.0,83,13,3,1.5,1,81000.0,25000.0,1,105.0,1,1,0
36,96,2021.0,398,4,3,1.4,1,66000.0,26400.0,1,150.0,0,0,0
36,97,2024.0,400,4,3,1.0,1,0.0,31600.0,0,110.0,0,0,0
11,34,2011.0,132,2,3,1.6,0,97000.0,11679.0,0,110.0,0,1,0
36,97,2020.0,400,4,3,1.6,0,80000.0,23800.0,0,110.0,0,0,0
14,113,2012.0,178,4,3,2.0,0,160000.0,14800.0,0,154.0,1,0,0
4,104,2024.0,73,4,3,1.5,1,1111.0,30880.0,0,127.0,1,0,0
28,51,2019.0,275,4,3,1.6,1,133200.0,17200.0,0,120.0,0,0,0
11,34,2019.0,134,18,3,1.5,0,70000.0,17200.0,0,123.0,0,1,0
11,34,2018.0,134,4,3,1.5,0,90000.0,17600.0,1,123.0,0,1,0
6,10,2024.0,103,18,3,1.6,1,0.0,22400.0,2,120.0,0,1,0
5,110,2021.0,95,13,3,1.2,1,18000.0,27000.0,1,132.0,1,0,0
36,97,2025.0,400,18,3,1.0,1,0.0,28400.0,0,110.0,0,0,0
25,17,2017.0,255,13,3,1.6,0,64500.0,33500.0,0,211.0,1,0,0
8,50,2017.0,115,18,3,2.4,1,140000.0,20800.0,0,170.0,1,1,0
18,82,2025.0,210,4,3,1.8,1,0.0,23600.0,2,170.0,0,0,0
13,47,2019.0,157,13,3,1.8,1,119000.0,21520.0,2,154.0,0,0,0
36,97,2025.0,400,13,3,1.0,1,0.0,29600.0,2,110.0,0,0,0
11,100,2025.0,144,4,3,1.8,1,0.0,39680.0,2,85.0,1,0,0
13,47,2016.0,158,13,3,1.8,1,70000.0,20900.0,1,175.0,0,1,0
31,32,2017.0,327,22,3,2.0,1,78967.0,18400.0,0,143.0,1,1,0
29,0,2017.0,296,4,3,1.6,1,125000.0,15241.0,0,150.0,1,1,0
36,107,2014.0,409,21,3,2.0,0,135000.0,16800.0,1,200.0,1,0,0
28,129,2008.0,285,13,0,2.8,0,193000.0,11200.0,1,123.0,1,1,0
11,34,2017.0,130,13,3,1.5,1,150000.0,12480.0,1,123.0,0,1,0
13,47,2015.0,158,4,3,1.8,1,132000.0,16800.0,1,185.0,0,0,0
31,13,2018.0,319,22,3,1.6,0,89000.0,17000.0,0,110.0,1,1,0
31,32,2018.0,327,4,3,2.0,1,118000.0,18800.0,0,143.0,1,1,0
29,0,2017.0,293,4,3,1.6,0,107000.0,13992.0,0,120.0,0,1,0
11,54,2010.0,142,4,3,2.5,1,160000.0,14911.0,1,123.0,1,0,0
5,111,2025.0,99,4,0,2.8,1,0.0,46784.0,2,200.0,1,0,0
31,52,2018.0,335,13,3,2.5,1,100000.0,23600.0,1,211.0,1,0,0
11,100,2024.0,144,4,3,1.8,1,500.0,37000.0,1,85.0,1,0,0
29,0,2025.0,297,13,3,1.0,1,0.0,31200.0,0,120.0,0,0,0
36,97,2025.0,400,4,3,1.0,1,0.0,31920.0,2,110.0,0,0,0
5,110,2013.0,92,13,3,1.8,1,150000.0,11600.0,0,140.0,0,1,0
14,113,2012.0,178,13,3,2.0,0,155000.0,11600.0,1,154.0,0,0,0
10,71,2025.0,124,13,3,1.0,1,0.0,22891.0,2,110.0,0,0,0
29,0,2019.0,296,4,3,1.6,1,120000.0,14400.0,0,150.0,1,1,0
5,110,2016.0,92,18,3,1.8,1,135000.0,13500.0,1,140.0,1,0,0
29,0,2019.0,299,22,3,1.6,1,67000.0,15600.0,1,120.0,0,1,0
36,97,2024.0,400,4,3,1.0,1,1111.0,24000.0,1,110.0,0,0,0
11,34,2017.0,134,5,3,1.6,0,85000.0,14000.0,2,110.0,0,1,0
36,97,2025.0,400,4,3,1.0,1,0.0,24720.0,0,110.0,0,0,0
18,82,2018.0,210,18,3,1.8,1,87028.0,18800.0,1,170.0,0,0,0
35,25,2025.0,369,2,2,1.8,1,0.0,46000.0,2,170.0,0,0,0
31,32,2012.0,324,13,3,1.6,0,110900.0,10364.0,1,110.0,0,1,0
0,94,2023.0,3,22,3,2.0,0,13000.0,80000.0,0,280.0,0,0,0
5,35,2024.0,84,4,3,1.5,0,8900.0,33592.0,0,132.0,0,0,0
25,18,2016.0,258,13,3,2.0,1,110032.0,40000.0,0,367.0,1,0,0
31,33,2017.0,333,18,3,2.0,1,98000.0,13200.0,0,110.0,0,1,0
10,71,2022.0,125,21,3,1.3,1,58000.0,19040.0,0,110.0,0,0,0
36,96,2025.0,398,13,3,1.4,1,0.0,28960.0,2,150.0,0,0,0
5,110,2015.0,92,21,3,1.8,1,116000.0,14900.0,0,140.0,0,1,0
5,110,2025.0,92,22,3,1.2,1,0.0,24399.0,2,132.0,1,0,0
28,51,2024.0,276,2,3,1.6,1,0.0,31120.0,0,120.0,1,0,0
18,23,2018.0,199,18,3,2.4,1,105000.0,19200.0,0,170.0,0,1,0
3,117,2011.0,29,18,3,3.0,0,170000.0,17500.0,0,265.0,1,1,0
11,100,2021.0,144,4,3,1.5,1,16800.0,28720.0,1,85.0,1,0,0
28,51,2020.0,276,13,3,1.6,0,102000.0,19440.0,0,120.0,1,0,0
25,16,2013.0,253,18,3,4.7,0,83000.0,64500.0,0,435.0,1,0,0
28,51,2018.0,275,18,3,1.6,1,135000.0,19600.0,2,120.0,0,0,0
31,32,2019.0,327,4,3,1.6,1,68000.0,15000.0,1,110.0,0,1,0
35,46,2019.0,375,21,0,2.8,1,79000.0,32800.0,2,177.0,1,0,0
28,51,2021.0,277,4,2,1.6,0,26050.0,20048.0,2,120.0,0,1,0
6,11,2021.0,110,13,3,1.6,1,65000.0,18800.0,1,165.0,0,0,0
18,23,2024.0,200,4,3,1.3,1,0.0,31920.0,2,170.0,0,0,0
35,25,2025.0,369,13,2,1.8,1,3600.0,44500.0,0,170.0,0,0,0
1,74,2024.0,9,13,3,2.0,1,0.0,79800.0,0,220.0,1,0,0
1,73,2013.0,8,18,3,2.0,1,139000.0,18000.0,0,170.0,1,1,0
31,13,2017.0,318,22,3,2.0,0,83000.0,16900.0,0,110.0,0,1,0
3,117,2019.0,32,18,3,2.0,0,102000.0,39900.0,1,231.0,1,1,0
4,101,2013.0,66,18,3,2.0,0,123000.0,9440.0,1,127.0,1,1,0
13,47,2016.0,158,21,3,1.8,1,103000.0,18500.0,0,175.0,0,0,0
10,71,2024.0,125,13,3,1.3,1,0.0,19839.0,2,110.0,0,1,0
18,23,2019.0,199,18,3,2.4,1,35000.0,24400.0,1,170.0,0,1,0
14,113,2013.0,178,4,3,2.0,0,214081.0,13000.0,0,154.0,0,0,0
29,0,2024.0,297,13,3,1.0,1,0.0,31600.0,1,120.0,0,0,0
35,81,2018.0,387,13,3,2.0,1,79000.0,34900.0,0,110.0,1,1,0
1,73,2016.0,8,13,3,1.4,0,65000.0,28000.0,0,150.0,1,0,0
13,27,2008.0,152,13,3,2.0,0,200000.0,13500.0,0,148.0,1,0,0
11,100,2021.0,144,8,3,1.5,0,55000.0,28500.0,1,85.0,1,0,0
31,52,2024.0,335,4,3,2.5,1,0.0,37090.0,1,257.0,1,0,0
36,107,2011.0,409,4,0,2.0,0,125000.0,15000.0,1,140.0,1,0,0
11,34,2016.0,136,21,3,1.6,0,80000.0,15520.0,1,110.0,0,1,0
31,13,2018.0,320,4,3,2.0,0,104000.0,14000.0,0,110.0,0,1,0
5,110,2017.0,92,4,3,1.8,1,78000.0,17000.0,1,140.0,1,0,0
18,82,2025.0,208,18,3,1.3,1,0.0,25200.0,2,170.0,0,0,0
6,11,2020.0,110,21,3,1.6,1,50000.0,21000.0,0,165.0,0,0,0
9,31,2023.0,121,18,0,1.6,1,39200.0,47500.0,2,300.0,1,0,0
18,82,2021.0,210,18,3,1.8,1,42700.0,22500.0,2,170.0,0,1,0
5,110,2024.0,92,13,3,1.2,0,1000.0,28480.0,2,132.0,1,0,0
6,11,2025.0,106,4,3,1.6,0,0.0,22240.0,0,165.0,0,0,0
13,27,2013.0,154,18,3,2.4,1,157500.0,18000.0,1,185.0,0,0,0
11,34,2013.0,134,13,3,1.6,0,167000.0,10000.0,0,110.0,0,1,0
31,32,2025.0,329,13,3,1.3,1,0.0,21840.0,2,155.0,1,0,0
31,32,2021.0,327,4,3,1.6,1,58000.0,18500.0,0,110.0,0,1,0
11,54,2016.0,142,4,3,2.0,1,100370.0,23000.0,1,143.0,1,0,0
11,34,2014.0,130,4,3,1.6,0,139000.0,12700.0,0,110.0,0,1,0
35,81,2011.0,382,13,3,2.4,1,160000.0,13600.0,0,257.0,1,0,0
31,32,2013.0,326,15,3,2.0,0,99999.0,12000.0,0,138.0,1,1,0
29,0,2025.0,293,13,3,1.0,1,0.0,30896.0,2,120.0,0,0,0
18,23,2025.0,200,13,3,1.3,1,1000.0,36000.0,0,272.0,0,0,0
36,96,2025.0,398,5,3,1.4,1,0.0,35880.0,2,150.0,0,0,0
29,0,2016.0,293,4,3,1.6,0,94568.0,12800.0,0,120.0,0,1,0
28,51,2018.0,275,4,3,1.6,1,96000.0,19700.0,2,120.0,0,0,0
36,97,2021.0,403,4,3,1.6,0,119000.0,22000.0,1,110.0,0,1,0
32,60,1998.0,345,2,0,2.3,0,62000.0,12000.0,1,110.0,0,1,0
14,113,2008.0,178,18,0,2.0,0,260000.0,10400.0,1,154.0,0,0,0
35,25,2024.0,370,21,3,2.0,1,0.0,31920.0,2,170.0,0,0,0
31,32,2012.0,324,13,3,1.6,0,136000.0,11120.0,0,110.0,0,1,0
31,13,2019.0,318,4,3,1.6,1,53000.0,18300.0,1,110.0,0,0,0
14,86,2018.0,170,15,0,2.2,1,120000.0,32000.0,1,110.0,1,0,0
13,27,2014.0,154,18,3,2.4,1,192000.0,17500.0,1,185.0,0,0,0
35,95,2022.0,393,21,0,2.8,1,45000.0,51200.0,1,204.0,1,0,0
31,13,2017.0,320,4,3,2.0,0,124000.0,12960.0,1,110.0,0,1,0
5,110,2018.0,92,4,3,1.8,1,87000.0,17000.0,1,140.0,1,1,0
29,0,2025.0,297,4,3,1.0,1,0.0,23920.0,2,120.0,0,0,0
36,63,2024.0,397,4,3,1.0,1,0.0,30400.0,0,116.0,0,0,0
18,23,2020.0,199,13,3,2.4,1,89000.0,21200.0,2,170.0,0,1,0
22,79,1996.0,244,21,3,4.0,0,300000.0,13000.0,1,123.0,0,1,0
13,47,2018.0,158,21,3,1.8,1,100332.0,22000.0,1,185.0,0,0,0
1,75,2013.0,13,4,3,2.0,0,148000.0,21000.0,1,211.0,1,0,0
11,34,2017.0,130,13,3,2.0,1,100000.0,14400.0,0,143.0,1,1,0
31,13,2019.0,319,22,3,1.6,0,76127.0,16400.0,2,110.0,1,1,0
11,34,2016.0,130,13,3,1.6,0,170000.0,14800.0,0,110.0,0,1,0
6,11,2024.0,110,13,3,1.6,1,0.0,22800.0,1,165.0,0,0,0
31,32,2012.0,328,26,3,2.0,0,153000.0,11440.0,1,138.0,0,1,0
5,110,2018.0,92,21,3,1.8,1,85000.0,15960.0,0,140.0,1,1,0
11,34,2015.0,130,13,3,1.6,0,100000.0,14000.0,1,110.0,0,1,0
11,34,2018.0,136,17,3,1.5,1,82000.0,18000.0,0,123.0,0,1,0
5,110,2025.0,94,2,3,1.2,1,0.0,26640.0,2,132.0,1,0,0
3,125,2025.0,60,18,3,3.0,1,0.0,189900.0,0,306.0,1,0,0
28,51,2018.0,276,13,3,1.6,1,75000.0,21000.0,0,120.0,1,0,0
31,32,2012.0,324,13,3,1.6,0,160500.0,9300.0,1,110.0,0,1,0
29,0,2018.0,296,15,3,1.6,1,94000.0,12800.0,0,150.0,1,1,0
28,51,2020.0,275,4,3,1.6,1,76800.0,21200.0,0,120.0,0,1,0
13,47,2020.0,157,13,3,1.8,1,69000.0,23440.0,1,154.0,0,0,0
5,110,2025.0,95,2,3,1.2,0,1000.0,25600.0,0,132.0,1,0,0
22,80,2011.0,247,13,0,3.0,0,220000.0,26000.0,1,110.0,0,0,0
18,116,2025.0,216,18,3,2.0,1,0.0,124900.0,2,272.0,1,0,1
13,47,2020.0,157,29,3,1.8,1,62000.0,26500.0,0,154.0,0,0,0
21,90,2012.0,230,4,3,1.6,0,160000.0,13000.0,1,132.0,0,0,0
36,63,2025.0,397,21,3,1.0,1,0.0,27600.0,0,101.0,0,0,0
29,0,2017.0,293,18,3,1.6,0,77000.0,15900.0,0,120.0,0,1,0
29,0,2018.0,296,4,3,1.6,1,50000.0,16400.0,0,150.0,1,1,0
29,0,2019.0,299,4,3,1.6,1,79000.0,19040.0,0,120.0,0,1,0
5,110,2021.0,92,4,3,1.2,1,50000.0,21600.0,0,132.0,1,0,0
36,96,2025.0,398,13,3,1.4,1,0.0,31192.0,2,150.0,0,0,0
11,100,2025.0,144,13,3,1.8,1,0.0,36044.0,2,85.0,1,0,0
36,96,2024.0,398,4,3,1.4,1,1111.0,35600.0,1,150.0,0,0,0
11,100,2022.0,144,13,3,1.5,0,23289.0,28200.0,0,143.0,0,0,0
11,34,2014.0,134,5,3,1.6,0,135000.0,11160.0,0,110.0,0,1,0
5,110,2017.0,92,13,3,1.8,1,76000.0,17500.0,0,140.0,1,0,0
3,117,2024.0,31,13,1,2.0,0,0.0,89900.0,2,204.0,1,1,0
18,23,2019.0,199,13,3,2.4,0,58000.0,23128.0,0,170.0,0,1,0
31,32,2021.0,327,13,3,2.0,1,80000.0,18680.0,1,143.0,0,1,0
11,54,2021.0,141,13,2,2.5,1,47521.0,31000.0,1,143.0,0,0,0
18,82,2023.0,210,21,3,1.8,1,20000.0,21440.0,2,170.0,0,1,0
18,23,2021.0,199,18,3,2.4,1,40000.0,28800.0,1,170.0,0,0,0
36,63,2022.0,397,13,3,1.0,1,22000.0,24000.0,1,101.0,0,1,0
36,107,2011.0,409,18,3,2.0,0,170000.0,13900.0,0,200.0,1,0,0
28,51,2018.0,276,13,3,1.6,1,126000.0,19120.0,0,120.0,1,0,0
28,51,2020.0,277,22,3,1.6,0,130000.0,18800.0,0,120.0,0,1,0
3,123,2011.0,57,13,3,4.4,0,106000.0,50000.0,0,555.0,1,1,0
36,63,2024.0,397,4,3,1.0,1,0.0,25520.0,2,116.0,0,0,0
29,0,2018.0,296,27,3,1.6,1,118000.0,15200.0,0,150.0,1,1,0
13,27,1999.0,155,21,3,2.0,0,280000.0,9400.0,1,148.0,1,0,0
36,107,2013.0,409,4,3,2.0,0,150000.0,18500.0,1,200.0,1,0,0
30,14,2013.0,309,15,3,3.6,0,93000.0,43000.0,0,300.0,1,0,0
36,63,2025.0,397,18,3,1.0,1,0.0,27192.0,2,101.0,0,0,0
35,25,2025.0,370,4,2,1.8,1,0.0,30640.0,0,170.0,0,0,0
29,0,2021.0,299,13,3,1.6,0,73500.0,18000.0,2,120.0,0,1,0
11,34,2016.0,134,18,3,1.6,0,129500.0,12000.0,1,110.0,0,1,0
3,117,2010.0,29,21,3,3.0,0,176000.0,16999.0,0,265.0,1,1,0
11,34,2015.0,134,4,3,1.6,0,140000.0,11600.0,0,110.0,0,1,0
6,11,2019.0,110,13,3,1.6,1,70000.0,14000.0,1,165.0,0,0,0
18,82,2021.0,210,18,3,1.8,1,91000.0,19500.0,1,170.0,0,0,0
3,125,2017.0,62,18,3,4.4,0,98000.0,135000.0,1,575.0,1,0,0
18,82,2022.0,210,18,3,1.8,1,53000.0,21500.0,1,170.0,0,1,0
4,101,2015.0,65,18,3,2.0,1,130000.0,10500.0,1,138.0,0,1,0
29,0,2017.0,293,13,3,1.6,0,100000.0,12960.0,1,120.0,0,1,0
14,86,2017.0,171,13,3,2.4,0,149000.0,29800.0,0,110.0,1,0,0
6,11,2017.0,110,22,3,1.2,0,78800.0,17120.0,0,165.0,0,0,0
16,83,2025.0,189,13,3,1.5,1,0.0,19120.0,0,110.0,0,1,0
1,73,2014.0,8,4,3,2.0,0,148000.0,19000.0,1,170.0,1,1,0
11,34,2017.0,134,22,3,1.6,0,63000.0,16000.0,0,110.0,0,1,0
31,32,2016.0,327,13,3,2.0,1,93000.0,13200.0,1,143.0,0,1,0
36,97,2022.0,400,13,3,1.0,0,64700.0,25592.0,0,110.0,0,0,0
28,51,2020.0,275,4,3,1.6,1,94000.0,20500.0,0,120.0,0,0,0
11,34,2014.0,136,4,4,2.0,0,126000.0,14800.0,0,143.0,0,0,0
36,109,2013.0,416,18,3,3.0,0,178000.0,25000.0,0,240.0,0,0,0
13,47,2017.0,157,13,3,1.8,1,88000.0,20500.0,1,154.0,0,0,0
36,96,2024.0,398,4,3,1.4,1,0.0,31600.0,0,150.0,0,0,0
11,34,2014.0,134,4,3,1.6,0,150000.0,12400.0,0,110.0,0,1,0
35,95,2024.0,393,21,0,2.8,0,6950.0,64500.0,0,204.0,1,0,0
3,120,2018.0,44,13,3,3.0,0,47350.0,56000.0,2,306.0,1,0,0
10,71,2025.0,125,13,3,1.3,1,0.0,23041.0,2,110.0,0,1,0
10,4,2018.0,122,13,3,1.4,1,65000.0,17592.0,0,110.0,0,1,0
29,0,2025.0,297,18,3,1.0,1,0.0,31160.0,0,120.0,0,0,0
18,23,2025.0,200,4,3,1.3,1,0.0,35192.0,2,272.0,0,0,0
36,107,2013.0,409,4,3,2.0,0,191000.0,16500.0,1,200.0,1,0,0
4,103,2018.0,71,22,3,1.6,0,73000.0,15120.0,0,127.0,1,1,0
25,17,2025.0,255,2,3,1.3,0,0.0,65000.0,0,163.0,1,0,0
18,23,2022.0,200,13,3,1.3,0,55000.0,28800.0,0,170.0,0,0,0
36,96,2025.0,398,4,3,1.4,1,0.0,44000.0,0,150.0,0,0,0
6,10,2025.0,103,13,3,1.0,1,0.0,26832.0,0,120.0,0,0,0
29,0,2025.0,297,18,3,1.0,1,0.0,28640.0,2,120.0,0,0,0
11,54,2017.0,142,4,3,2.0,1,80000.0,24400.0,0,143.0,1,0,0
35,46,2006.0,374,13,0,3.0,1,210000.0,17000.0,0,171.0,1,1,0
25,20,2011.0,263,18,3,2.5,0,138000.0,18000.0,1,231.0,1,0,0
11,100,2022.0,145,3,3,1.5,0,9000.0,35500.0,1,143.0,0,0,0
11,54,2018.0,142,13,3,2.0,1,82000.0,25440.0,1,143.0,1,0,0
35,46,2008.0,374,18,0,3.0,1,193000.0,24000.0,1,171.0,1,1,0
36,96,2025.0,398,18,3,1.4,1,0.0,29600.0,2,150.0,0,0,0
6,11,2020.0,106,13,3,1.6,0,84500.0,16500.0,0,165.0,0,1,0
8,50,2013.0,115,18,3,2.4,0,130000.0,19800.0,0,170.0,1,0,0
36,97,2025.0,400,4,3,1.0,1,1000.0,28800.0,0,110.0,0,0,0
36,108,2018.0,414,13,3,1.4,0,90500.0,22400.0,2,150.0,1,0,0
31,32,2014.0,322,13,3,1.6,0,102500.0,12212.0,1,110.0,0,1,0
28,68,1993.0,283,26,3,3.0,0,245000.0,12800.0,0,123.0,1,1,0
5,110,2017.0,92,2,3,1.8,1,104000.0,17600.0,1,140.0,1,0,0
36,63,2024.0,397,2,3,1.0,1,0.0,25760.0,0,116.0,0,0,0
35,81,2001.0,387,18,3,2.0,1,243000.0,10000.0,1,110.0,1,1,0
36,96,2024.0,398,13,3,1.4,1,1234.0,32800.0,1,150.0,0,0,0
3,117,2018.0,34,13,3,2.0,1,58700.0,36500.0,0,192.0,1,1,0
36,96,2025.0,398,4,3,1.4,1,0.0,36960.0,2,150.0,0,0,0
5,110,2014.0,92,13,3,1.8,0,145000.0,12720.0,0,140.0,0,1,0
11,8,2025.0,129,26,3,2.0,0,0.0,47200.0,0,110.0,1,0,0
36,96,2025.0,398,13,3,1.4,1,0.0,36792.0,2,150.0,0,0,0
18,82,2025.0,210,18,3,1.8,1,0.0,23192.0,2,170.0,0,0,0
11,34,2012.0,132,4,3,1.6,0,140000.0,10400.0,0,110.0,0,1,0
11,100,2023.0,144,18,3,1.8,0,26000.0,35200.0,2,85.0,1,0,0
36,97,2021.0,400,5,3,1.0,0,41000.0,22400.0,1,110.0,0,0,0
36,96,2025.0,398,13,3,1.4,1,0.0,29840.0,2,150.0,0,0,0
18,23,2008.0,199,18,3,2.4,0,155000.0,10000.0,0,170.0,0,0,0
21,92,2018.0,231,22,2,2.0,0,105000.0,18656.0,2,154.0,0,0,0
18,42,1999.0,203,18,3,5.2,0,225000.0,11000.0,1,286.0,1,1,0
31,32,2016.0,327,13,3,2.0,1,128000.0,14160.0,0,143.0,0,1,0
18,23,2020.0,198,16,3,2.4,1,53800.0,30640.0,2,170.0,1,1,0
31,13,2017.0,318,4,3,2.0,0,97000.0,14800.0,0,110.0,0,1,0
4,102,2019.0,68,13,3,1.5,0,61000.0,13920.0,1,127.0,0,1,0
1,74,2025.0,9,13,3,1.4,0,0.0,62000.0,2,150.0,1,0,0
36,97,2025.0,400,4,3,1.0,1,0.0,30880.0,2,110.0,0,0,0
36,96,2024.0,398,13,3,1.4,1,0.0,30720.0,1,150.0,0,0,0
11,34,2018.0,136,18,3,1.5,1,97000.0,7200.0,1,123.0,0,1,1
18,82,2024.0,210,21,3,1.8,1,0.0,25200.0,2,175.0,0,0,0
18,23,2021.0,198,18,0,2.0,1,68000.0,33800.0,1,272.0,1,1,0
36,97,2025.0,400,21,3,1.0,1,0.0,28792.0,2,110.0,0,0,0
18,23,2024.0,199,18,3,1.3,1,0.0,31835.0,2,170.0,0,0,0
5,110,2024.0,95,13,3,1.2,1,1000.0,21998.0,2,132.0,1,0,0
3,123,2007.0,54,13,0,3.0,0,170000.0,17000.0,1,306.0,1,1,0
18,23,2021.0,198,13,3,2.4,1,51900.0,28000.0,0,170.0,1,1,0
36,97,2025.0,400,13,3,1.0,1,0.0,23200.0,2,110.0,0,0,0
5,110,2024.0,94,22,3,1.2,1,1000.0,28142.0,2,132.0,0,0,0
22,36,2012.0,239,18,3,2.0,0,125000.0,26900.0,0,240.0,0,0,0
18,23,2025.0,200,18,3,1.3,1,0.0,37600.0,2,272.0,0,0,0
36,97,2019.0,403,15,3,1.6,0,73500.0,18800.0,0,110.0,0,1,0
36,96,2025.0,398,13,3,1.4,1,0.0,14329.0,2,150.0,0,0,0
18,42,2014.0,204,21,3,3.6,1,153299.0,28500.0,0,286.0,1,0,0
31,33,2018.0,333,4,3,2.0,0,55500.0,17840.0,1,110.0,0,1,0
36,107,2010.0,409,18,3,2.0,0,165500.0,12800.0,1,200.0,1,0,0
31,32,2018.0,323,4,3,2.0,0,91000.0,16000.0,1,143.0,0,1,0
14,26,2021.0,164,18,3,1.6,1,50000.0,22000.0,0,115.0,0,0,0
13,47,2015.0,157,4,3,1.8,0,150000.0,16800.0,0,132.0,0,0,0
35,25,2025.0,369,2,2,1.8,1,2000.0,42500.0,0,170.0,0,0,0
18,82,2019.0,208,18,3,1.8,1,77500.0,22999.0,1,170.0,0,0,0
31,32,2013.0,326,13,3,2.0,0,150000.0,13500.0,1,138.0,0,1,0
31,32,2016.0,327,4,3,1.6,1,149500.0,13600.0,1,110.0,0,1,0
29,0,2020.0,296,29,3,1.6,1,44000.0,17500.0,0,150.0,1,1,0
11,100,2024.0,144,4,3,1.8,1,9000.0,32640.0,0,85.0,1,0,0
3,125,2010.0,60,18,3,3.0,1,88000.0,38000.0,1,306.0,1,0,0
35,25,2023.0,369,13,2,1.8,1,18000.0,37000.0,0,170.0,0,0,0
36,63,2021.0,397,4,3,1.0,1,46000.0,20000.0,0,101.0,0,0,0
5,110,2024.0,92,13,3,1.2,0,0.0,24784.0,2,132.0,1,0,0
29,0,2017.0,293,4,3,1.6,0,117000.0,14300.0,1,120.0,0,1,0
14,113,2015.0,178,21,3,2.0,0,143000.0,15990.0,0,154.0,0,1,0
36,96,2025.0,398,4,3,1.4,1,0.0,29600.0,2,150.0,0,0,0
36,108,2025.0,414,13,3,2.0,1,0.0,43600.0,2,150.0,1,0,0
1,77,2022.0,16,13,3,3.0,0,7000.0,160000.0,2,333.0,1,0,0
18,42,2008.0,203,21,0,3.0,1,193000.0,13200.0,1,286.0,1,0,0
3,117,2024.0,34,18,3,2.0,0,0.0,77900.0,2,192.0,1,1,0
29,0,2025.0,292,13,3,1.0,1,0.0,29520.0,0,120.0,0,1,0
36,97,2019.0,402,13,3,1.6,0,100000.0,17920.0,1,116.0,0,1,0
4,103,2018.0,71,4,2,1.6,0,51112.0,14208.0,2,127.0,1,1,0
6,10,2024.0,103,21,3,1.2,1,0.0,22160.0,0,120.0,0,0,0
5,110,2025.0,92,13,3,1.2,1,0.0,26400.0,2,132.0,1,0,0
31,32,2018.0,327,22,3,1.6,1,69000.0,13600.0,0,110.0,0,1,0
11,54,2016.0,142,4,3,2.0,1,134000.0,20900.0,2,143.0,1,0,0
4,103,2018.0,71,21,3,1.6,0,94000.0,15920.0,0,127.0,1,0,0
35,25,2023.0,369,21,2,1.8,1,30572.0,36000.0,0,170.0,0,0,0
31,33,2017.0,333,13,3,1.6,0,104500.0,14000.0,1,110.0,0,1,0
13,47,2017.0,158,13,3,1.8,1,140000.0,18100.0,0,175.0,0,0,0
31,32,2013.0,322,2,3,1.6,0,142000.0,10900.0,1,110.0,0,1,0
35,46,2021.0,375,13,0,2.8,1,46000.0,55000.0,0,177.0,1,0,0
13,47,2017.0,157,21,3,1.8,1,120900.0,19360.0,0,154.0,0,0,0
14,113,2017.0,180,4,0,2.0,1,99500.0,29500.0,0,154.0,1,0,0
6,11,2019.0,110,4,3,1.6,1,63000.0,15600.0,1,165.0,0,1,0
25,18,2017.0,258,18,3,2.0,1,130000.0,34500.0,1,367.0,1,0,0
18,22,2022.0,195,3,0,2.0,0,39000.0,40720.0,0,272.0,1,0,0
6,11,2020.0,110,21,3,1.6,1,62000.0,19040.0,0,165.0,0,0,0
36,97,2020.0,403,13,3,1.6,1,57000.0,20000.0,0,110.0,0,1,0
27,58,1998.0,271,22,0,2.5,0,163900.0,11300.0,1,110.0,1,0,0
25,17,2017.0,255,4,3,1.6,0,150000.0,27000.0,1,156.0,1,0,0
29,0,2025.0,297,13,3,1.0,1,0.0,20800.0,2,120.0,0,0,0
18,82,2025.0,212,13,3,1.3,1,0.0,40088.0,2,170.0,1,0,0
6,10,2025.0,103,13,3,1.0,1,0.0,24800.0,0,120.0,0,0,0
5,110,2019.0,92,22,3,1.8,0,135000.0,16500.0,1,140.0,0,1,0
3,118,2021.0,36,18,3,2.0,0,59050.0,103000.0,2,205.0,1,0,0
10,71,2025.0,124,13,3,1.0,1,0.0,22891.0,2,110.0,0,0,0
31,33,2021.0,332,22,3,2.0,0,40000.0,20900.0,0,110.0,0,1,0
35,46,2018.0,375,15,0,2.8,1,118000.0,38490.0,0,177.0,1,0,0
35,25,2025.0,369,4,3,2.0,1,0.0,40800.0,0,170.0,0,0,0
31,32,2016.0,327,21,3,1.6,1,159200.0,11920.0,2,110.0,0,1,0
31,32,2016.0,327,21,3,1.6,1,109000.0,11600.0,1,110.0,0,1,0
2,121,2024.0,21,22,3,1.5,1,0.0,29500.0,0,148.0,1,0,0
5,111,2025.0,96,13,0,2.8,0,0.0,49680.0,2,200.0,1,0,0
11,8,2025.0,129,18,3,2.0,0,0.0,47680.0,2,110.0,1,0,0
3,125,2015.0,60,4,3,3.0,0,118400.0,79000.0,0,306.0,1,0,0
5,110,2015.0,92,21,3,1.8,1,140000.0,13900.0,0,140.0,1,0,0
36,96,2025.0,398,21,3,1.4,1,0.0,29920.0,2,150.0,0,0,0
36,96,2025.0,398,4,3,1.4,1,0.0,29520.0,0,150.0,0,0,0
14,113,2018.0,182,13,3,2.0,1,125000.0,23200.0,1,154.0,0,0,0
11,8,2024.0,129,13,3,2.0,0,0.0,39360.0,1,110.0,1,0,0
18,23,2025.0,200,21,3,1.3,1,0.0,31920.0,2,272.0,0,0,0
18,23,2020.0,199,13,3,2.4,1,108000.0,23500.0,1,170.0,0,1,0
18,23,2025.0,200,4,3,1.3,1,0.0,37076.0,2,272.0,0,0,0
6,10,2024.0,103,4,3,1.0,1,0.0,25520.0,0,120.0,0,0,0
18,82,2025.0,208,2,3,1.3,1,0.0,31328.0,2,170.0,0,0,0
3,123,2013.0,54,4,3,3.0,1,108000.0,33200.0,1,306.0,1,1,0
18,23,2020.0,199,13,3,2.4,1,86000.0,28000.0,0,170.0,0,1,0
18,82,2025.0,209,13,3,1.3,1,0.0,38990.0,0,170.0,0,0,0
29,0,2018.0,299,4,3,1.6,1,87000.0,13520.0,1,120.0,0,1,0
36,97,2025.0,400,13,3,1.0,1,0.0,24480.0,2,110.0,0,0,0
11,34,2018.0,136,18,3,1.5,1,71300.0,19290.0,0,123.0,0,1,0
35,95,2016.0,393,15,0,2.8,0,145000.0,32800.0,0,177.0,1,1,0
1,75,2014.0,13,18,3,2.0,0,104000.0,29000.0,0,225.0,1,1,0
18,23,2018.0,199,22,3,2.4,1,59000.0,24400.0,0,170.0,0,1,0
5,110,2024.0,92,22,3,1.2,0,2450.0,24400.0,2,132.0,1,0,0
31,52,2010.0,339,18,3,2.5,0,112000.0,13800.0,1,138.0,1,1,0
28,51,2020.0,276,22,3,1.6,0,90000.0,21500.0,2,120.0,1,0,0
11,34,2022.0,136,13,3,1.5,1,24000.0,20400.0,0,123.0,0,1,0
18,15,2000.0,192,18,3,4.0,0,250000.0,14900.0,1,205.0,0,1,0
36,96,2025.0,398,4,3,1.4,1,0.0,29920.0,0,150.0,0,0,0
11,34,2018.0,136,18,3,1.5,1,75000.0,17900.0,1,123.0,0,1,0
13,27,2012.0,152,15,3,2.4,1,155000.0,16500.0,0,185.0,1,0,0
31,32,2013.0,322,18,3,1.6,0,120000.0,10000.0,0,110.0,0,1,0
1,75,2016.0,13,18,3,2.0,0,83000.0,35000.0,1,225.0,1,0,0
35,46,2016.0,375,15,0,2.8,1,129000.0,36500.0,2,177.0,1,0,0
11,34,2010.0,132,18,3,2.0,0,126000.0,10000.0,1,143.0,0,1,0
29,0,2025.0,292,18,3,1.0,1,0.0,10640.0,2,120.0,0,1,0
3,117,2025.0,30,13,3,2.0,0,0.0,84000.0,0,205.0,1,1,0
6,11,2020.0,110,22,3,1.6,1,50000.0,16000.0,1,165.0,0,0,0
11,34,2016.0,130,4,3,1.6,0,109000.0,16900.0,1,110.0,0,1,0
28,59,2010.0,281,5,3,3.5,1,214000.0,12900.0,1,260.0,1,0,0
11,34,2018.0,136,21,3,1.5,1,99870.0,18504.0,2,123.0,0,1,0
18,23,2024.0,199,13,3,1.3,1,0.0,31835.0,2,170.0,0,0,0
31,13,2019.0,318,4,3,2.0,1,61000.0,19000.0,0,110.0,0,0,0
28,51,2021.0,275,13,3,1.6,1,57000.0,25440.0,0,120.0,0,0,0
31,32,2019.0,327,13,3,1.6,1,80000.0,15800.0,1,110.0,0,1,0
11,34,2006.0,132,18,4,1.6,0,163000.0,6800.0,1,110.0,0,1,0
11,34,2016.0,130,21,3,1.6,0,115334.0,11841.0,2,110.0,0,1,0
11,34,2011.0,132,18,3,1.6,0,146000.0,8400.0,0,110.0,0,1,0
5,111,2025.0,96,18,0,2.8,0,0.0,48560.0,2,200.0,1,0,0
13,47,2025.0,157,4,3,1.5,1,9700.0,38500.0,1,121.0,0,0,0
35,55,2012.0,380,4,0,4.5,1,155000.0,41000.0,1,265.0,0,0,0
36,96,2025.0,398,3,3,1.4,1,0.0,37000.0,2,150.0,0,0,0
5,110,2024.0,95,4,3,1.2,1,2000.0,22160.0,2,132.0,1,0,0
18,42,2014.0,204,18,3,3.6,1,110000.0,34000.0,1,286.0,1,0,0
36,108,2024.0,414,18,3,2.0,1,0.0,51600.0,0,150.0,0,0,0
21,89,2017.0,226,13,0,2.2,0,98000.0,25520.0,0,154.0,1,0,0
31,32,2017.0,327,13,3,1.6,1,98000.0,13500.0,1,110.0,0,1,0
11,34,2012.0,130,4,3,1.6,0,128000.0,12000.0,0,110.0,0,1,0
5,110,2019.0,92,4,3,1.8,1,97000.0,18900.0,0,140.0,1,1,0
14,113,2008.0,179,13,3,2.7,0,235000.0,8400.0,1,154.0,1,0,0
35,81,2015.0,385,17,3,2.0,0,160000.0,14800.0,1,110.0,0,0,0
31,13,2021.0,319,4,3,1.6,0,82600.0,20400.0,0,110.0,1,1,0
5,6,1999.0,78,4,3,2.8,1,170000.0,12000.0,1,160.0,0,1,0
18,116,2019.0,218,4,3,3.6,0,79000.0,85000.0,0,284.0,1,0,0
13,47,2016.0,157,4,3,1.8,1,150000.0,19999.0,0,132.0,0,0,0
6,11,2020.0,106,18,3,1.6,0,78000.0,15120.0,0,165.0,0,1,0
5,110,2018.0,92,4,3,1.8,1,101653.0,14800.0,2,140.0,1,1,0
18,23,2025.0,200,18,3,1.3,1,0.0,35672.0,0,272.0,0,0,0
18,42,2018.0,205,18,3,6.4,0,71500.0,79500.0,0,465.0,1,0,0
28,51,2021.0,275,18,3,1.6,1,72000.0,24000.0,1,120.0,0,0,0
36,96,2025.0,398,13,3,1.4,1,0.0,30320.0,2,150.0,0,0,0
5,110,2024.0,95,22,3,1.2,1,0.0,25856.0,0,132.0,1,0,0
29,0,2017.0,296,4,3,1.6,1,127000.0,13200.0,0,150.0,1,1,0
18,42,2018.0,204,13,3,3.6,0,130000.0,45000.0,1,286.0,1,0,0
18,82,2017.0,208,4,3,2.4,1,71156.0,23680.0,0,170.0,1,0,0
21,92,2024.0,231,13,3,1.6,0,0.0,55999.0,0,132.0,1,0,0
29,0,2019.0,296,21,3,1.6,1,65160.0,15499.0,0,150.0,1,1,0
5,91,2024.0,90,2,3,1.8,1,1000.0,27200.0,2,105.0,1,0,0
31,32,2024.0,329,4,3,1.3,1,1000.0,12400.0,1,155.0,1,1,0
35,25,2023.0,369,4,2,1.8,1,18658.0,39000.0,0,170.0,0,0,0
35,25,2022.0,369,2,3,2.0,1,75000.0,30400.0,1,170.0,0,0,0
35,81,2021.0,385,2,3,2.5,0,80000.0,39990.0,0,110.0,0,0,0
11,54,2019.0,142,18,3,2.0,1,79000.0,35000.0,1,143.0,1,0,0
5,110,2024.0,94,2,3,1.2,1,0.0,27246.0,2,132.0,0,0,0
35,25,2022.0,369,4,2,1.8,1,70000.0,31120.0,0,170.0,0,0,0
1,75,2016.0,13,13,3,2.0,0,110000.0,38800.0,1,225.0,1,0,0
5,6,1994.0,79,4,3,4.3,0,225000.0,10500.0,1,200.0,1,1,0
11,54,2013.0,142,13,3,2.5,0,87000.0,12960.0,0,110.0,1,0,0
3,123,2011.0,54,18,0,3.0,1,130000.0,27500.0,1,245.0,1,1,0
18,82,2021.0,208,4,3,1.8,1,19000.0,24990.0,2,170.0,0,0,0
11,34,2017.0,136,4,3,1.5,1,80000.0,15600.0,0,123.0,0,1,0
36,96,2024.0,398,5,3,1.4,1,2000.0,42100.0,1,150.0,0,0,0
3,117,2019.0,34,4,3,2.0,1,100000.0,27200.0,0,192.0,1,1,0
3,125,2025.0,60,2,2,3.0,1,3500.0,180000.0,2,381.0,1,0,0
31,32,2019.0,327,13,3,1.6,1,90000.0,15900.0,0,110.0,0,1,0
11,34,2020.0,134,4,3,1.5,1,65000.0,17200.0,0,123.0,0,1,0
11,34,2018.0,136,18,3,2.0,1,77500.0,19999.0,1,170.0,0,1,0
8,50,2017.0,115,13,3,2.4,1,142000.0,19500.0,0,170.0,1,1,0
11,100,2021.0,145,4,3,1.5,1,120000.0,23600.0,1,143.0,1,0,0
36,107,2009.0,409,8,3,2.0,0,180000.0,12900.0,0,200.0,1,0,0
13,27,2012.0,154,4,3,2.4,0,155000.0,12500.0,1,185.0,0,0,0
29,0,2017.0,299,4,3,1.6,1,126000.0,13900.0,0,120.0,0,1,0
31,33,2020.0,332,21,3,1.6,0,104000.0,16000.0,0,110.0,0,1,0
18,23,2024.0,199,4,3,1.3,1,1000.0,31200.0,1,170.0,0,0,0
28,59,2018.0,280,13,3,3.5,1,78000.0,39000.0,1,260.0,1,0,0
11,100,2024.0,144,2,3,1.8,0,0.0,34500.0,0,85.0,1,0,0
4,103,2016.0,70,4,3,1.6,1,112000.0,14900.0,0,110.0,0,1,0
36,96,2024.0,398,13,3,1.4,1,0.0,35900.0,0,150.0,0,0,0
18,116,2007.0,218,18,3,3.8,0,195456.0,32900.0,0,199.0,1,1,1
18,82,2018.0,210,4,3,1.8,1,87028.0,18400.0,0,170.0,0,0,0
13,47,2018.0,157,4,3,1.8,1,82000.0,22500.0,1,154.0,0,0,0
1,73,2017.0,8,13,3,1.4,0,147000.0,21999.0,1,150.0,1,0,0
35,25,2024.0,369,13,2,1.8,1,0.0,39500.0,0,170.0,0,0,0
23,114,2020.0,249,4,2,2.5,1,30000.0,40000.0,1,110.0,0,0,0
14,86,2008.0,171,18,3,2.7,0,171000.0,8800.0,1,110.0,1,0,0
29,0,2017.0,296,4,3,1.6,1,58000.0,14800.0,0,150.0,1,1,0
18,82,2016.0,210,22,3,1.8,0,116000.0,15600.0,0,170.0,0,1,0
32,60,1999.0,346,13,0,2.9,0,205000.0,7200.0,1,110.0,0,1,0
3,125,2013.0,60,18,3,3.0,1,101200.0,39999.0,0,306.0,1,0,0
11,34,2019.0,136,18,3,2.0,1,77000.0,20800.0,0,170.0,0,1,0
5,110,2025.0,92,4,3,1.2,1,0.0,26800.0,2,132.0,1,0,0
4,101,2014.0,65,13,3,2.0,0,144000.0,10400.0,0,138.0,0,1,0
1,72,2020.0,5,21,3,1.0,0,98146.0,31500.0,2,150.0,1,0,0
35,95,2012.0,391,21,0,3.0,0,155000.0,24000.0,0,171.0,1,1,0
6,11,2021.0,106,13,3,1.6,1,68000.0,17200.0,0,165.0,0,1,0
13,27,2024.0,151,13,2,2.0,0,0.0,74900.0,2,148.0,1,0,0
28,51,2025.0,275,13,3,1.6,0,0.0,20060.0,2,120.0,0,0,0
6,10,2025.0,103,13,3,1.0,1,0.0,25400.0,2,120.0,0,0,0
28,51,2024.0,276,2,3,1.6,1,0.0,31120.0,0,120.0,1,0,0
5,110,2019.0,92,21,3,1.8,1,120000.0,20490.0,0,140.0,1,1,0
36,96,2025.0,398,13,3,1.4,1,0.0,36160.0,2,150.0,0,0,0
21,90,2009.0,227,4,3,1.6,0,132000.0,8000.0,1,132.0,0,1,0
29,0,2017.0,299,18,3,1.6,1,105000.0,14800.0,1,120.0,0,1,0
11,34,2013.0,130,4,3,1.6,0,160000.0,12000.0,0,110.0,0,1,0
36,63,2025.0,397,8,3,1.0,1,0.0,31920.0,0,101.0,0,0,0
2,124,2025.0,25,4,3,1.5,1,0.0,37900.0,0,185.0,0,0,0
36,96,2024.0,398,13,3,1.4,1,0.0,36400.0,0,150.0,0,0,0
28,51,2018.0,276,4,3,1.6,0,74000.0,21600.0,0,120.0,1,0,0
6,11,2021.0,110,13,3,1.6,1,95000.0,22000.0,0,165.0,0,0,0
18,23,2025.0,200,18,3,1.3,1,0.0,34952.0,0,272.0,0,0,0
1,76,2025.0,14,13,3,2.0,1,0.0,127000.0,2,245.0,1,0,0
4,102,2018.0,69,4,3,1.5,1,75000.0,13600.0,1,127.0,1,1,0
13,47,2025.0,157,4,3,1.5,0,0.0,37520.0,0,121.0,0,0,0
5,110,2014.0,92,13,3,1.8,0,138000.0,11920.0,0,140.0,0,1,0
18,82,2021.0,210,4,3,1.8,1,91000.0,17992.0,2,170.0,0,1,0
22,36,2013.0,239,18,3,2.0,1,90000.0,36000.0,0,240.0,0,0,0
31,32,2014.0,326,22,3,2.0,1,192000.0,12400.0,1,138.0,0,1,0
35,25,2024.0,367,4,3,2.0,0,2900.0,39200.0,1,170.0,0,0,0
6,11,2021.0,110,13,3,1.6,1,95000.0,16800.0,2,165.0,0,0,0
27,66,2013.0,274,4,3,2.4,1,170000.0,13500.0,1,170.0,1,0,0
18,23,2014.0,199,4,3,2.4,0,131000.0,13600.0,2,170.0,0,0,0
1,75,2016.0,13,4,3,2.0,0,150000.0,25500.0,1,211.0,1,0,0
6,11,2018.0,110,2,3,1.2,1,76488.0,14720.0,0,165.0,0,0,0
18,23,2025.0,200,18,3,1.3,1,0.0,36000.0,0,272.0,0,0,0
36,108,2025.0,414,13,3,2.0,1,0.0,43592.0,2,150.0,1,0,0
36,108,2018.0,414,13,3,1.4,0,90000.0,25200.0,2,150.0,1,0,0
36,108,2019.0,414,2,3,1.4,0,82000.0,28000.0,2,150.0,0,0,0
29,0,2017.0,296,4,3,1.6,1,80000.0,14320.0,0,150.0,1,1,0
25,21,2008.0,265,18,3,5.5,0,193000.0,35000.0,1,110.0,1,0,0
21,89,2014.0,226,4,0,2.2,0,135000.0,23000.0,0,132.0,1,0,0
29,0,2018.0,296,13,3,1.6,1,64480.0,14640.0,0,150.0,1,1,0
14,113,2012.0,178,13,3,2.0,0,128000.0,14000.0,1,154.0,0,0,0
11,34,2022.0,136,4,3,1.5,1,35000.0,21600.0,0,123.0,0,1,0
18,23,2018.0,200,13,3,2.4,1,82000.0,27900.0,1,170.0,0,0,0
6,11,2019.0,106,18,3,1.6,0,80000.0,15600.0,0,165.0,0,1,0
3,117,2012.0,33,4,3,1.8,0,119000.0,16000.0,1,204.0,1,1,0
5,110,2015.0,92,18,3,1.8,1,90000.0,14320.0,1,140.0,1,0,0
5,110,2023.0,95,13,3,1.2,1,1350.0,25600.0,1,132.0,1,0,0
18,42,2007.0,203,18,0,3.0,0,193000.0,14500.0,0,286.0,1,1,0
31,32,2025.0,329,13,3,1.3,1,0.0,25200.0,0,155.0,1,0,0
3,120,2016.0,41,13,3,2.0,0,80000.0,36000.0,0,245.0,1,1,0
18,42,2004.0,203,13,0,2.7,0,200000.0,10800.0,0,286.0,1,0,0
18,23,2019.0,198,4,3,2.4,1,55000.0,24900.0,0,170.0,1,0,0
2,124,2023.0,23,13,3,1.5,1,0.0,39900.0,2,185.0,0,1,0
5,110,2024.0,95,22,3,1.2,1,0.0,23363.0,0,132.0,1,1,0
11,34,2009.0,132,18,0,1.4,0,163000.0,7512.0,0,123.0,0,1,0
35,25,2024.0,366,4,3,2.0,0,0.0,38481.0,2,170.0,0,0,0
14,113,2012.0,178,13,3,2.0,0,176800.0,11000.0,1,154.0,0,1,0
29,1,2024.0,303,13,3,1.6,0,0.0,44515.0,2,165.0,1,0,0
6,11,2024.0,110,4,3,1.6,1,10000.0,25279.0,0,165.0,0,0,0
36,96,2025.0,398,4,3,1.4,1,0.0,28000.0,2,150.0,0,0,0
35,46,2020.0,375,4,0,2.8,1,83000.0,50000.0,0,177.0,1,0,0
5,110,2014.0,92,18,3,1.8,0,135000.0,12000.0,0,140.0,0,1,0
18,82,2017.0,208,13,3,2.4,0,95500.0,19500.0,1,170.0,0,0,0
5,110,2015.0,92,4,3,1.8,1,142000.0,10000.0,1,140.0,1,0,0
36,96,2025.0,398,21,3,1.4,1,0.0,35760.0,2,150.0,0,0,0
35,46,2016.0,375,21,0,2.8,1,165000.0,33000.0,1,177.0,1,1,0
6,10,2025.0,103,13,3,1.0,1,0.0,23769.0,2,120.0,0,0,0
1,77,2025.0,16,21,3,3.0,0,0.0,153900.0,2,333.0,1,0,0
31,32,2017.0,327,4,3,1.6,1,96000.0,15200.0,0,110.0,0,1,0
5,110,2017.0,92,18,3,1.8,1,78000.0,15920.0,0,140.0,1,0,0
14,113,2011.0,178,13,3,2.0,0,141500.0,13700.0,0,154.0,1,0,0
5,110,2016.0,92,22,3,1.8,1,109000.0,14500.0,1,140.0,1,0,0
18,15,2001.0,192,22,3,4.0,0,280000.0,10000.0,1,205.0,0,0,0
31,32,2017.0,327,13,3,1.6,1,90000.0,14800.0,0,110.0,0,1,0
5,110,2025.0,95,18,3,1.2,0,0.0,22800.0,2,132.0,1,0,0
18,82,2024.0,212,13,3,1.3,0,5000.0,18000.0,0,175.0,1,0,0
5,110,2018.0,92,21,3,1.8,1,83350.0,16000.0,0,140.0,1,1,0
28,129,2006.0,285,13,0,2.8,0,281000.0,14000.0,1,123.0,1,1,0
36,96,2025.0,398,21,3,1.4,1,0.0,37600.0,0,150.0,0,0,0
10,71,2025.0,125,18,3,1.3,0,0.0,20720.0,0,110.0,0,0,0
31,32,2017.0,327,22,3,1.6,1,139000.0,13600.0,2,110.0,0,1,0
11,34,2018.0,134,2,3,1.5,0,79900.0,16900.0,1,123.0,0,1,0
35,46,2024.0,375,13,0,2.8,0,1000.0,56950.0,2,177.0,1,0,0
5,110,2025.0,92,22,3,1.2,1,0.0,24640.0,2,132.0,1,0,0
5,110,2021.0,95,13,3,1.2,1,80000.0,23500.0,1,132.0,1,0,0
35,46,2018.0,376,4,0,2.8,1,140000.0,48000.0,2,177.0,1,0,0
5,110,2016.0,92,22,3,1.8,1,96500.0,15800.0,1,140.0,1,0,0
36,107,2013.0,409,13,3,2.0,0,187000.0,16900.0,1,200.0,1,0,0
31,32,2025.0,329,13,3,1.3,1,0.0,27454.0,2,155.0,1,1,0
5,110,2025.0,91,4,3,1.2,0,0.0,23932.0,2,132.0,1,0,0
28,59,2011.0,281,21,3,3.5,1,210000.0,15000.0,1,260.0,1,0,0
3,120,2019.0,47,2,3,2.0,1,52000.0,109000.0,0,184.0,1,1,0
36,63,2022.0,397,13,3,1.0,1,35000.0,28000.0,1,101.0,0,0,0
5,110,2025.0,92,13,3,1.2,1,0.0,26400.0,0,132.0,1,0,0
13,27,2011.0,154,4,3,2.4,0,162000.0,16000.0,1,185.0,0,0,0
13,47,2017.0,157,4,3,1.8,1,75000.0,21900.0,1,154.0,0,0,0
13,27,2007.0,154,13,3,2.4,0,192000.0,13500.0,0,185.0,0,0,0
11,34,2020.0,136,13,3,1.5,1,74000.0,19600.0,0,123.0,0,1,0
35,95,2025.0,389,18,0,2.8,0,0.0,72000.0,0,204.0,1,0,0
31,32,2013.0,322,4,3,1.6,0,145000.0,10200.0,1,110.0,0,1,0
29,0,2017.0,292,4,3,1.6,0,95000.0,12320.0,1,120.0,0,1,0
36,107,2014.0,409,5,3,2.0,0,143000.0,17520.0,0,200.0,1,1,0
29,0,2025.0,292,13,3,1.0,1,0.0,25520.0,0,120.0,0,1,0
35,25,2022.0,371,18,3,2.0,0,47252.0,28400.0,0,170.0,0,0,0
11,100,2025.0,144,13,3,1.8,1,0.0,38800.0,0,85.0,1,0,0
5,110,2021.0,92,4,3,1.2,1,53030.0,21360.0,2,132.0,1,0,0
36,108,2024.0,414,2,3,2.0,1,0.0,46800.0,2,150.0,0,0,0
31,33,2017.0,332,4,3,1.6,0,84000.0,7482.0,0,110.0,0,1,0
35,55,2013.0,380,13,0,4.5,0,140000.0,95000.0,0,265.0,0,0,0
31,32,2014.0,330,21,3,1.6,0,156000.0,11920.0,0,110.0,0,1,0
31,13,2018.0,318,3,3,2.0,1,121000.0,12240.0,2,110.0,0,1,0
6,10,2024.0,103,18,3,1.6,1,0.0,17600.0,2,120.0,0,1,0
5,110,2018.0,92,21,3,1.8,1,82000.0,18000.0,0,140.0,1,1,0
3,117,2017.0,34,18,3,2.0,1,82500.0,32000.0,2,192.0,1,1,0
5,110,2021.0,95,2,3,1.2,1,100000.0,17500.0,0,132.0,1,1,0
36,96,2025.0,398,13,3,1.4,1,0.0,34880.0,2,150.0,0,0,0
4,101,2014.0,65,21,3,2.0,0,110000.0,6400.0,0,138.0,0,1,0
36,107,2014.0,406,13,0,2.0,0,147000.0,20000.0,0,140.0,1,0,0
6,11,2019.0,110,22,3,1.6,1,51000.0,15600.0,1,165.0,0,0,0
11,34,2020.0,136,2,3,2.0,1,56000.0,21700.0,0,170.0,0,1,0
11,34,2013.0,134,18,3,1.6,0,127000.0,10720.0,0,110.0,0,1,0
29,0,2025.0,292,13,3,1.0,1,1000.0,26984.0,1,120.0,0,1,0
13,47,2024.0,158,4,3,1.8,1,0.0,33900.0,0,121.0,0,0,0
6,10,2024.0,103,13,3,1.0,1,0.0,10872.0,2,120.0,0,0,0
28,51,2021.0,276,13,3,1.6,1,85000.0,23200.0,0,120.0,1,0,0
35,95,2025.0,393,13,0,2.8,1,0.0,59200.0,0,204.0,1,0,0
25,20,2013.0,263,4,3,3.5,0,169000.0,22000.0,1,247.0,1,0,0
3,117,2010.0,34,13,0,2.0,0,220000.0,11200.0,1,177.0,1,1,0
18,23,2025.0,200,13,3,1.3,1,0.0,34800.0,0,272.0,0,0,0
18,23,2020.0,199,4,3,2.4,1,70796.0,25600.0,0,170.0,0,1,0
11,34,2021.0,136,13,3,1.5,0,80000.0,20000.0,0,123.0,0,1,0
11,34,2015.0,134,21,3,1.6,0,91000.0,12000.0,0,110.0,0,1,0
36,63,2020.0,397,8,3,1.0,0,129000.0,20720.0,0,101.0,0,0,0
28,51,2021.0,277,13,3,1.6,0,70300.0,21200.0,0,120.0,0,1,0
14,86,2008.0,171,18,0,2.2,0,190000.0,13000.0,1,110.0,1,0,0
31,13,2017.0,320,21,3,2.0,0,73000.0,16500.0,1,110.0,0,1,0
32,5,2012.0,344,18,3,2.3,0,220000.0,5500.0,1,150.0,0,1,0
29,0,2016.0,293,22,3,1.6,0,150000.0,11920.0,1,120.0,0,1,0
13,27,1999.0,155,26,3,2.0,0,200000.0,7300.0,0,148.0,1,0,0
11,34,2017.0,134,18,3,1.5,0,98000.0,15900.0,0,123.0,0,1,0
11,34,2013.0,134,4,3,1.6,0,111900.0,13000.0,0,110.0,0,1,0
14,113,2008.0,179,21,3,2.0,0,254000.0,7800.0,1,154.0,0,1,0
28,51,2019.0,276,22,3,1.6,1,102000.0,18320.0,0,120.0,1,0,0
29,0,2018.0,293,21,3,1.6,0,85000.0,7283.0,0,120.0,0,1,0
35,95,2020.0,393,13,0,2.8,0,72000.0,43200.0,0,204.0,1,0,0
6,10,2025.0,103,4,3,1.6,1,0.0,21783.0,2,120.0,0,1,0
31,13,2021.0,318,13,3,1.6,1,40000.0,21500.0,0,110.0,1,0,0
35,25,2024.0,370,13,3,2.0,1,0.0,31840.0,0,170.0,0,0,0
2,124,2024.0,24,13,3,1.5,1,0.0,38900.0,2,185.0,0,0,0
18,82,2025.0,210,18,3,1.8,1,0.0,24000.0,2,170.0,0,0,0
1,78,2021.0,17,13,3,3.0,0,61000.0,126000.0,0,340.0,1,0,0
35,25,2024.0,369,4,2,1.8,1,0.0,33200.0,1,170.0,0,0,0
21,90,2012.0,230,18,3,1.6,0,98200.0,10400.0,0,132.0,0,0,0
36,63,2021.0,397,4,3,1.0,1,90000.0,24500.0,0,101.0,0,0,0
6,12,2025.0,111,13,3,1.6,1,0.0,42400.0,0,110.0,0,0,0
10,71,2024.0,125,22,3,1.3,1,1000.0,29600.0,0,110.0,0,0,0
11,34,2011.0,132,5,3,1.6,0,160000.0,8792.0,0,110.0,0,1,0
35,95,2021.0,393,21,0,2.8,1,89000.0,46000.0,0,204.0,1,0,0
36,97,2024.0,400,13,3,1.0,1,0.0,26800.0,0,110.0,0,0,0
35,25,2023.0,369,13,2,1.8,1,43300.0,36000.0,1,170.0,0,0,0
18,82,2025.0,209,13,3,1.3,1,0.0,25600.0,2,170.0,0,0,0
35,81,2013.0,382,4,3,2.4,1,206000.0,13592.0,1,257.0,0,0,0
36,96,2024.0,398,13,3,1.4,1,0.0,34800.0,1,150.0,0,0,0
6,11,2018.0,110,4,3,1.2,0,74000.0,13600.0,1,165.0,0,0,0
11,34,2018.0,136,2,3,1.5,1,72000.0,19000.0,0,123.0,0,1,0
11,100,2022.0,144,15,3,1.5,1,12000.0,29600.0,1,143.0,0,0,0
18,23,2017.0,200,13,3,2.4,0,55000.0,26800.0,1,170.0,0,0,0
31,32,2012.0,324,18,3,1.6,0,118000.0,9520.0,1,110.0,0,1,0
18,23,2020.0,199,18,3,2.4,1,69000.0,26700.0,0,170.0,0,0,0
13,47,2021.0,158,13,2,1.8,0,53507.0,22256.0,2,175.0,0,0,0
5,110,2024.0,95,4,3,1.2,1,0.0,21500.0,1,132.0,1,1,0
5,6,2000.0,78,26,0,2.8,0,230000.0,7440.0,1,160.0,0,1,0
36,97,2024.0,400,13,3,1.6,1,1111.0,25080.0,1,110.0,0,0,0
5,111,2024.0,96,13,0,2.8,1,6500.0,43920.0,2,200.0,1,0,0
35,46,2023.0,376,13,0,2.8,1,23000.0,61500.0,0,177.0,1,0,0
25,17,2016.0,255,4,3,1.6,0,109000.0,23500.0,1,156.0,1,0,0
31,32,2018.0,327,15,3,1.6,1,87028.0,19500.0,1,110.0,0,1,0
14,113,2008.0,178,18,0,2.0,0,150000.0,11500.0,0,154.0,1,1,0
1,93,2018.0,18,2,3,3.0,0,82000.0,65000.0,0,354.0,1,0,0
18,82,2024.0,208,13,3,1.3,1,0.0,29167.0,2,175.0,0,0,0
29,0,2018.0,296,4,3,1.6,1,96000.0,15600.0,1,150.0,1,1,0
11,34,2018.0,136,4,3,2.0,1,60000.0,19500.0,1,170.0,0,1,0
36,97,2020.0,400,2,3,1.6,0,80000.0,23990.0,1,110.0,0,0,0
31,32,2012.0,322,13,3,1.6,0,166000.0,11000.0,0,110.0,0,1,0
11,34,2017.0,133,5,3,1.6,0,121600.0,11920.0,2,110.0,0,1,0
28,51,2019.0,276,18,3,1.6,1,112695.0,21328.0,2,120.0,1,0,0
11,34,2019.0,130,4,3,1.5,1,72000.0,19000.0,1,123.0,0,1,0
13,47,2017.0,157,4,3,1.8,1,88000.0,21500.0,0,154.0,0,0,0
3,125,2017.0,60,13,3,3.0,0,74700.0,76000.0,0,306.0,1,0,0
31,32,2019.0,327,13,3,2.0,1,105000.0,15600.0,2,143.0,0,1,0
6,10,2025.0,103,13,3,1.0,1,0.0,24000.0,0,120.0,0,0,0
36,107,2021.0,409,13,3,1.4,0,104000.0,31919.0,0,150.0,1,0,0
3,122,2016.0,53,18,3,3.0,1,135000.0,48000.0,0,306.0,1,0,0
6,11,2018.0,110,4,3,1.2,0,75000.0,13600.0,0,165.0,0,0,0
14,113,2017.0,180,13,3,2.0,1,60000.0,25200.0,1,154.0,0,0,0
1,75,2013.0,13,13,3,2.0,0,189000.0,20792.0,1,225.0,1,1,0
5,110,2015.0,92,13,3,1.8,1,66000.0,13600.0,1,140.0,0,1,0
4,103,2016.0,70,4,3,1.6,1,124000.0,11920.0,0,110.0,0,1,0
2,124,2025.0,26,22,3,1.5,1,0.0,44900.0,0,185.0,0,0,0
31,32,2019.0,327,4,3,1.6,1,49000.0,15800.0,1,110.0,0,1,0
29,0,2023.0,296,4,3,1.6,1,19000.0,23192.0,0,150.0,1,1,0
18,23,2019.0,198,21,3,2.4,1,91700.0,28700.0,1,170.0,1,0,0
5,110,2025.0,92,13,3,1.2,1,0.0,29824.0,0,132.0,1,0,0
3,120,2008.0,44,13,3,3.0,0,188000.0,11500.0,0,306.0,1,1,0
18,116,2019.0,218,18,3,3.6,0,52000.0,62000.0,0,284.0,1,0,1
11,100,2022.0,144,15,3,2.0,0,63000.0,36000.0,1,143.0,1,0,0
25,17,2018.0,255,5,3,1.6,0,75000.0,30900.0,1,156.0,1,0,0
35,25,2022.0,369,22,2,1.8,1,49500.0,31600.0,1,170.0,0,0,0
18,116,2019.0,216,2,3,3.6,1,36250.0,74000.0,1,284.0,1,0,1
35,46,2018.0,375,4,0,2.8,1,87028.0,34800.0,1,177.0,1,0,0
5,110,2024.0,95,2,3,1.2,1,1000.0,21997.0,2,132.0,1,0,0
18,23,2019.0,199,18,3,2.4,1,41500.0,24000.0,1,170.0,0,1,0
11,54,2010.0,143,26,3,2.5,0,170000.0,8792.0,1,180.0,1,1,0
35,25,2025.0,369,4,2,1.8,1,0.0,35142.0,2,170.0,0,0,0
36,108,2018.0,414,13,3,2.0,0,87028.0,26900.0,0,150.0,1,0,0
35,55,2008.0,379,13,0,3.0,0,270000.0,21900.0,0,235.0,0,0,0
18,116,2019.0,218,13,3,3.6,0,79000.0,48000.0,0,284.0,1,0,0
5,6,2000.0,78,4,0,2.8,0,195000.0,7000.0,1,160.0,1,1,0
18,22,2024.0,195,13,3,1.3,1,0.0,46480.0,2,272.0,0,0,0
11,34,2010.0,132,13,3,1.6,0,160000.0,8560.0,0,110.0,0,1,0
35,25,2023.0,369,4,2,1.8,1,37000.0,32000.0,0,170.0,0,0,0
3,117,2019.0,34,13,3,2.0,1,85000.0,35100.0,0,192.0,1,1,0
11,100,2025.0,144,13,3,1.8,1,0.0,39120.0,0,85.0,1,0,0
14,26,2025.0,164,3,3,1.6,1,0.0,35000.0,2,115.0,0,0,0
29,0,2021.0,296,21,3,1.6,0,33000.0,22000.0,2,150.0,1,1,0
5,110,2025.0,95,2,3,1.2,0,0.0,21601.0,2,132.0,1,0,0
34,44,2007.0,348,13,3,2.0,0,189000.0,10000.0,1,200.0,1,1,0
4,101,2014.0,66,18,3,2.0,0,112000.0,11040.0,0,138.0,1,1,0
11,34,2020.0,136,13,3,1.5,1,79000.0,19200.0,1,123.0,0,1,0
28,51,2020.0,278,4,3,1.6,1,70796.0,24990.0,0,120.0,0,0,0
3,120,2019.0,43,13,3,2.0,1,57000.0,58900.0,2,252.0,1,1,0
5,111,2025.0,96,13,0,2.8,0,0.0,46400.0,2,200.0,1,0,0
21,92,2016.0,231,13,3,2.0,0,108000.0,20400.0,0,154.0,1,1,0
5,6,2005.0,78,13,0,2.8,0,216000.0,10704.0,0,160.0,1,1,0
3,117,2013.0,34,4,3,2.0,0,96500.0,22500.0,1,184.0,1,1,0
18,23,2023.0,200,13,3,1.3,1,29000.0,30400.0,0,170.0,0,0,0
28,51,2025.0,277,13,3,1.6,1,0.0,21731.0,2,120.0,0,1,0
31,13,2020.0,319,22,3,1.6,0,75500.0,18160.0,0,110.0,1,1,0
36,63,2024.0,397,2,3,1.0,1,0.0,26000.0,2,116.0,0,0,0
29,0,2017.0,299,4,3,1.6,1,65000.0,14792.0,0,120.0,0,1,0
3,123,2016.0,54,18,3,3.0,0,85000.0,40000.0,1,306.0,1,1,0
31,32,2025.0,329,13,3,1.3,1,0.0,28560.0,2,155.0,1,1,0
11,100,2022.0,146,4,3,1.5,0,51500.0,29760.0,2,143.0,0,0,0
36,109,2009.0,417,18,3,4.2,1,156000.0,20000.0,1,240.0,0,0,0
11,34,2014.0,134,4,3,1.6,0,135000.0,11680.0,0,110.0,0,1,0
18,23,2024.0,200,13,3,1.3,1,0.0,36400.0,2,170.0,0,0,0
18,23,2012.0,200,18,3,2.4,1,155000.0,18900.0,1,170.0,0,0,0
35,25,2021.0,369,13,3,2.0,1,50000.0,30500.0,1,170.0,0,0,0
5,111,2018.0,98,15,0,2.8,1,74500.0,29200.0,1,200.0,1,0,0
36,96,2025.0,398,4,3,1.4,1,0.0,37160.0,0,150.0,0,0,0
3,125,2010.0,62,4,3,4.4,0,140000.0,53600.0,1,555.0,1,0,0
29,0,2021.0,296,4,3,1.6,0,111111.0,18240.0,0,150.0,1,1,0
31,32,2024.0,329,13,3,1.3,1,0.0,22000.0,1,155.0,1,0,0
29,0,2021.0,296,4,3,1.6,0,66000.0,19520.0,0,150.0,1,1,0
36,97,2025.0,400,13,3,1.0,1,0.0,20000.0,0,110.0,0,0,0
11,100,2021.0,145,4,3,1.5,1,62000.0,30640.0,0,143.0,1,0,0
31,32,2014.0,322,18,3,1.6,0,135000.0,10320.0,0,110.0,0,1,0
35,46,2019.0,375,4,3,2.8,1,79000.0,41000.0,0,177.0,1,0,0
36,97,2025.0,400,13,3,1.0,1,0.0,27199.0,0,110.0,0,0,0
11,100,2022.0,145,18,3,1.5,0,65000.0,26999.0,1,143.0,0,0,0
14,113,2008.0,178,13,0,2.0,0,270000.0,8500.0,1,154.0,0,0,0
3,117,2017.0,32,13,3,2.0,1,56000.0,42000.0,2,231.0,1,1,0
3,123,2019.0,55,4,3,3.0,0,80000.0,96900.0,0,340.0,1,1,0
11,34,2015.0,133,17,3,1.6,0,150000.0,12800.0,0,110.0,0,1,0
18,22,2025.0,195,21,3,1.3,1,0.0,39600.0,0,272.0,0,0,0
25,19,2016.0,262,13,3,3.0,0,58000.0,93000.0,0,333.0,1,0,1
36,97,2020.0,403,2,3,1.6,1,94000.0,19520.0,0,110.0,0,1,0
3,120,2023.0,43,13,3,3.0,1,10000.0,87900.0,0,306.0,1,1,0
10,71,2024.0,124,13,3,1.0,0,0.0,22400.0,0,110.0,0,0,0
18,116,2016.0,216,18,3,3.6,0,65000.0,62000.0,1,284.0,1,0,1
11,34,2011.0,132,21,3,1.6,0,120000.0,10320.0,0,110.0,0,1,0
36,108,2025.0,414,13,3,2.0,1,0.0,43992.0,2,150.0,1,0,0
8,50,2010.0,113,18,3,2.7,1,115000.0,12000.0,1,170.0,1,0,0
13,27,2003.0,152,13,3,2.4,0,324000.0,9300.0,0,185.0,1,1,0
36,96,2025.0,398,4,3,1.4,1,0.0,29840.0,2,150.0,0,0,0
21,90,2017.0,228,4,3,1.6,0,67000.0,19000.0,0,132.0,0,0,0
35,25,2023.0,369,4,2,1.8,1,20000.0,34000.0,1,170.0,0,0,0
11,34,2016.0,134,17,3,1.6,0,121140.0,13200.0,0,110.0,0,1,0
18,23,2019.0,197,13,3,2.4,1,85000.0,25440.0,0,170.0,1,1,0
10,71,2025.0,125,22,3,1.3,0,0.0,20720.0,2,110.0,0,0,0
1,73,2025.0,8,13,3,1.4,1,0.0,57900.0,2,150.0,1,0,0
4,101,2016.0,65,4,3,1.6,0,64000.0,11040.0,1,125.0,0,1,0
29,0,2025.0,292,21,3,1.0,1,0.0,28400.0,2,120.0,0,1,0
4,101,2014.0,65,2,3,2.0,0,126000.0,9600.0,1,138.0,0,1,0
31,32,2015.0,327,13,3,1.6,1,110000.0,12400.0,0,110.0,0,1,0
31,32,2018.0,327,13,3,1.6,1,83000.0,14500.0,0,110.0,0,1,0
36,96,2024.0,398,13,3,1.4,1,0.0,37520.0,0,150.0,0,0,0
3,120,2023.0,43,13,3,2.0,0,18000.0,85000.0,0,252.0,1,1,0
10,71,2024.0,125,21,3,1.3,1,0.0,23600.0,0,110.0,0,0,0
31,13,2017.0,318,4,2,2.0,0,101776.0,13448.0,2,110.0,0,1,0
31,32,2024.0,325,13,3,1.6,1,0.0,20560.0,0,115.0,1,1,0
25,17,2017.0,255,4,3,1.6,0,78000.0,27000.0,0,156.0,1,0,0
35,81,2008.0,382,13,3,2.4,0,188000.0,12000.0,1,257.0,1,0,0
1,72,2018.0,5,13,3,1.4,0,65622.0,32500.0,1,150.0,1,0,0
5,110,2016.0,92,2,3,1.8,1,120000.0,14400.0,0,140.0,1,0,0
11,34,2015.0,136,18,3,1.6,0,142000.0,13000.0,1,110.0,0,1,0
11,34,2013.0,134,13,3,2.0,0,131000.0,11840.0,0,143.0,0,1,0
13,47,2020.0,157,4,3,1.8,1,95000.0,25900.0,1,154.0,0,0,0
11,34,2018.0,136,17,3,1.5,1,58000.0,16800.0,1,123.0,0,1,0
11,34,2017.0,133,5,3,1.6,0,56000.0,15040.0,0,110.0,0,1,0
35,25,2021.0,369,13,2,1.8,1,85000.0,25520.0,0,170.0,0,0,0
28,51,2025.0,275,22,3,1.6,0,0.0,25240.0,0,120.0,0,0,0
36,97,2019.0,400,13,3,1.6,0,102000.0,23800.0,0,110.0,0,0,0
5,110,2025.0,95,13,3,1.2,0,15.0,23920.0,0,132.0,1,0,0
34,44,2008.0,351,18,3,2.0,1,157000.0,12500.0,1,110.0,1,1,0
4,103,2018.0,70,4,3,1.6,1,132000.0,14000.0,0,110.0,0,1,0
29,0,2025.0,297,18,3,1.0,1,0.0,21169.0,2,120.0,0,0,0
36,96,2025.0,398,18,3,1.4,1,0.0,30320.0,2,150.0,0,0,0
29,0,2025.0,297,13,3,1.0,1,0.0,28160.0,2,120.0,0,0,0
28,51,2018.0,276,22,3,1.6,1,93004.0,19698.0,2,120.0,1,0,0
29,0,2019.0,293,21,3,1.6,0,56000.0,16000.0,0,120.0,0,1,0
6,12,2024.0,111,4,3,1.6,0,0.0,35200.0,0,110.0,0,0,0
18,116,2008.0,217,18,3,3.8,0,123000.0,32500.0,2,199.0,1,1,1
30,56,2017.0,313,4,0,3.0,1,98000.0,105000.0,0,340.0,0,1,0
11,34,2015.0,136,22,3,1.6,0,100000.0,13600.0,0,110.0,0,1,0
36,97,2021.0,403,15,3,1.6,0,38000.0,19200.0,0,110.0,0,1,0
3,117,2025.0,34,26,3,1.5,0,0.0,62900.0,0,156.0,1,1,0
6,11,2023.0,106,18,3,1.6,1,24000.0,20000.0,1,165.0,0,1,0
29,0,2024.0,292,13,3,1.0,1,0.0,24000.0,0,120.0,0,1,0
31,33,2020.0,333,4,3,2.0,0,74000.0,17600.0,2,110.0,0,1,0
3,118,2019.0,37,4,3,2.0,1,45900.0,49000.0,1,205.0,1,0,0
11,34,2016.0,134,13,0,1.5,0,130000.0,12800.0,1,90.0,0,1,0
18,23,2025.0,200,18,3,1.3,1,0.0,33921.0,2,272.0,0,0,0
13,47,2019.0,157,2,3,1.8,1,108000.0,20800.0,1,154.0,0,0,0
1,75,2013.0,13,21,3,2.0,0,97000.0,23500.0,1,225.0,1,0,0
11,34,2018.0,134,4,3,1.5,0,65000.0,17520.0,0,123.0,0,1,0
3,118,2023.0,37,18,3,2.0,0,20000.0,67000.0,0,205.0,1,0,0
6,11,2022.0,106,13,3,1.6,0,27000.0,18880.0,0,165.0,0,1,0
18,23,2025.0,200,13,3,1.3,1,0.0,34320.0,2,272.0,0,0,0
11,100,2023.0,144,4,3,1.8,0,32000.0,32500.0,1,85.0,1,0,0
28,51,2022.0,276,22,3,1.6,1,60000.0,29500.0,0,120.0,1,0,0
18,15,2010.0,193,18,3,3.7,1,168000.0,16500.0,1,205.0,0,0,0
31,32,2012.0,328,2,3,2.0,0,159000.0,11300.0,0,138.0,0,1,0
1,75,2011.0,13,18,3,2.0,0,135000.0,20000.0,1,211.0,1,1,0
13,47,2017.0,157,13,3,1.8,1,150000.0,18500.0,1,154.0,0,0,0
18,82,2020.0,208,2,3,2.4,1,60000.0,24800.0,0,170.0,0,0,0
29,0,2025.0,297,18,3,1.0,1,0.0,29440.0,0,120.0,0,0,0
13,27,2008.0,152,8,3,2.0,0,190000.0,10000.0,0,148.0,1,0,0
18,22,2024.0,195,18,0,2.0,0,500.0,54900.0,0,272.0,1,0,0
36,63,2025.0,397,13,3,1.0,1,0.0,27600.0,2,101.0,0,0,0
36,97,2025.0,400,22,3,1.0,0,0.0,25200.0,2,110.0,0,0,0
28,51,2021.0,275,13,3,1.6,1,41800.0,21520.0,0,120.0,0,1,0
35,25,2024.0,369,13,2,1.8,1,0.0,37800.0,1,170.0,0,0,0
5,110,2024.0,91,18,3,1.2,1,0.0,26800.0,0,132.0,1,0,0
36,63,2025.0,397,13,3,1.0,1,0.0,27760.0,2,101.0,0,0,0
11,34,2019.0,130,22,3,1.5,0,130000.0,16800.0,0,123.0,0,1,0
29,0,2019.0,296,4,3,1.6,1,144000.0,15120.0,2,150.0,1,1,0
36,96,2023.0,398,4,3,1.4,1,500.0,40000.0,1,150.0,0,0,0
14,113,2020.0,176,21,3,2.0,0,30000.0,29600.0,0,154.0,0,0,0
31,32,2018.0,327,21,3,2.0,1,75000.0,16400.0,0,143.0,0,1,0
14,53,2019.0,169,13,3,1.6,1,79000.0,30400.0,2,110.0,1,0,0
5,110,2025.0,95,13,3,1.2,0,0.0,21320.0,2,132.0,1,0,0
36,108,2019.0,414,4,3,1.4,0,127500.0,23600.0,2,150.0,0,0,0
29,0,2017.0,293,4,3,1.6,0,96300.0,12640.0,0,120.0,0,1,0
14,113,2009.0,178,8,0,2.0,0,182427.0,9000.0,1,154.0,1,0,0
4,101,2011.0,65,4,3,2.0,0,180000.0,8400.0,0,127.0,0,1,0
35,46,2006.0,374,18,0,3.0,1,225000.0,17900.0,1,171.0,1,0,0
10,71,2025.0,125,4,3,1.3,0,0.0,27200.0,2,110.0,0,0,0
1,75,2013.0,13,18,3,2.0,0,140000.0,28900.0,0,225.0,1,1,0
29,0,2021.0,296,13,3,1.6,0,15000.0,18800.0,0,150.0,1,1,0
31,32,2016.0,327,21,3,1.6,1,160000.0,13920.0,2,110.0,0,1,0
31,32,2015.0,327,4,3,1.6,1,127800.0,12560.0,0,110.0,0,1,0
3,117,2013.0,34,18,3,2.0,0,165000.0,17990.0,1,184.0,1,1,0
5,110,2024.0,95,2,3,1.2,1,0.0,20736.0,2,132.0,1,1,0
35,25,2023.0,369,4,2,1.8,1,16000.0,36500.0,1,170.0,0,0,0
36,96,2023.0,398,13,3,1.4,1,34000.0,27200.0,0,150.0,0,0,0
2,124,2025.0,26,4,3,1.5,1,0.0,45700.0,0,185.0,0,0,0
31,32,2013.0,322,13,3,1.6,1,204000.0,10400.0,1,110.0,0,1,0
18,42,2013.0,204,2,3,3.6,1,127000.0,26500.0,0,286.0,1,0,0
11,100,2022.0,145,18,3,1.5,0,38000.0,29800.0,0,143.0,0,0,0
2,124,2024.0,23,22,3,1.5,1,7300.0,34500.0,0,185.0,0,0,0
11,54,2012.0,143,18,3,2.5,0,120000.0,11920.0,0,180.0,1,1,0
18,82,2017.0,210,26,3,1.8,1,97000.0,17520.0,0,170.0,0,0,0
36,96,2022.0,398,2,3,1.4,1,35000.0,31600.0,1,150.0,0,0,0
36,108,2020.0,414,4,3,1.4,0,122000.0,23200.0,1,150.0,0,0,0
35,25,2025.0,369,13,2,1.8,0,0.0,37520.0,0,170.0,0,0,0
5,110,2016.0,92,4,3,1.8,1,92000.0,15500.0,0,140.0,1,0,0
11,34,2010.0,132,18,3,2.0,0,160000.0,10392.0,1,143.0,0,0,0
6,11,2022.0,106,13,3,1.6,0,73000.0,16400.0,0,165.0,0,1,0
18,82,2019.0,210,18,3,1.8,0,99000.0,17992.0,0,170.0,0,0,0
14,113,2025.0,181,21,3,2.0,0,0.0,48000.0,2,154.0,0,0,0
11,34,2018.0,134,18,3,1.5,0,54000.0,16400.0,0,123.0,0,1,0
18,42,2012.0,204,18,3,3.6,1,142000.0,27900.0,0,286.0,1,0,0
25,18,2016.0,258,13,3,2.0,1,135000.0,38000.0,0,367.0,1,0,0
13,47,2019.0,157,2,3,1.8,1,48500.0,28000.0,1,154.0,0,0,0
8,50,2017.0,115,18,3,2.4,1,63700.0,21200.0,0,170.0,1,1,0
5,110,2016.0,92,4,3,1.8,1,81400.0,18500.0,0,140.0,1,0,0
21,92,2011.0,231,18,3,2.0,0,126000.0,13000.0,1,163.0,0,0,0
14,113,2016.0,178,13,3,2.0,1,110000.0,19600.0,0,154.0,0,0,0
4,104,2024.0,72,21,3,1.5,0,0.0,24720.0,0,110.0,0,0,0
36,63,2025.0,397,13,3,1.0,1,0.0,29600.0,0,101.0,0,0,0
31,32,2018.0,327,13,3,1.6,1,80000.0,16000.0,0,110.0,0,1,0
36,97,2025.0,400,13,3,1.0,1,0.0,28480.0,2,110.0,0,0,0
36,96,2025.0,398,21,3,1.0,1,0.0,32000.0,2,150.0,0,0,0
29,0,2018.0,299,15,3,1.6,1,49500.0,16640.0,0,120.0,0,1,0
35,46,2014.0,374,13,0,3.0,1,135000.0,27800.0,1,171.0,1,1,0
31,32,2014.0,330,18,3,2.0,0,155000.0,13200.0,1,138.0,1,1,0
36,63,2025.0,397,18,3,1.0,1,0.0,22392.0,2,101.0,0,1,0
36,63,2025.0,397,22,3,1.0,1,0.0,27599.0,2,101.0,0,0,0
18,23,2025.0,200,4,3,1.3,1,0.0,37076.0,2,272.0,0,0,0
2,121,2025.0,21,22,3,1.5,1,0.0,26200.0,0,148.0,1,0,0
34,44,2010.0,351,18,3,2.4,0,145000.0,14000.0,0,110.0,1,1,0
35,95,2007.0,391,21,0,3.0,1,200000.0,20000.0,1,171.0,1,1,0
14,113,2013.0,178,21,3,2.0,1,157000.0,16500.0,1,154.0,1,0,0
36,108,2025.0,414,2,3,2.0,1,0.0,46400.0,2,150.0,1,0,0
35,46,2023.0,375,13,0,2.8,1,14000.0,52800.0,0,177.0,1,0,0
36,107,2013.0,409,13,3,2.0,0,120000.0,19900.0,0,200.0,1,0,0
6,11,2017.0,110,4,3,1.2,0,74300.0,14310.0,0,165.0,0,0,0
5,110,2025.0,92,13,3,1.2,1,0.0,23960.0,2,132.0,1,0,0
13,47,2016.0,158,13,3,1.8,1,141000.0,15992.0,0,175.0,0,0,0
5,110,2024.0,95,13,3,1.2,1,1000.0,21604.0,2,132.0,1,0,0
11,54,2013.0,142,2,3,2.5,1,110000.0,15500.0,1,110.0,1,0,0
5,110,2018.0,92,18,3,1.8,1,79000.0,19000.0,0,140.0,1,1,0
36,96,2025.0,398,3,3,1.4,1,500.0,39900.0,0,150.0,0,0,0
5,111,2025.0,96,13,0,2.8,0,0.0,44401.0,2,200.0,1,0,0
11,34,2020.0,134,4,3,1.5,0,66000.0,17520.0,0,123.0,0,1,0
18,23,2025.0,200,18,3,1.3,1,0.0,37280.0,0,272.0,0,0,0
21,92,2024.0,231,13,3,1.6,0,0.0,51350.0,2,132.0,0,0,0
35,95,2021.0,393,13,0,2.8,1,70000.0,47000.0,1,204.0,1,0,0
35,46,2011.0,374,13,0,3.0,1,220000.0,22240.0,0,171.0,1,1,0
35,46,2018.0,375,4,0,2.8,1,97000.0,34800.0,1,177.0,1,0,0
5,110,2018.0,92,21,3,1.8,1,120000.0,14900.0,0,140.0,1,1,0
10,71,2024.0,125,22,3,1.3,1,0.0,20640.0,2,110.0,0,1,0
14,113,2018.0,180,4,3,2.0,1,87028.0,26400.0,0,154.0,0,0,0
18,23,2025.0,200,18,3,1.3,1,0.0,36400.0,2,272.0,0,0,0
28,51,2023.0,276,4,3,1.6,0,15000.0,27120.0,0,120.0,1,0,0
6,11,2018.0,110,18,3,1.6,1,68000.0,15120.0,0,165.0,0,0,0
11,34,2018.0,136,4,3,2.0,1,96432.0,17360.0,0,143.0,0,0,0
35,46,2023.0,373,13,0,2.8,0,19999.0,58900.0,1,177.0,1,0,0
3,118,2018.0,37,2,3,2.0,0,67000.0,44000.0,1,205.0,1,0,0
4,101,2015.0,65,4,3,1.6,1,121000.0,11200.0,0,125.0,0,1,0
3,125,2017.0,60,21,3,3.0,0,104000.0,59900.0,0,306.0,1,0,0
11,34,2018.0,136,2,3,1.5,1,61500.0,17200.0,1,123.0,0,1,0
6,10,2025.0,103,21,3,1.0,1,0.0,24400.0,2,120.0,0,0,0
29,0,2017.0,293,13,3,1.6,0,68000.0,15600.0,0,120.0,0,1,0
13,47,2018.0,157,13,3,1.8,1,130000.0,20500.0,0,154.0,0,0,0
31,32,2024.0,329,13,3,1.3,1,0.0,26022.0,2,155.0,1,1,0
18,82,2022.0,208,18,3,1.8,1,90200.0,23960.0,2,170.0,0,0,0
29,0,2016.0,292,21,3,1.6,0,78000.0,11920.0,0,120.0,0,1,0
11,34,2019.0,134,4,3,1.5,0,80000.0,15840.0,0,123.0,0,1,0
18,23,2024.0,200,21,3,1.3,1,650.0,41500.0,0,170.0,0,0,0
11,8,2022.0,129,13,3,2.0,0,70000.0,39200.0,0,110.0,1,0,0
21,90,2011.0,230,3,3,1.6,0,135000.0,11600.0,1,132.0,0,0,0
29,0,2025.0,292,13,3,1.0,1,0.0,19056.0,2,120.0,0,1,0
11,34,2016.0,130,21,3,2.0,0,117000.0,15500.0,1,143.0,1,1,0
18,23,2025.0,200,4,3,1.3,1,0.0,39920.0,0,272.0,0,0,0
14,113,2019.0,176,4,3,2.0,1,96000.0,30900.0,1,154.0,0,0,0
36,107,2012.0,409,4,3,2.0,1,155000.0,18500.0,1,200.0,1,0,0
11,8,2025.0,129,4,3,2.0,0,0.0,50000.0,0,110.0,1,0,0
6,10,2025.0,103,4,3,1.0,1,1000.0,27000.0,1,120.0,0,0,0
29,0,2017.0,299,21,3,1.6,1,72000.0,17000.0,1,120.0,0,1,0
29,0,2019.0,293,13,3,1.6,0,76000.0,14080.0,0,120.0,0,1,0
36,96,2024.0,398,2,3,1.4,1,7500.0,30600.0,1,150.0,0,0,0
18,82,2017.0,210,4,3,1.8,1,80000.0,16720.0,0,170.0,0,0,0
36,97,2025.0,400,4,3,1.0,1,0.0,31040.0,2,110.0,0,0,0
35,95,2024.0,393,13,0,2.8,0,1000.0,53600.0,1,204.0,1,0,0
6,11,2025.0,110,21,3,1.6,1,0.0,24400.0,2,165.0,0,0,0
6,11,2018.0,110,18,3,1.2,0,84000.0,16800.0,0,165.0,0,0,0
11,34,2018.0,134,4,3,1.5,0,135552.0,15440.0,0,123.0,0,0,0
36,108,2019.0,414,4,3,2.0,0,130000.0,29200.0,0,150.0,0,0,0
21,92,2009.0,231,13,3,2.0,0,205000.0,8800.0,1,154.0,1,1,0
4,103,2017.0,70,4,3,1.6,1,99000.0,14500.0,1,110.0,0,1,0
6,11,2022.0,106,18,3,1.6,0,40000.0,20000.0,1,165.0,0,1,0
18,15,1999.0,194,26,0,2.5,0,282000.0,9520.0,0,170.0,1,1,0
36,108,2019.0,414,18,3,2.0,0,85000.0,33600.0,1,150.0,0,0,0
18,23,2025.0,200,4,3,1.3,1,1111.0,39990.0,1,272.0,0,0,0
28,130,2025.0,289,4,3,2.5,1,0.0,50608.0,0,110.0,1,0,0
11,34,2015.0,134,4,3,1.6,0,101200.0,13440.0,0,110.0,0,1,0
6,11,2023.0,106,13,3,1.6,0,50000.0,17900.0,2,165.0,0,1,0
6,11,2018.0,110,18,3,1.2,0,110000.0,12160.0,0,165.0,0,0,0
18,42,2014.0,204,26,3,3.6,1,112000.0,32000.0,0,286.0,1,0,0
18,23,2017.0,200,13,3,2.4,0,88000.0,25000.0,1,170.0,0,0,0
3,117,2012.0,29,4,3,3.0,1,155000.0,19000.0,1,265.0,1,1,0
1,72,2024.0,5,21,3,1.5,0,0.0,55000.0,2,150.0,1,0,0
11,34,2017.0,136,13,3,1.6,1,81202.0,14800.0,0,110.0,0,1,0
5,110,2013.0,92,4,3,1.8,1,106000.0,13500.0,1,140.0,1,0,0
1,73,2016.0,8,2,3,1.4,0,120000.0,23800.0,1,150.0,1,0,0
3,125,2012.0,60,5,3,3.0,0,155000.0,55000.0,1,306.0,1,0,0
4,104,2025.0,73,13,3,1.5,1,0.0,18320.0,0,127.0,1,0,0
18,22,2025.0,195,13,0,2.0,1,0.0,47440.0,2,272.0,1,0,0
18,22,2025.0,195,13,0,2.0,1,0.0,38392.0,2,272.0,1,0,0
13,47,2018.0,157,13,3,1.8,1,87028.0,18320.0,1,154.0,0,0,0
3,125,2013.0,60,4,3,3.0,1,116000.0,40000.0,1,306.0,1,0,0
3,120,2023.0,39,2,3,2.0,1,18000.0,79000.0,0,184.0,1,1,0
14,113,2013.0,178,13,3,2.0,0,167000.0,14880.0,0,154.0,1,0,0
18,82,2021.0,210,13,3,1.8,1,57181.0,20604.0,2,170.0,0,1,0
18,42,1998.0,203,13,3,5.2,0,117000.0,14900.0,1,286.0,1,1,0
11,54,2011.0,142,4,3,2.5,0,144000.0,14400.0,0,123.0,1,0,0
36,108,2023.0,414,13,3,2.0,0,71000.0,45600.0,0,150.0,0,0,0
12,49,2024.0,149,21,3,1.5,0,0.0,32400.0,0,257.0,0,0,0
5,110,2025.0,92,2,3,1.2,1,0.0,15200.0,2,132.0,1,0,0
29,0,2025.0,292,2,3,1.0,1,0.0,26240.0,0,120.0,0,1,0
18,23,2020.0,199,18,3,2.4,1,97000.0,23200.0,0,170.0,0,0,0
35,95,2021.0,393,21,0,2.8,1,85000.0,47000.0,1,204.0,1,0,0
11,34,2017.0,133,21,3,1.5,0,62000.0,14320.0,0,123.0,0,1,0
11,34,2014.0,134,4,3,1.6,0,110000.0,10400.0,0,110.0,0,1,0
21,92,2024.0,231,13,3,1.6,1,0.0,57000.0,0,132.0,1,0,0
18,82,2025.0,208,13,3,1.3,1,0.0,30296.0,2,170.0,0,0,0
36,97,2025.0,400,21,3,1.0,1,0.0,27760.0,2,110.0,0,0,0
5,110,2025.0,94,22,3,1.2,1,0.0,27495.0,0,132.0,1,0,0
3,122,2016.0,53,21,3,3.0,1,90300.0,43500.0,1,306.0,1,0,0
31,13,2018.0,318,4,3,2.0,1,122000.0,15360.0,2,110.0,0,1,0
31,32,2013.0,322,13,3,1.6,0,177000.0,9200.0,1,110.0,0,1,0
18,82,2025.0,210,4,3,1.8,1,0.0,23920.0,0,170.0,0,0,0
3,125,2010.0,60,13,3,3.0,1,118000.0,34000.0,0,306.0,1,0,0
36,97,2025.0,400,22,3,1.0,0,0.0,28000.0,2,110.0,0,1,0
31,32,2025.0,329,13,3,1.3,1,0.0,28800.0,0,155.0,1,1,0
31,32,2012.0,324,18,3,1.6,0,160000.0,9200.0,0,110.0,0,1,0
31,32,2013.0,322,4,4,1.6,0,168000.0,10800.0,0,110.0,0,1,0
28,51,2020.0,276,4,3,1.6,0,80000.0,22400.0,0,120.0,1,0,0
31,32,2016.0,327,4,3,1.6,1,109000.0,11600.0,1,110.0,0,1,0
18,23,2020.0,200,4,3,2.4,1,65000.0,34200.0,1,170.0,0,0,0
31,32,2014.0,330,18,3,1.6,0,146000.0,11520.0,0,110.0,0,1,0
31,52,2012.0,339,18,3,2.5,0,155000.0,12800.0,1,138.0,1,1,0
18,82,2022.0,210,3,3,1.8,1,50000.0,22400.0,0,170.0,0,0,0
5,110,2024.0,95,13,3,1.2,1,0.0,23840.0,0,132.0,1,0,0
35,95,2020.0,393,18,0,2.8,0,110000.0,44200.0,1,204.0,1,0,0
13,27,2017.0,154,18,3,2.4,1,105000.0,26500.0,1,175.0,0,0,0
18,15,1999.0,194,4,3,4.0,0,136000.0,13000.0,0,170.0,1,1,0
35,81,2019.0,387,13,3,2.5,0,72000.0,38640.0,1,110.0,1,0,0
36,109,2012.0,415,18,0,3.0,1,155000.0,33000.0,1,240.0,0,0,0
6,11,2019.0,106,2,3,1.6,1,67000.0,16640.0,0,165.0,0,1,0
36,96,2024.0,398,13,3,1.4,1,0.0,31192.0,2,150.0,0,0,0
29,1,2022.0,302,13,0,2.0,1,56000.0,38960.0,0,300.0,1,0,0
36,107,2008.0,409,18,3,2.0,0,163000.0,10500.0,1,200.0,1,0,0
11,34,2018.0,136,4,3,1.5,1,87028.0,18800.0,0,123.0,0,1,0
35,46,2018.0,376,21,0,2.8,1,130000.0,39000.0,0,177.0,1,0,0
11,8,2022.0,129,13,3,2.0,0,48250.0,35120.0,1,110.0,1,0,0
10,71,2023.0,125,13,3,1.3,1,13352.0,18400.0,0,110.0,0,1,0
28,51,2019.0,276,21,3,1.6,1,103000.0,21900.0,0,120.0,1,0,0
28,51,2018.0,276,13,3,1.6,1,87028.0,18320.0,2,120.0,1,0,0
11,34,2017.0,133,22,3,1.6,0,130000.0,14240.0,0,110.0,0,1,0
29,0,2025.0,297,4,3,1.0,1,0.0,26196.0,2,120.0,0,0,0
6,10,2025.0,103,13,3,1.0,1,0.0,23440.0,0,120.0,0,0,0
3,117,2024.0,32,18,3,2.0,0,0.0,84000.0,1,231.0,1,1,0
37,128,2017.0,420,18,3,2.5,0,134800.0,29500.0,0,304.0,1,0,0
11,34,2018.0,130,4,3,1.5,0,95000.0,14400.0,2,123.0,0,1,0
36,96,2025.0,398,4,3,1.4,1,0.0,31192.0,2,150.0,0,0,0
1,73,2016.0,8,13,3,2.0,0,81000.0,27600.0,2,170.0,1,1,0
4,102,2020.0,68,4,3,1.5,1,43000.0,15840.0,1,127.0,0,1,0
6,11,2023.0,110,22,3,1.6,0,33000.0,20720.0,0,165.0,0,0,0
36,97,2021.0,402,21,3,1.6,1,74000.0,22800.0,0,116.0,0,0,0
18,42,2017.0,204,4,3,3.6,0,158000.0,43500.0,2,286.0,1,0,0
11,34,2010.0,132,18,3,2.0,0,190000.0,8000.0,1,143.0,0,1,0
3,117,2018.0,34,13,3,2.0,1,58700.0,36500.0,0,192.0,1,1,0
28,51,2025.0,275,22,3,1.6,0,0.0,25200.0,2,120.0,0,0,0
28,59,2011.0,281,18,3,3.5,1,177797.0,16400.0,0,260.0,1,0,0
11,34,2011.0,132,18,3,1.6,0,123000.0,12500.0,1,110.0,0,1,0
18,42,2003.0,202,2,0,3.1,1,166500.0,13500.0,1,286.0,1,1,0
10,71,2025.0,124,13,3,1.0,1,0.0,23504.0,2,110.0,0,0,0
11,54,2014.0,141,4,3,1.6,0,135000.0,13600.0,0,180.0,1,0,0
31,32,2019.0,327,15,3,1.6,1,110000.0,16400.0,1,110.0,0,1,0
36,96,2021.0,398,4,3,1.4,1,62000.0,31000.0,1,150.0,0,0,0
28,51,2021.0,275,18,3,1.6,1,66000.0,21600.0,0,120.0,0,1,0
3,117,2016.0,32,4,3,2.0,1,83000.0,32900.0,0,231.0,1,1,0
29,0,2023.0,296,13,3,1.6,0,43000.0,22800.0,0,150.0,1,1,0
18,23,2025.0,200,13,3,1.3,1,0.0,36000.0,2,272.0,0,0,0
1,78,2024.0,17,4,3,3.0,1,0.0,175800.0,2,340.0,1,0,0
11,34,2017.0,136,2,3,1.5,1,69900.0,7600.0,0,123.0,0,1,0
28,51,2020.0,276,4,3,1.6,1,75000.0,22400.0,0,120.0,1,0,0
29,1,2020.0,303,4,3,1.6,1,82000.0,28600.0,0,165.0,1,0,0
31,32,2018.0,327,21,3,1.6,1,50360.0,16400.0,2,110.0,0,1,0
21,92,2025.0,231,13,3,1.6,1,0.0,48000.0,0,132.0,0,0,0
13,47,2019.0,157,13,3,1.8,1,52200.0,25900.0,0,154.0,0,0,0
11,34,2015.0,136,4,3,1.6,0,130000.0,12720.0,0,110.0,0,1,0
18,82,2018.0,210,21,3,1.8,1,72340.0,17520.0,0,170.0,0,0,0
31,32,2015.0,327,15,3,1.6,1,112900.0,14990.0,0,110.0,0,1,0
36,96,2025.0,398,13,3,1.4,1,0.0,35440.0,2,150.0,0,0,0
35,25,2021.0,369,4,3,2.0,1,60500.0,30000.0,1,170.0,0,0,0
14,113,2019.0,176,4,3,2.0,1,95000.0,31000.0,1,154.0,0,0,0
34,44,2008.0,348,2,3,2.0,0,236000.0,10400.0,1,200.0,1,1,0
6,11,2022.0,110,13,3,1.6,1,28900.0,19360.0,1,165.0,0,0,0
34,44,2003.0,348,21,3,2.0,0,228243.0,12000.0,0,200.0,1,1,0
18,23,2023.0,200,18,3,1.3,1,0.0,32960.0,0,170.0,0,0,0
35,81,2009.0,382,18,3,2.4,0,168000.0,16500.0,1,257.0,1,0,0
18,23,2025.0,200,18,3,1.3,1,1223.0,85000.0,0,272.0,0,0,0
36,108,2024.0,414,21,3,2.0,1,0.0,46800.0,2,150.0,0,0,0
11,100,2024.0,144,2,3,1.8,1,0.0,38560.0,2,85.0,1,0,0
29,0,2025.0,292,4,3,1.0,1,0.0,24880.0,2,120.0,0,1,0
18,23,2018.0,199,18,3,2.4,1,48000.0,20800.0,1,170.0,0,1,0
5,110,2015.0,92,18,3,1.8,0,170000.0,11520.0,0,140.0,0,1,0
18,82,2021.0,210,13,3,1.8,1,91000.0,17992.0,2,170.0,0,1,0
18,23,2008.0,199,5,3,2.4,0,138000.0,9600.0,1,170.0,0,1,0
28,51,2025.0,276,13,3,1.6,1,0.0,29850.0,0,120.0,1,0,0
5,110,2025.0,92,13,3,1.2,1,0.0,23960.0,2,132.0,1,0,0
13,47,2016.0,157,4,3,1.8,1,160000.0,18320.0,0,132.0,0,0,0
18,82,2021.0,208,13,3,1.8,1,76000.0,23840.0,0,170.0,0,0,0
31,32,2019.0,327,13,3,1.6,1,80000.0,17500.0,1,110.0,0,1,0
3,123,2015.0,57,13,3,4.4,0,115000.0,59500.0,0,449.0,1,1,0
11,34,2018.0,133,4,3,1.5,0,45000.0,14800.0,1,123.0,0,1,0
14,26,2025.0,164,13,3,1.5,1,0.0,35000.0,2,115.0,0,0,0
31,32,2013.0,322,22,3,1.6,0,206000.0,9900.0,1,110.0,0,1,0
5,110,2023.0,92,4,3,1.2,1,34452.0,22560.0,2,132.0,1,0,0
1,77,2025.0,16,21,3,3.0,0,0.0,151900.0,2,333.0,1,0,0
35,46,2017.0,375,13,0,2.8,1,105000.0,36800.0,1,177.0,1,0,0
13,47,2017.0,157,21,3,1.8,1,126000.0,21500.0,1,154.0,0,0,0
35,25,2025.0,369,13,3,2.0,1,2000.0,41000.0,1,170.0,0,0,0
29,0,2018.0,296,4,3,1.6,1,115000.0,15500.0,1,150.0,1,1,0
14,113,2017.0,174,13,3,2.0,1,100000.0,23200.0,1,154.0,0,1,0
5,110,2024.0,95,22,3,1.2,1,6100.0,24400.0,0,132.0,1,0,0
36,96,2024.0,398,18,3,1.4,1,8700.0,32500.0,1,150.0,0,0,0
31,33,2021.0,332,22,3,2.0,0,53000.0,19440.0,0,110.0,0,1,0
36,97,2020.0,402,13,3,1.6,1,49000.0,20640.0,0,116.0,0,0,0
11,100,2025.0,144,4,3,1.8,1,0.0,37280.0,0,85.0,1,0,0
31,32,2019.0,327,4,3,2.0,1,91000.0,15920.0,0,143.0,0,1,0
11,34,2015.0,136,22,3,1.6,0,118000.0,12240.0,0,110.0,0,1,0
18,23,2021.0,199,18,3,2.4,1,80000.0,22000.0,0,170.0,0,1,0
10,71,2022.0,126,13,3,1.0,1,11000.0,21600.0,1,110.0,0,0,0
31,13,2018.0,318,18,3,2.0,0,92000.0,17200.0,0,110.0,0,1,0
5,110,2021.0,95,4,3,1.2,1,70000.0,18400.0,0,132.0,1,0,0
1,75,2013.0,13,18,3,2.0,0,145000.0,24500.0,0,180.0,1,1,0
10,71,2025.0,124,13,3,1.0,1,0.0,22891.0,2,110.0,0,0,0
31,52,2010.0,337,13,3,2.5,0,160000.0,10320.0,0,110.0,0,1,0
31,32,2025.0,325,15,3,1.6,1,500.0,24800.0,1,115.0,1,1,0
13,47,2015.0,158,13,3,1.8,1,141200.0,17800.0,0,185.0,0,0,0
28,51,2025.0,275,13,3,1.6,0,0.0,25240.0,0,120.0,0,0,0
25,18,2017.0,258,18,3,2.0,1,106000.0,59800.0,1,367.0,1,0,1
5,110,2017.0,92,22,3,1.8,1,102000.0,15200.0,0,140.0,1,1,0
35,46,2013.0,374,3,0,3.0,1,123000.0,29700.0,0,171.0,1,1,0
18,23,2025.0,200,13,3,1.3,1,0.0,36400.0,2,272.0,0,0,0
21,90,2017.0,228,4,3,1.6,0,67000.0,19000.0,0,132.0,0,0,0
3,125,2010.0,62,4,3,4.4,0,170000.0,52000.0,0,555.0,1,0,0
18,23,2024.0,200,4,3,1.3,1,9000.0,40000.0,1,170.0,0,0,0
28,51,2025.0,277,13,3,1.6,1,0.0,23200.0,2,120.0,0,1,0
18,82,2025.0,209,13,3,1.3,1,0.0,29440.0,2,170.0,0,0,0
11,34,2014.0,130,13,3,1.6,0,138900.0,12700.0,1,110.0,0,1,0
36,96,2024.0,398,18,3,1.4,1,5000.0,35200.0,0,150.0,0,0,0
36,97,2025.0,400,13,3,1.0,1,0.0,23200.0,2,110.0,0,1,0
29,0,2016.0,299,13,3,1.6,0,98500.0,12500.0,0,120.0,0,1,0
13,27,2009.0,154,8,3,2.4,0,145000.0,12500.0,1,185.0,0,0,0
28,51,2025.0,275,13,3,1.6,1,1000.0,27200.0,1,120.0,0,0,0
18,23,2024.0,197,18,3,1.3,0,0.0,35200.0,0,170.0,0,0,0
35,46,2020.0,375,13,0,2.8,1,70796.0,38400.0,1,177.0,1,0,0
36,96,2025.0,398,13,3,1.4,1,0.0,34960.0,2,150.0,0,0,0
13,27,2008.0,154,8,3,2.4,0,240000.0,10240.0,0,185.0,0,0,0
6,11,2022.0,106,18,3,1.6,0,34500.0,22800.0,0,165.0,0,1,0
1,75,2017.0,13,2,3,2.0,1,155000.0,36000.0,0,250.0,1,0,0
6,11,2022.0,106,4,3,1.6,0,16000.0,21000.0,1,165.0,0,1,0
11,100,2022.0,144,4,3,1.5,0,86000.0,31000.0,0,143.0,0,0,0
36,63,2024.0,397,13,3,1.0,1,8900.0,25000.0,1,116.0,0,0,0
28,51,2025.0,276,13,3,1.6,1,0.0,30308.0,2,120.0,1,0,0
11,100,2021.0,145,18,3,1.5,1,70000.0,28800.0,1,143.0,1,0,0
18,23,2025.0,200,13,3,1.3,1,0.0,35992.0,2,272.0,0,0,0
10,4,2018.0,122,13,3,1.4,1,100000.0,15192.0,0,110.0,0,1,0
18,82,2022.0,208,13,3,1.8,1,92000.0,22000.0,0,170.0,0,0,0
5,110,2025.0,92,18,3,1.2,1,0.0,24000.0,2,132.0,1,0,0
6,10,2025.0,103,22,3,1.0,1,0.0,25688.0,2,120.0,0,0,0
31,32,2013.0,322,22,3,1.6,0,140000.0,9500.0,1,110.0,0,1,0
1,75,2013.0,13,13,3,2.0,0,135000.0,23500.0,0,211.0,1,0,0
10,71,2025.0,125,13,3,1.3,0,0.0,16800.0,0,110.0,0,0,0
35,95,2014.0,392,13,3,2.7,0,147000.0,23920.0,0,204.0,0,1,0
11,34,2017.0,133,18,3,1.6,0,93300.0,13600.0,0,110.0,0,1,0
31,33,2018.0,333,13,3,1.6,0,68000.0,15840.0,0,110.0,0,1,0
6,11,2019.0,110,2,3,1.6,1,76400.0,17800.0,1,165.0,0,0,0
11,34,2017.0,133,13,3,1.5,0,89900.0,13592.0,0,123.0,0,1,0
5,110,2017.0,92,4,3,1.8,0,130000.0,14000.0,1,140.0,1,1,0
5,110,2024.0,95,4,3,1.2,1,1000.0,22240.0,2,132.0,1,0,0
8,50,2014.0,113,21,3,3.6,0,110000.0,16500.0,1,280.0,1,0,0
5,110,2024.0,91,4,3,1.2,1,0.0,22400.0,2,132.0,1,0,0
28,51,2018.0,275,21,3,1.6,1,50000.0,20500.0,1,120.0,0,0,0
30,56,2025.0,311,18,1,2.0,1,0.0,268000.0,2,252.0,1,1,0
18,23,2024.0,200,4,3,1.3,1,0.0,31120.0,2,170.0,0,0,0
1,77,2011.0,16,13,3,3.0,1,163500.0,25000.0,1,333.0,1,0,0
36,96,2025.0,398,4,3,1.4,1,0.0,29360.0,2,150.0,0,0,0
35,25,2024.0,369,13,2,1.8,1,8000.0,39191.0,0,170.0,0,0,0
29,0,2024.0,297,4,3,1.0,1,0.0,33200.0,0,120.0,0,0,0
35,95,2023.0,393,4,0,2.8,1,35500.0,53000.0,1,204.0,1,0,0
31,32,2013.0,322,22,3,1.6,0,143900.0,10800.0,1,110.0,0,1,0
28,51,2025.0,275,22,3,1.6,0,0.0,28000.0,0,120.0,0,0,0
11,34,2018.0,130,18,3,2.0,1,107000.0,19120.0,0,170.0,1,1,0
18,82,2025.0,212,4,3,1.3,1,0.0,34800.0,0,170.0,1,0,0
18,82,2024.0,209,4,3,1.3,1,0.0,23200.0,2,175.0,0,0,0
29,0,2025.0,297,18,3,1.0,1,0.0,28640.0,2,120.0,0,0,0
29,0,2017.0,299,4,3,1.6,1,107000.0,14500.0,1,120.0,0,1,0
35,46,2021.0,375,4,0,2.8,1,110000.0,43200.0,1,177.0,1,0,0
13,27,2021.0,154,13,3,2.4,0,59050.0,40000.0,0,175.0,0,0,0
18,23,2024.0,200,13,3,1.3,1,0.0,36400.0,2,170.0,0,0,0
29,0,2025.0,297,18,3,1.0,1,0.0,33040.0,2,120.0,0,0,0
29,0,2016.0,296,13,3,1.6,0,121000.0,13440.0,0,150.0,1,1,0
14,113,2008.0,179,13,3,2.0,0,236000.0,9300.0,0,154.0,0,1,0
11,34,2013.0,136,21,3,1.6,0,75000.0,13500.0,1,110.0,0,1,0
2,124,2025.0,26,18,3,1.5,1,0.0,44900.0,0,185.0,0,0,0
35,95,2023.0,393,13,0,2.8,1,17552.0,57990.0,1,204.0,1,0,0
11,34,2019.0,134,4,3,1.5,0,86000.0,15840.0,0,100.0,0,1,0
11,34,2018.0,134,21,3,2.0,1,87028.0,19200.0,1,170.0,0,1,0
18,22,2025.0,195,29,3,1.3,1,0.0,39992.0,2,272.0,0,0,0
36,63,2025.0,397,13,3,1.0,1,0.0,19360.0,2,101.0,0,0,0
13,47,2017.0,157,13,3,1.8,1,68000.0,19600.0,1,154.0,0,0,0
29,0,2016.0,293,13,3,1.6,0,58000.0,16900.0,0,120.0,0,1,0
1,75,2017.0,13,4,3,3.0,1,67000.0,44500.0,0,272.0,1,0,0
35,25,2025.0,369,2,2,1.8,1,0.0,41600.0,2,170.0,0,0,0
18,23,2021.0,199,4,3,2.4,1,101000.0,26800.0,2,170.0,0,0,0
4,103,2017.0,70,21,3,1.6,1,91000.0,12240.0,0,110.0,0,1,0
5,110,2015.0,92,4,3,1.8,1,112000.0,14000.0,1,140.0,0,1,0
18,82,2025.0,210,4,3,1.8,1,0.0,24000.0,0,170.0,0,0,0
1,73,2025.0,8,13,3,2.0,1,0.0,76000.0,0,180.0,1,0,0
28,130,2010.0,290,18,3,2.5,0,169000.0,12000.0,0,110.0,1,1,0
5,110,2024.0,92,18,3,1.2,0,1000.0,26476.0,2,132.0,1,0,0
31,32,2013.0,326,13,3,2.0,0,140000.0,10400.0,1,138.0,0,1,0
36,96,2022.0,398,4,3,1.4,1,44000.0,32500.0,1,150.0,0,0,0
11,34,2011.0,132,18,3,2.0,0,98000.0,10000.0,1,143.0,0,1,0
11,8,2025.0,129,26,3,2.0,0,0.0,45600.0,2,110.0,1,0,0
5,110,2021.0,92,4,3,1.2,1,56000.0,20800.0,2,132.0,1,0,0
18,116,2018.0,217,18,3,3.6,0,87028.0,65000.0,1,284.0,1,1,1
18,23,2018.0,198,2,3,2.4,1,67000.0,24500.0,1,170.0,1,1,0
18,82,2017.0,210,18,3,1.8,1,140000.0,17900.0,1,170.0,0,1,0
5,110,2021.0,95,21,3,1.2,1,52000.0,21200.0,1,132.0,1,0,0
11,8,2024.0,129,13,3,2.0,0,0.0,51000.0,0,110.0,1,0,0
11,34,2007.0,132,18,3,1.6,0,246000.0,5840.0,1,110.0,0,1,0
2,124,2025.0,24,4,3,1.5,1,0.0,36900.0,0,185.0,0,0,0
14,113,2018.0,182,2,3,2.0,1,87028.0,23500.0,1,154.0,0,0,0
29,1,2024.0,302,8,3,1.6,0,0.0,44000.0,0,165.0,1,0,0
31,32,2016.0,327,4,3,1.6,1,107000.0,11920.0,0,110.0,0,1,0
6,11,2025.0,110,13,3,1.6,1,0.0,26288.0,0,165.0,0,0,0
36,63,2024.0,397,2,3,1.0,1,10000.0,30990.0,0,116.0,0,0,0
30,14,2013.0,309,21,3,3.6,0,133000.0,45000.0,0,300.0,1,0,0
29,0,2025.0,292,13,3,1.0,1,0.0,26584.0,0,120.0,0,1,0
29,0,2018.0,293,13,3,1.6,0,71100.0,13760.0,0,120.0,0,1,0
30,14,2013.0,306,4,3,3.6,0,90000.0,42000.0,1,300.0,0,0,0
36,63,2024.0,397,2,3,1.0,1,0.0,25760.0,0,116.0,0,0,0
11,34,2018.0,130,2,3,1.5,1,85000.0,15200.0,0,123.0,0,1,0
28,51,2020.0,276,22,3,1.6,0,91000.0,21500.0,2,120.0,1,0,0
35,81,2010.0,382,13,3,2.4,0,226000.0,15000.0,1,257.0,1,0,0
14,113,2008.0,178,18,0,2.0,0,193000.0,6000.0,0,154.0,0,0,0
1,76,2024.0,14,18,3,2.0,1,0.0,108000.0,2,245.0,1,0,0
5,91,2017.0,89,4,3,1.8,0,124700.0,13600.0,2,105.0,0,1,0
5,110,2023.0,95,4,3,1.2,0,12000.0,23920.0,2,132.0,1,0,0
3,120,2018.0,44,4,3,3.0,0,88000.0,53000.0,1,306.0,1,0,0
28,51,2025.0,276,13,3,1.6,1,0.0,30308.0,2,120.0,1,0,0
11,34,2019.0,131,21,3,2.0,1,99000.0,19192.0,2,170.0,1,1,0
14,113,2008.0,179,13,3,2.0,0,236000.0,9300.0,0,154.0,0,1,0
3,117,2025.0,30,26,3,2.0,0,0.0,84000.0,0,205.0,1,1,0
36,96,2021.0,398,13,3,1.4,1,59050.0,24500.0,0,150.0,0,0,0
5,110,2025.0,95,13,3,1.2,0,0.0,29200.0,2,132.0,1,0,0
8,50,2010.0,113,21,3,2.7,1,189000.0,11500.0,1,170.0,1,0,0
31,32,2015.0,327,19,2,1.6,0,123129.0,10936.0,2,110.0,0,1,0
29,0,2019.0,292,21,3,1.6,0,101000.0,13200.0,1,120.0,0,1,0
5,110,2024.0,92,13,3,1.2,0,0.0,26640.0,2,132.0,1,0,0
5,110,2016.0,92,21,3,1.8,1,179000.0,12400.0,1,140.0,1,0,0
18,42,2013.0,203,13,3,3.6,1,131000.0,25900.0,0,286.0,1,0,0
25,19,2021.0,262,13,3,3.0,0,45000.0,129900.0,1,367.0,1,0,0
8,50,2010.0,113,13,3,2.7,1,135000.0,9500.0,1,170.0,1,0,0
18,23,2012.0,200,18,3,2.4,0,144400.0,15500.0,1,170.0,0,0,0
36,97,2021.0,402,21,3,1.6,1,31000.0,24000.0,0,116.0,0,0,0
11,34,2011.0,132,18,3,1.6,0,168000.0,7000.0,1,110.0,0,1,0
18,23,2025.0,200,4,3,1.3,1,0.0,35840.0,2,272.0,0,0,0
11,34,2008.0,132,18,3,2.0,0,183610.0,7360.0,1,143.0,0,1,0
5,110,2024.0,92,18,3,1.2,0,1000.0,26476.0,2,132.0,1,0,0
18,23,2025.0,200,4,3,1.3,1,0.0,41520.0,0,272.0,0,0,0
13,27,2013.0,152,18,3,2.4,0,183000.0,20500.0,1,185.0,1,0,0
28,51,2019.0,276,4,3,1.6,1,45000.0,21800.0,0,120.0,1,0,0
4,101,2014.0,66,4,3,2.0,0,99000.0,12800.0,1,138.0,1,1,0
29,0,2020.0,299,4,3,1.6,0,85500.0,18500.0,0,120.0,0,1,0
28,51,2025.0,275,13,3,1.6,0,0.0,25200.0,2,120.0,0,0,0
5,110,2025.0,95,13,3,1.2,0,0.0,27600.0,2,132.0,1,0,0
1,73,2025.0,8,4,3,1.4,1,1000.0,59500.0,0,150.0,1,0,0
29,0,2016.0,292,15,3,1.6,0,74800.0,14000.0,1,120.0,0,1,0
31,13,2018.0,318,22,3,1.6,1,78000.0,18400.0,0,110.0,0,0,0
5,110,2024.0,95,21,3,1.2,1,0.0,28400.0,2,132.0,1,0,0
11,34,2004.0,132,2,4,1.6,0,180725.0,6000.0,0,110.0,0,1,0
13,27,2025.0,152,13,3,1.5,1,0.0,70800.0,2,185.0,1,0,0
35,25,2025.0,371,4,3,2.0,1,0.0,32800.0,0,170.0,0,0,0
11,100,2025.0,144,4,3,1.8,1,0.0,37240.0,2,85.0,1,0,0
31,32,2016.0,327,18,3,1.6,1,135000.0,12800.0,0,110.0,0,1,0
31,32,2015.0,327,4,3,1.6,1,129000.0,12400.0,0,110.0,0,1,0
36,97,2022.0,400,4,3,1.0,0,33000.0,24000.0,1,110.0,0,0,0
21,92,2011.0,231,13,3,2.0,0,198000.0,14901.0,0,163.0,1,0,0
10,71,2022.0,125,13,3,1.3,1,48000.0,23600.0,0,110.0,0,0,0
18,82,2022.0,210,4,3,1.8,1,45000.0,21960.0,2,170.0,0,1,0
28,51,2021.0,275,13,3,1.6,1,39200.0,20640.0,0,120.0,0,0,0
6,10,2025.0,103,4,3,1.6,1,0.0,22400.0,0,120.0,0,1,0
28,51,2025.0,276,22,3,1.6,1,0.0,28400.0,2,120.0,1,0,0
31,13,2018.0,320,13,3,2.0,0,62000.0,16280.0,0,110.0,0,1,0
28,51,2022.0,276,22,3,1.6,1,60000.0,29500.0,0,120.0,1,0,0
11,54,2019.0,141,22,3,2.0,1,120000.0,20400.0,0,143.0,1,0,0
3,117,2025.0,30,4,3,2.0,0,0.0,65000.0,0,140.0,1,1,0
32,60,2003.0,346,2,0,2.3,0,119900.0,8000.0,1,110.0,0,1,0
31,32,2013.0,322,13,3,1.6,0,150000.0,9200.0,1,110.0,0,1,0
11,34,2017.0,134,13,3,1.5,0,72000.0,14400.0,1,123.0,0,1,0
5,110,2024.0,95,22,3,1.2,1,10000.0,23120.0,0,132.0,1,0,0
18,82,2025.0,209,13,3,1.3,1,0.0,31474.0,2,170.0,0,0,0
36,96,2024.0,399,4,3,1.4,1,0.0,36400.0,2,150.0,0,0,0
14,113,2017.0,174,2,3,2.0,0,146000.0,21500.0,0,154.0,0,1,0
14,40,1998.0,166,13,0,2.5,0,294567.0,6500.0,0,257.0,1,1,0
35,95,2021.0,393,18,0,2.8,1,71600.0,50000.0,2,204.0,1,0,0
3,117,2017.0,34,13,3,2.0,1,106000.0,28000.0,0,231.0,1,1,0
11,8,2021.0,129,13,3,1.5,1,46000.0,33500.0,1,110.0,1,0,0
31,32,2012.0,327,18,3,1.6,0,138000.0,10800.0,0,110.0,0,1,0
5,110,2016.0,92,18,3,1.8,1,156000.0,11500.0,0,140.0,0,1,0
18,23,2025.0,200,18,3,1.3,1,0.0,36160.0,2,272.0,0,0,0
27,66,2025.0,274,13,3,2.5,1,0.0,54000.0,0,184.0,1,0,0
11,34,2020.0,134,13,3,1.5,0,87000.0,18800.0,0,123.0,0,1,0
29,0,2018.0,296,21,3,1.6,1,87028.0,17000.0,0,150.0,1,1,0
2,124,2024.0,24,22,3,1.5,1,0.0,37900.0,2,185.0,0,0,0
1,73,2024.0,8,13,3,1.4,1,0.0,61000.0,2,150.0,1,0,0
31,32,2014.0,330,18,3,1.6,0,149000.0,10800.0,1,110.0,0,1,0
29,0,2025.0,293,13,3,1.0,1,500.0,34000.0,0,120.0,0,0,0
37,128,2018.0,421,18,3,3.0,0,98000.0,52900.0,0,304.0,1,0,0
3,125,2021.0,62,4,3,4.4,0,23000.0,149900.0,0,575.0,1,0,0
6,11,2017.0,110,4,3,1.2,1,80000.0,12792.0,0,165.0,0,0,0
18,23,2020.0,198,4,3,2.4,1,61500.0,30500.0,1,170.0,1,1,0
11,34,2020.0,136,22,3,1.5,1,60000.0,24000.0,1,123.0,0,1,0
11,100,2022.0,144,4,3,1.5,0,50000.0,31200.0,0,143.0,0,0,0
14,113,2011.0,178,13,3,2.0,0,136400.0,12800.0,0,154.0,0,1,0
5,110,2024.0,94,4,3,1.2,1,0.0,29280.0,0,132.0,0,0,0
31,32,2016.0,327,13,3,1.6,1,102000.0,12800.0,1,110.0,0,1,0
18,23,2024.0,200,18,3,1.3,1,0.0,23200.0,2,170.0,0,0,0
12,45,2024.0,147,22,3,2.0,1,0.0,39900.0,0,200.0,1,0,0
28,51,2025.0,277,13,3,1.6,1,0.0,23184.0,0,120.0,0,1,0
18,82,2025.0,208,13,3,1.3,1,0.0,28960.0,2,170.0,0,0,0
36,96,2025.0,398,3,3,1.4,1,0.0,33592.0,2,150.0,0,0,0
22,28,2013.0,235,18,0,2.4,0,149000.0,89000.0,0,110.0,0,1,0
29,0,2024.0,297,13,3,1.0,1,0.0,38076.0,2,120.0,0,0,0
2,124,2023.0,24,1,3,1.5,1,0.0,38900.0,2,185.0,0,1,0
36,97,2020.0,403,13,3,1.6,1,57000.0,20000.0,2,110.0,0,1,0
36,107,2018.0,409,13,3,1.4,1,110000.0,28400.0,1,150.0,1,1,0
29,0,2020.0,299,4,3,1.6,0,103000.0,18320.0,0,120.0,0,1,0
11,54,2017.0,141,21,3,2.0,0,103125.0,22400.0,0,143.0,1,0,0
36,107,2013.0,409,4,3,2.0,0,171000.0,16500.0,0,200.0,1,1,0
4,102,2022.0,69,17,3,1.5,0,45000.0,22000.0,1,127.0,1,1,0
6,10,2025.0,103,18,3,1.0,1,0.0,23200.0,0,120.0,0,0,0
36,97,2023.0,400,2,3,1.0,0,0.0,23120.0,0,110.0,0,1,0
25,19,2019.0,262,13,3,3.0,0,90000.0,106000.0,0,333.0,1,0,1
11,54,2016.0,142,13,3,2.0,1,109000.0,19200.0,1,143.0,1,0,0
3,125,2017.0,60,4,3,3.0,1,52000.0,75900.0,2,306.0,1,0,0
31,32,2017.0,327,22,3,1.6,1,139000.0,13200.0,2,110.0,0,1,0
14,113,2024.0,178,13,3,2.0,1,0.0,48000.0,0,154.0,0,0,0
25,21,2004.0,264,2,0,2.7,0,194190.0,11000.0,0,110.0,1,0,0
2,121,2025.0,21,13,3,1.5,1,0.0,27000.0,0,148.0,1,0,0
18,23,2024.0,200,18,3,1.3,1,0.0,37864.0,2,170.0,0,0,0
6,12,2021.0,111,13,3,1.6,1,60100.0,23120.0,0,110.0,0,0,0
14,113,2014.0,178,4,3,2.0,0,145000.0,17000.0,1,154.0,0,0,0
18,42,2008.0,203,13,0,3.0,0,230000.0,17500.0,0,286.0,1,0,0
36,63,2025.0,397,2,3,1.0,1,0.0,24799.0,2,101.0,0,0,0
29,0,2025.0,292,13,3,1.0,1,0.0,24000.0,2,120.0,0,1,0
18,82,2018.0,208,22,3,1.8,1,75000.0,17520.0,0,170.0,0,0,0
11,34,2019.0,134,4,3,1.5,0,100000.0,8800.0,0,123.0,0,1,0
28,51,2025.0,276,22,3,1.6,1,0.0,28400.0,2,120.0,1,0,0
14,86,2012.0,171,13,0,2.2,0,183000.0,15000.0,1,110.0,1,1,0
36,97,2020.0,400,5,3,1.6,0,87000.0,22160.0,0,110.0,0,0,0
10,71,2025.0,123,4,3,1.3,1,0.0,28753.0,2,110.0,0,0,0
18,23,2025.0,200,4,3,1.3,1,0.0,37002.0,2,272.0,0,0,0
10,71,2025.0,124,21,3,1.0,1,0.0,24160.0,2,110.0,0,0,0
29,0,2017.0,299,4,3,1.6,1,120000.0,12640.0,1,120.0,0,1,0
35,95,2024.0,393,13,0,2.8,0,9000.0,54320.0,1,204.0,1,0,0
11,8,2023.0,129,4,3,1.5,1,27241.0,34400.0,1,110.0,1,0,0
1,73,2024.0,8,13,3,1.4,1,0.0,64700.0,0,150.0,1,0,0
37,128,2016.0,420,13,3,2.0,0,145000.0,29000.0,0,240.0,1,0,0
36,96,2025.0,398,18,3,1.4,1,0.0,28480.0,0,150.0,0,0,0
11,34,2018.0,130,18,3,1.5,1,87028.0,15192.0,0,123.0,0,1,0
21,90,2016.0,228,13,3,1.6,1,120000.0,14640.0,0,132.0,1,0,0
6,11,2022.0,106,18,3,1.6,0,55000.0,19000.0,0,165.0,0,1,0
11,100,2024.0,144,13,3,1.8,1,8500.0,43000.0,1,85.0,1,0,0
35,46,2016.0,375,13,0,2.8,1,71115.0,39500.0,0,177.0,1,0,0
28,51,2021.0,276,13,3,1.6,1,76600.0,24000.0,1,120.0,1,0,0
5,110,2015.0,92,21,3,1.8,1,105000.0,13200.0,1,140.0,1,0,0
18,82,2021.0,210,13,3,1.8,1,71000.0,19500.0,0,170.0,0,1,0
31,13,2018.0,318,3,3,2.0,1,123000.0,10742.0,2,110.0,0,1,0
29,0,2025.0,293,13,3,1.0,1,0.0,27440.0,2,120.0,0,0,0
14,53,2019.0,169,13,3,1.6,1,51000.0,27900.0,0,110.0,1,0,0
36,97,2020.0,400,18,3,1.6,1,115000.0,22000.0,1,110.0,0,0,0
14,113,2012.0,178,4,3,2.0,1,140000.0,14720.0,1,154.0,0,1,0
31,13,2018.0,320,22,3,1.6,0,80000.0,17000.0,0,110.0,0,1,0
5,111,2025.0,96,13,0,2.8,0,0.0,46400.0,2,200.0,1,0,0
1,76,2025.0,14,13,2,2.0,1,0.0,98500.0,2,245.0,1,0,0
11,34,2015.0,136,4,3,2.0,0,66500.0,14900.0,1,143.0,0,1,0
36,63,2025.0,397,13,3,1.0,1,0.0,22560.0,2,101.0,0,0,0
1,74,2020.0,9,13,3,1.4,1,78000.0,42900.0,1,150.0,1,0,0
11,100,2025.0,144,2,3,1.8,1,0.0,46000.0,2,85.0,1,0,0
29,0,2019.0,296,13,3,1.6,1,33000.0,17600.0,0,150.0,1,1,0
4,103,2017.0,70,4,3,1.6,1,70000.0,13520.0,0,110.0,0,1,0
11,34,2017.0,134,5,3,1.6,0,85000.0,14000.0,2,110.0,0,1,0
18,23,2020.0,197,4,3,2.4,1,53000.0,27200.0,0,170.0,1,1,0
31,32,2024.0,329,15,3,1.3,1,0.0,24680.0,2,155.0,1,1,0
1,75,2019.0,13,13,3,2.0,0,58000.0,69000.0,0,252.0,1,0,0
1,73,2020.0,8,13,3,1.4,0,68000.0,40000.0,1,150.0,1,0,0
11,34,2017.0,133,18,3,1.6,0,73000.0,15000.0,1,110.0,0,1,0
31,32,2012.0,327,18,3,2.0,0,143000.0,8000.0,1,143.0,1,1,0
5,110,2016.0,92,4,3,1.8,1,174000.0,14400.0,0,140.0,1,0,0
8,50,2011.0,115,18,3,2.4,0,97138.0,12500.0,0,170.0,1,0,0
5,110,2022.0,92,22,3,1.2,1,88000.0,20560.0,0,132.0,1,0,0
13,47,2019.0,157,13,3,1.6,0,90000.0,23800.0,0,132.0,0,0,0
11,100,2023.0,144,13,3,1.8,0,11500.0,33600.0,1,85.0,1,0,0
5,110,2025.0,92,13,3,1.2,1,0.0,23440.0,2,132.0,1,0,0
31,32,2013.0,326,2,3,2.0,0,107000.0,12400.0,0,138.0,1,1,0
11,100,2025.0,144,13,3,1.8,1,0.0,38480.0,0,85.0,1,0,0
18,23,2013.0,199,4,3,2.4,1,131500.0,17500.0,1,170.0,0,0,0
31,32,2013.0,322,18,3,1.6,0,200000.0,9500.0,1,110.0,0,1,0
35,81,2019.0,388,13,2,2.5,0,129900.0,42240.0,0,110.0,0,0,0
28,51,2025.0,276,22,3,1.6,1,0.0,28400.0,2,120.0,1,0,0
1,75,2010.0,13,18,3,2.0,1,96200.0,17500.0,1,211.0,1,0,0
28,130,2025.0,289,18,3,2.5,1,0.0,53718.0,0,110.0,1,0,0
36,96,2025.0,398,21,3,1.4,1,0.0,29920.0,2,150.0,0,0,0
35,25,2025.0,369,4,3,2.0,1,0.0,43119.0,0,170.0,0,0,0
5,110,2014.0,92,13,3,1.8,0,109861.0,12900.0,0,140.0,0,1,0
13,27,2016.0,154,21,3,2.4,1,141600.0,23900.0,0,175.0,0,0,0
5,110,2025.0,95,13,3,1.2,0,0.0,20800.0,2,132.0,1,0,0
18,42,1999.0,203,5,3,4.7,0,350000.0,10000.0,1,286.0,1,1,0
31,32,2016.0,327,21,3,1.6,1,179000.0,11600.0,0,110.0,0,1,0
28,130,2025.0,289,2,3,2.5,1,0.0,53718.0,0,110.0,1,0,0
21,92,2019.0,231,4,3,2.0,1,106251.0,23600.0,0,154.0,0,0,0
6,12,2020.0,111,13,3,1.6,0,70500.0,25200.0,0,110.0,0,0,0
35,46,2013.0,374,13,3,2.7,0,140000.0,22500.0,0,171.0,0,1,0
18,23,2025.0,201,13,3,2.0,0,0.0,44792.0,2,272.0,1,0,0
10,71,2025.0,124,4,3,1.0,1,0.0,23520.0,2,110.0,0,0,0
5,110,2016.0,92,2,3,1.8,1,128000.0,13200.0,0,140.0,0,1,0
14,113,2017.0,173,4,3,2.0,1,157000.0,22960.0,0,154.0,0,1,0
36,96,2022.0,398,4,3,1.4,1,58900.0,30000.0,1,150.0,0,0,0
36,97,2025.0,400,4,3,1.0,1,0.0,30480.0,0,110.0,0,0,0
21,92,2016.0,231,4,3,2.0,0,115000.0,21800.0,1,154.0,1,1,0
35,95,2024.0,393,4,0,2.8,0,0.0,56800.0,0,204.0,1,0,0
11,34,2020.0,136,18,3,1.5,1,36000.0,20800.0,0,123.0,0,1,0
28,51,2023.0,275,4,3,1.6,1,18000.0,18000.0,0,120.0,0,0,0
29,0,2016.0,296,15,3,1.6,0,104000.0,14000.0,0,150.0,1,1,0
28,51,2024.0,275,4,3,1.6,1,0.0,26720.0,2,120.0,0,0,0
22,29,1998.0,236,13,0,3.0,0,524000.0,8600.0,0,240.0,1,0,0
11,34,2019.0,136,4,3,1.5,1,48800.0,18320.0,0,123.0,0,1,0
35,55,2004.0,379,5,0,3.0,0,215500.0,23500.0,1,265.0,0,1,0
18,116,2025.0,216,18,3,3.6,1,0.0,117890.0,0,284.0,1,0,0
36,97,2025.0,400,4,3,1.0,1,0.0,31600.0,2,110.0,0,0,0
25,17,2015.0,255,18,3,1.6,0,75000.0,27500.0,1,156.0,1,0,0
35,81,2017.0,385,13,3,2.0,0,163500.0,33000.0,1,110.0,0,0,0
11,34,2014.0,136,4,3,1.6,0,135000.0,12000.0,1,110.0,0,1,0
28,51,2020.0,275,4,3,1.6,1,89000.0,19999.0,0,120.0,0,0,0
36,96,2025.0,398,2,3,1.4,1,0.0,36640.0,2,150.0,0,0,0
29,0,2019.0,292,4,3,1.6,0,66000.0,16000.0,1,120.0,0,1,0
29,0,2025.0,293,13,3,1.0,1,0.0,28320.0,2,120.0,0,0,0
11,54,2020.0,139,2,2,2.5,0,45000.0,34500.0,0,180.0,0,0,0
31,32,2021.0,324,22,3,1.6,0,49700.0,18800.0,0,110.0,0,1,0
29,0,2018.0,296,21,3,1.6,1,55000.0,14800.0,0,150.0,1,1,0
5,110,2022.0,92,4,3,1.2,1,64000.0,23500.0,1,132.0,1,0,0
31,32,2017.0,327,15,3,2.0,1,120000.0,14800.0,0,143.0,0,1,0
5,110,2025.0,95,21,3,1.2,0,0.0,23828.0,2,132.0,1,0,0
10,71,2025.0,125,21,3,1.3,0,1000.0,20792.0,0,110.0,0,0,0
5,110,2016.0,92,18,3,1.8,1,103000.0,13520.0,1,140.0,1,0,0
13,47,2016.0,158,4,3,1.8,1,78000.0,20999.0,0,175.0,0,1,0
29,0,2017.0,296,15,3,1.6,1,50700.0,15040.0,0,150.0,1,1,0
3,125,2016.0,60,18,3,3.0,1,64000.0,80000.0,0,306.0,1,0,0
36,63,2024.0,397,4,3,1.0,1,0.0,21954.0,0,116.0,0,0,0
18,82,2021.0,208,4,3,1.8,1,38500.0,23600.0,2,170.0,0,0,0
25,17,2018.0,256,18,3,2.0,1,76000.0,73500.0,1,381.0,1,1,0
36,107,2025.0,409,21,3,2.0,1,0.0,45040.0,2,200.0,1,0,0
37,128,2013.0,420,18,3,2.0,0,219000.0,13000.0,0,240.0,0,0,0
11,100,2022.0,145,5,3,1.5,0,46000.0,28800.0,1,143.0,0,0,0
36,96,2021.0,398,13,3,1.4,1,36000.0,30400.0,1,150.0,0,0,0
29,0,2017.0,299,18,3,1.6,1,50064.0,13900.0,0,120.0,0,1,0
29,0,2016.0,296,22,3,1.6,0,80200.0,12640.0,1,150.0,1,1,0
11,34,2018.0,134,4,3,1.5,0,57000.0,16000.0,0,123.0,0,1,0
14,113,2018.0,180,21,3,2.0,1,45000.0,27400.0,0,154.0,0,0,0
21,92,2025.0,231,4,3,1.6,0,0.0,49500.0,0,132.0,0,0,0
11,100,2025.0,144,2,3,1.8,1,0.0,33393.0,2,85.0,1,0,0
5,110,2023.0,92,22,3,1.2,1,22000.0,24000.0,1,132.0,1,0,0
35,25,2023.0,369,4,2,1.8,1,30000.0,35900.0,0,170.0,0,0,0
35,25,2023.0,370,4,3,2.0,1,53000.0,34960.0,2,170.0,0,0,0
3,123,2017.0,57,13,3,4.4,1,81000.0,73500.0,1,449.0,1,1,0
6,11,2024.0,110,4,3,1.6,1,0.0,21840.0,1,165.0,0,0,0
29,0,2017.0,293,4,3,1.6,0,77662.0,12760.0,2,120.0,0,1,0
5,110,2014.0,92,13,3,1.8,0,129250.0,12800.0,1,140.0,0,1,0
36,107,2011.0,409,13,3,2.0,0,176000.0,14500.0,1,200.0,1,1,0
18,23,2025.0,201,13,3,2.0,0,0.0,45520.0,2,272.0,1,0,0
13,47,2020.0,157,21,3,1.8,1,103000.0,25500.0,0,154.0,0,0,0
6,11,2018.0,110,4,3,1.2,0,87000.0,14400.0,1,165.0,0,0,0
28,51,2025.0,276,22,3,1.6,1,0.0,28400.0,2,120.0,1,0,0
13,47,2017.0,157,4,3,1.8,1,84000.0,24000.0,1,154.0,0,0,0
8,50,2017.0,115,13,3,2.4,1,90000.0,19200.0,1,170.0,1,1,0
28,51,2025.0,276,4,3,1.6,1,0.0,32400.0,0,120.0,1,0,0
31,33,2018.0,333,26,3,1.6,0,66000.0,15920.0,0,110.0,0,1,0
28,51,2018.0,275,4,3,1.6,1,105000.0,19600.0,0,120.0,0,0,0
5,110,2025.0,95,2,3,1.2,0,0.0,29200.0,2,132.0,1,0,0
6,11,2022.0,106,18,3,1.6,0,28000.0,19600.0,0,165.0,0,0,0
31,32,2014.0,326,2,3,2.0,0,135000.0,10800.0,1,138.0,0,1,0
6,10,2025.0,103,4,3,1.6,1,0.0,21783.0,2,120.0,0,1,0
35,95,2021.0,393,21,0,2.8,1,61500.0,43000.0,1,204.0,1,0,0
5,110,2024.0,92,21,3,1.2,0,0.0,23840.0,2,132.0,1,0,0
5,110,2025.0,91,21,3,1.2,0,0.0,23804.0,0,132.0,1,0,0
18,82,2020.0,210,4,3,1.8,1,100000.0,21000.0,1,170.0,0,1,0
11,34,2015.0,136,4,3,1.6,0,69000.0,14750.0,1,110.0,0,1,0
10,71,2022.0,126,13,3,1.0,1,19414.0,23490.0,0,110.0,0,0,0
35,46,2008.0,374,13,0,3.0,1,270000.0,20800.0,0,171.0,1,1,0
36,96,2023.0,398,13,3,1.4,1,35000.0,35119.0,0,150.0,0,0,0
11,100,2022.0,144,4,3,1.5,0,72000.0,30320.0,0,143.0,0,0,0
4,103,2018.0,70,4,3,1.6,1,87028.0,15600.0,0,110.0,0,1,0
8,50,2012.0,115,13,3,2.4,1,155000.0,15700.0,1,170.0,1,0,0
5,110,2022.0,95,13,3,1.2,0,58000.0,23192.0,0,132.0,1,0,0
11,34,2019.0,135,15,3,2.0,0,59000.0,22500.0,0,170.0,1,0,0
5,110,2017.0,92,4,3,1.8,1,84000.0,17900.0,1,140.0,1,0,0
4,103,2018.0,71,4,3,1.6,0,114500.0,13520.0,2,127.0,1,1,0
18,23,2025.0,200,13,3,1.3,1,0.0,36800.0,2,272.0,0,0,0
36,107,2014.0,409,18,3,2.0,0,115000.0,19200.0,0,200.0,1,0,0
25,18,2018.0,261,4,3,3.0,0,87028.0,105000.0,0,367.0,1,0,0
21,87,2024.0,224,21,3,1.5,0,0.0,35900.0,0,185.0,0,0,0
14,113,2017.0,174,4,3,2.0,1,73695.0,21840.0,2,154.0,0,1,0
11,34,2018.0,130,21,3,1.5,1,59000.0,16720.0,0,123.0,0,1,0
29,0,2021.0,299,4,3,1.6,0,49000.0,19200.0,0,120.0,0,1,0
31,32,2016.0,327,13,3,2.0,1,168000.0,12500.0,0,143.0,0,1,0
5,110,2023.0,95,13,3,1.2,0,22000.0,23840.0,0,132.0,1,0,0
31,32,2017.0,327,13,3,2.0,1,129000.0,14240.0,1,143.0,0,1,0
11,54,2018.0,142,13,3,2.0,1,82000.0,30000.0,1,143.0,1,0,0
36,96,2023.0,398,21,3,1.4,1,40000.0,32000.0,0,150.0,0,0,0
18,23,2025.0,200,4,3,1.3,1,0.0,35032.0,2,272.0,0,0,0
35,95,2023.0,393,18,0,2.8,1,43000.0,52900.0,1,204.0,1,0,0
28,51,2019.0,275,22,3,1.6,1,107000.0,18400.0,1,120.0,0,0,0
5,110,2025.0,94,13,3,1.2,1,0.0,28412.0,2,132.0,1,0,0
3,122,2018.0,51,18,3,2.0,1,73500.0,44900.0,2,245.0,1,0,0
5,110,2024.0,95,21,3,1.2,1,0.0,20959.0,2,132.0,1,0,0
5,110,2016.0,92,13,3,1.8,1,155000.0,14400.0,1,140.0,1,0,0
18,42,2007.0,203,18,3,3.0,0,208000.0,14000.0,0,286.0,1,1,0
5,110,2025.0,95,18,3,1.2,0,0.0,25120.0,2,132.0,1,0,0
18,23,2024.0,200,13,3,1.3,1,5500.0,43000.0,0,170.0,0,0,0
28,51,2021.0,276,5,3,1.6,1,33364.0,23960.0,0,120.0,1,0,0
28,51,2024.0,275,22,3,1.6,0,0.0,26000.0,1,120.0,0,0,0
11,7,1981.0,127,18,3,5.8,0,1111111.0,45000.0,0,110.0,0,1,1
31,32,2014.0,322,18,3,1.6,0,140000.0,11040.0,0,110.0,0,1,0
11,34,2018.0,136,4,3,1.6,0,85456.0,19776.0,0,110.0,0,0,0
31,52,2018.0,335,4,3,2.5,1,102000.0,22400.0,0,211.0,0,0,0
13,27,2010.0,152,2,3,2.4,0,170000.0,13200.0,0,185.0,1,1,0
35,46,2022.0,376,18,0,2.8,0,58000.0,56000.0,0,177.0,1,0,0
11,34,2019.0,136,2,3,1.5,1,34000.0,21900.0,0,123.0,0,1,0
11,34,2010.0,132,5,0,1.4,0,150000.0,7600.0,0,123.0,0,1,0
31,32,2013.0,322,22,3,1.6,0,155000.0,10500.0,0,110.0,0,1,0
13,27,2017.0,154,4,3,2.4,1,120000.0,26500.0,1,175.0,0,0,0
5,110,2017.0,92,4,3,1.8,1,106000.0,14400.0,1,140.0,1,1,0
35,25,2024.0,369,4,3,2.0,1,0.0,37500.0,0,170.0,0,0,0
18,82,2022.0,210,18,3,1.8,1,62000.0,21440.0,1,170.0,0,0,0
8,50,2017.0,115,18,3,2.4,1,110000.0,19500.0,2,170.0,1,1,0
1,75,2016.0,13,18,3,2.0,0,109000.0,41500.0,0,225.0,1,0,0
5,110,2020.0,95,4,3,1.2,1,91000.0,23000.0,0,132.0,1,0,0
36,97,2025.0,400,13,3,1.0,1,4850.0,27040.0,0,110.0,0,0,0
13,27,2008.0,154,21,3,2.4,0,234800.0,10800.0,1,185.0,0,0,0
21,92,2025.0,233,4,3,1.6,1,0.0,55900.0,2,154.0,1,0,0
18,82,2024.0,212,4,3,1.3,0,0.0,39793.0,2,175.0,1,0,0
29,0,2025.0,297,18,3,1.0,1,0.0,31554.0,0,120.0,0,0,0
11,100,2025.0,144,4,3,1.8,1,0.0,42000.0,0,85.0,1,0,0
35,25,2022.0,369,18,2,1.8,1,30100.0,34000.0,1,170.0,0,0,0
4,103,2017.0,70,13,3,1.6,1,98000.0,13200.0,1,110.0,0,1,0
5,110,2017.0,92,2,3,1.8,1,108000.0,16800.0,1,140.0,1,0,0
28,130,2023.0,289,13,3,2.5,0,0.0,44000.0,0,110.0,1,0,0
18,23,2025.0,200,13,3,1.3,1,0.0,37522.0,2,272.0,0,0,0
18,82,2025.0,208,13,3,1.3,1,0.0,30720.0,2,170.0,0,0,0
28,51,2025.0,277,21,3,1.6,1,1000.0,22000.0,0,120.0,0,1,0
4,101,2017.0,65,22,3,1.6,0,120000.0,6400.0,0,125.0,0,1,0
3,125,2018.0,62,4,3,4.4,0,87028.0,160000.0,2,449.0,1,0,0
36,63,2025.0,397,2,3,1.0,1,0.0,28276.0,2,101.0,0,0,0
5,111,2017.0,98,22,0,2.8,1,98000.0,22400.0,1,200.0,1,0,0
36,63,2025.0,397,21,3,1.0,1,0.0,23360.0,0,101.0,0,1,0
36,107,2012.0,409,21,3,2.0,0,130000.0,15800.0,1,200.0,1,0,0
3,125,2017.0,60,13,3,3.0,0,74700.0,76000.0,0,306.0,1,0,0
5,110,2025.0,92,22,3,1.2,1,0.0,23760.0,2,132.0,1,0,0
36,96,2025.0,398,21,3,1.4,1,0.0,7992.0,0,150.0,0,0,0
28,51,2024.0,276,13,3,1.6,1,0.0,28800.0,1,120.0,1,0,0
13,47,2024.0,157,18,3,1.5,1,0.0,39925.0,0,121.0,0,0,0
10,71,2025.0,125,4,3,1.3,0,0.0,22800.0,0,110.0,0,1,0
18,23,2021.0,197,13,3,2.4,1,53000.0,29200.0,1,170.0,1,1,0
5,110,2025.0,92,22,3,1.2,1,0.0,24400.0,2,132.0,1,0,0
29,0,2020.0,296,4,3,1.6,0,72000.0,18240.0,1,150.0,1,1,0
6,11,2023.0,106,21,3,1.6,0,16000.0,22533.0,0,165.0,0,0,0
11,54,2020.0,141,2,2,2.5,0,32500.0,32000.0,1,143.0,0,0,0
31,32,2025.0,329,13,3,1.3,1,0.0,25520.0,2,155.0,1,0,0
36,97,2025.0,400,18,3,1.0,1,0.0,27920.0,2,110.0,0,0,0
11,34,2019.0,133,18,3,1.5,0,51000.0,17400.0,2,123.0,0,1,0
2,124,2023.0,24,4,3,1.5,1,0.0,38900.0,2,185.0,0,1,0
36,97,2024.0,402,2,3,1.6,1,1111.0,23680.0,1,116.0,0,0,0
5,110,2024.0,95,13,3,1.2,1,0.0,23840.0,2,132.0,1,0,0
11,100,2025.0,144,4,3,1.8,1,1000.0,39920.0,0,85.0,1,0,0
36,96,2023.0,398,13,3,1.4,1,42000.0,32400.0,0,150.0,0,0,0
3,120,2020.0,43,18,3,2.0,1,90000.0,59900.0,0,252.0,1,1,0
36,96,2024.0,398,4,3,1.4,1,1111.0,30960.0,1,150.0,0,0,0
36,63,2025.0,397,13,3,1.0,1,3000.0,34500.0,1,101.0,0,0,0
18,82,2025.0,209,13,3,1.3,1,0.0,31120.0,0,170.0,0,0,0
11,34,2017.0,134,4,3,1.5,0,77047.0,13784.0,0,123.0,0,1,0
31,33,2017.0,332,22,3,1.6,0,88000.0,15600.0,0,110.0,0,1,0
11,54,2012.0,142,21,3,2.5,0,180000.0,14000.0,1,110.0,1,0,0
31,13,2018.0,318,3,3,2.0,1,68387.0,16720.0,0,110.0,0,1,0
21,90,2014.0,228,2,3,1.6,1,150000.0,16000.0,1,132.0,0,0,0
36,96,2025.0,398,2,3,1.4,1,0.0,29600.0,2,150.0,0,0,0
29,0,2016.0,299,4,3,1.6,0,100000.0,12500.0,1,120.0,0,1,0
36,97,2025.0,400,4,3,1.0,1,0.0,30960.0,2,110.0,0,0,0
31,32,2013.0,322,2,3,1.6,0,122000.0,12400.0,0,110.0,0,1,0
5,110,2022.0,92,22,3,1.2,0,37000.0,22320.0,0,132.0,1,0,0
11,34,2018.0,130,4,3,1.5,1,116000.0,16800.0,0,123.0,0,1,0
28,51,2021.0,277,22,3,1.6,0,30083.0,20640.0,2,120.0,0,1,0
18,23,2020.0,199,4,3,2.4,1,55000.0,24000.0,1,170.0,0,1,0
35,25,2024.0,369,18,2,1.8,1,0.0,37760.0,0,170.0,0,0,0
35,95,2021.0,393,13,0,2.8,1,83000.0,48800.0,0,204.0,1,0,0
18,23,2018.0,199,2,3,2.4,1,87028.0,23000.0,0,170.0,0,1,0
18,82,2022.0,208,13,3,1.8,1,49000.0,25600.0,2,170.0,0,0,0
11,34,2023.0,134,4,3,1.5,0,25000.0,21000.0,1,123.0,0,1,0
11,34,2014.0,134,18,3,1.6,0,130000.0,11200.0,0,110.0,0,1,0
8,50,2013.0,115,18,3,2.4,0,164961.0,14000.0,0,170.0,1,0,0
5,110,2023.0,92,2,3,1.2,1,41000.0,22320.0,0,132.0,1,0,0
18,23,2018.0,199,4,3,2.4,1,80000.0,20400.0,0,170.0,0,1,0
36,97,2025.0,400,4,3,1.0,1,0.0,22564.0,2,110.0,0,0,0
29,0,2017.0,293,4,3,1.6,0,83480.0,12800.0,0,120.0,0,1,0
13,27,2000.0,155,4,3,2.0,0,261000.0,9000.0,1,148.0,1,0,0
5,110,2013.0,92,21,3,1.8,0,77000.0,13200.0,1,140.0,0,1,0
11,54,2014.0,142,4,3,1.6,1,132000.0,17000.0,1,180.0,1,0,0
18,42,2016.0,203,13,3,3.6,1,89400.0,32500.0,1,286.0,1,0,0
18,82,2025.0,209,18,3,1.3,1,1000.0,34900.0,1,170.0,0,0,0
29,0,2017.0,296,13,3,1.6,1,61000.0,14400.0,0,150.0,1,1,0
29,0,2017.0,299,4,3,1.6,1,114000.0,13600.0,1,120.0,0,1,0
31,32,2020.0,327,13,3,1.6,1,80000.0,16800.0,1,110.0,0,1,0
18,82,2020.0,210,18,3,1.8,1,33606.0,19200.0,1,170.0,0,1,0
10,4,2018.0,122,13,3,1.4,1,60000.0,18500.0,0,110.0,0,1,0
29,0,2017.0,296,4,3,1.6,1,60000.0,14000.0,2,150.0,1,1,0
5,110,2023.0,95,22,3,1.2,0,3500.0,26400.0,1,132.0,1,0,0
1,73,2016.0,8,18,3,2.0,0,65000.0,46500.0,0,170.0,1,0,0
3,117,2017.0,32,13,3,2.0,1,107000.0,32000.0,0,231.0,1,1,0
6,10,2024.0,103,13,3,1.0,1,0.0,25688.0,0,120.0,0,0,0
28,51,2019.0,275,13,3,1.6,0,75000.0,20719.0,0,120.0,0,0,0
36,97,2024.0,400,18,3,1.0,1,0.0,23992.0,2,110.0,0,0,0
36,96,2025.0,398,4,3,1.4,1,0.0,38072.0,2,150.0,0,0,0
36,107,2009.0,409,18,3,2.0,0,168000.0,11900.0,1,200.0,1,0,0
28,51,2021.0,276,21,3,1.6,1,32000.0,25520.0,0,120.0,1,0,0
3,125,2010.0,60,18,3,3.0,1,105000.0,33800.0,1,306.0,1,0,0
35,25,2023.0,369,4,3,2.0,1,29000.0,29600.0,1,170.0,0,0,0
5,110,2020.0,95,21,3,1.2,1,64000.0,21600.0,2,132.0,1,0,0
18,116,2013.0,217,13,3,3.6,1,88145.0,42500.0,1,284.0,1,1,1
11,100,2022.0,144,4,3,1.5,0,30000.0,31000.0,1,143.0,0,0,0
18,82,2017.0,210,18,3,1.8,1,82000.0,18000.0,1,170.0,0,1,0
36,63,2024.0,397,13,3,1.0,1,0.0,18400.0,2,116.0,0,1,0
18,116,2006.0,217,18,3,4.0,0,225000.0,33500.0,0,284.0,1,1,1
5,110,2015.0,92,13,3,1.8,1,74000.0,11920.0,2,140.0,0,1,0
31,33,2021.0,332,22,3,1.6,0,91021.0,17600.0,2,110.0,0,1,0
35,81,2011.0,382,13,3,2.4,1,220000.0,14900.0,0,257.0,1,0,0
28,129,2004.0,285,18,0,2.8,0,284000.0,15120.0,1,123.0,1,1,0
18,42,2000.0,203,2,0,3.1,0,160000.0,8000.0,1,286.0,1,1,0
5,110,2015.0,92,18,3,1.8,1,130000.0,13600.0,0,140.0,1,0,0
6,10,2025.0,103,13,3,1.6,1,0.0,21600.0,0,120.0,0,1,0
36,96,2024.0,398,18,3,1.4,1,9000.0,30000.0,1,150.0,0,0,0
18,82,2024.0,208,18,3,1.3,1,0.0,29200.0,2,175.0,0,0,0
8,50,2012.0,115,21,3,2.4,0,195000.0,14500.0,0,170.0,1,0,0
5,110,2023.0,95,13,3,1.2,0,7500.0,20000.0,1,132.0,1,0,0
35,25,2022.0,369,18,3,2.0,1,88888.0,30320.0,0,170.0,0,0,0
6,10,2025.0,103,4,3,1.0,1,0.0,24960.0,2,120.0,0,0,0
14,26,2023.0,165,13,3,1.6,1,35000.0,25000.0,1,115.0,0,0,0
18,23,2024.0,199,18,3,1.3,1,0.0,31835.0,2,170.0,0,0,0
3,117,2012.0,29,13,0,2.0,1,150000.0,21000.0,1,177.0,1,1,0
36,108,2021.0,414,4,3,1.4,0,93000.0,33000.0,1,150.0,0,0,0
11,34,2008.0,132,13,3,1.6,0,193000.0,10500.0,1,110.0,0,1,0
34,84,1994.0,359,13,3,1.3,0,120000.0,11800.0,1,110.0,0,1,0
18,82,2022.0,210,13,3,1.8,1,10153.0,28500.0,1,170.0,0,0,0
11,34,2022.0,134,13,3,1.5,0,17000.0,23500.0,0,123.0,0,1,0
2,121,2023.0,21,22,3,1.5,1,0.0,27500.0,2,148.0,1,0,0
2,124,2024.0,23,4,3,1.5,1,1111.0,30880.0,0,185.0,0,0,0
29,0,2025.0,297,4,3,1.0,1,0.0,27976.0,2,120.0,0,0,0
36,96,2023.0,398,13,3,1.4,1,53914.0,31600.0,1,150.0,0,0,0
35,81,2013.0,382,4,3,2.0,1,160000.0,20000.0,0,200.0,0,0,0
10,71,2025.0,125,4,3,1.3,1,0.0,21621.0,0,110.0,0,0,0
18,23,2025.0,200,13,3,1.3,1,0.0,38240.0,0,272.0,0,0,0
2,121,2023.0,21,22,3,1.5,1,0.0,27500.0,2,148.0,1,0,0
5,111,2025.0,99,13,0,2.8,1,0.0,47200.0,2,200.0,1,0,0
6,11,2019.0,106,18,3,1.6,0,78000.0,17500.0,0,165.0,0,0,0
5,110,2025.0,95,13,3,1.2,0,0.0,21200.0,2,132.0,1,0,0
18,69,2012.0,207,18,3,2.4,0,175000.0,10500.0,1,170.0,1,0,0
5,110,2023.0,95,22,3,1.2,0,44430.0,25200.0,0,132.0,1,0,0
18,82,2025.0,208,13,3,1.3,1,0.0,30320.0,0,170.0,0,0,0
18,23,2020.0,199,21,3,2.4,1,48700.0,23992.0,2,170.0,0,0,0
32,5,2013.0,344,4,3,2.3,1,139000.0,11000.0,1,150.0,0,1,0
28,59,2018.0,280,18,3,3.5,1,85000.0,18500.0,1,260.0,1,0,0
11,100,2025.0,144,13,3,1.8,1,0.0,39200.0,0,85.0,1,0,0
13,27,2017.0,154,18,3,2.4,1,91000.0,27500.0,1,175.0,0,0,0
36,63,2023.0,397,4,3,1.0,1,35000.0,22960.0,1,101.0,0,0,0
5,110,2023.0,92,13,3,1.2,1,22000.0,23040.0,0,132.0,1,0,0
18,82,2021.0,208,4,3,1.8,1,90000.0,24960.0,0,170.0,0,0,0
28,51,2025.0,277,13,3,1.6,1,0.0,26400.0,0,120.0,0,1,0
4,101,2015.0,65,18,3,1.6,1,118400.0,10904.0,0,125.0,0,1,0
29,0,2017.0,299,4,3,1.6,1,106844.0,12797.0,2,120.0,0,1,0
36,107,2012.0,406,18,0,2.0,0,148000.0,19200.0,0,140.0,1,0,0
3,117,2012.0,29,21,3,3.0,1,130000.0,17600.0,1,265.0,1,1,0
36,96,2022.0,398,4,3,1.4,1,45000.0,30000.0,1,150.0,0,0,0
8,50,2012.0,115,4,3,2.4,0,126000.0,12400.0,1,170.0,1,0,0
36,97,2020.0,400,18,3,1.6,1,66000.0,21200.0,1,110.0,0,0,0
35,46,2020.0,375,13,0,2.8,1,60000.0,45000.0,1,177.0,1,0,0
18,82,2020.0,210,13,3,1.8,1,83000.0,21000.0,1,170.0,0,0,0
3,117,2018.0,34,13,3,2.0,1,87028.0,39040.0,1,192.0,1,1,0
10,71,2025.0,125,13,3,1.3,0,0.0,20119.0,2,110.0,0,1,0
21,89,2012.0,226,4,3,2.4,1,124000.0,18000.0,1,185.0,1,0,0
18,82,2025.0,212,4,3,1.3,1,0.0,34320.0,2,170.0,1,0,0
6,10,2025.0,103,13,3,1.6,1,2300.0,23991.0,2,120.0,0,1,0
3,117,2017.0,34,18,3,2.0,1,51000.0,34000.0,1,192.0,1,1,0
11,34,2012.0,132,21,3,1.6,0,150000.0,9600.0,0,110.0,0,1,0
18,82,2025.0,210,4,3,1.8,1,0.0,23992.0,2,170.0,0,0,0
36,97,2024.0,400,13,3,1.0,1,0.0,22400.0,2,110.0,0,1,0
11,100,2021.0,144,4,3,1.5,0,38000.0,31900.0,0,85.0,1,0,0
31,32,2014.0,322,4,3,1.6,0,172000.0,10800.0,0,110.0,0,1,0
11,34,2020.0,136,13,3,1.5,1,90000.0,18400.0,0,123.0,0,1,0
18,22,2022.0,195,13,3,2.0,0,70000.0,36792.0,0,272.0,1,0,0
11,54,2010.0,142,18,3,2.5,0,194000.0,12000.0,0,123.0,1,0,0
13,47,2017.0,157,18,3,1.8,1,95000.0,19700.0,0,154.0,0,0,0
11,34,2018.0,133,22,3,1.5,0,64000.0,18320.0,0,123.0,0,1,0
11,54,2013.0,141,2,3,1.6,0,188000.0,15000.0,1,150.0,0,1,0
18,23,2024.0,200,18,3,1.3,1,0.0,36400.0,2,170.0,0,0,0
13,27,2010.0,152,13,3,2.4,0,240000.0,14200.0,1,185.0,1,0,0
11,37,1994.0,138,13,3,4.0,0,850000.0,5995.0,1,110.0,1,0,0
31,32,2012.0,324,13,3,1.6,0,164000.0,8559.0,0,110.0,0,1,0
29,0,2025.0,292,13,3,1.0,1,0.0,27920.0,0,120.0,0,1,0
36,96,2024.0,398,4,3,1.4,1,1111.0,35360.0,1,150.0,0,0,0
10,71,2025.0,124,2,3,1.0,1,0.0,22880.0,2,110.0,0,0,0
25,18,2020.0,258,4,3,2.0,0,64000.0,64500.0,2,367.0,1,0,0
4,103,2017.0,71,4,3,1.6,1,85500.0,13600.0,1,127.0,1,1,0
18,82,2017.0,210,4,3,1.8,1,85000.0,18500.0,0,170.0,0,0,0
11,54,2013.0,142,13,3,2.5,1,200100.0,12800.0,1,110.0,1,0,0
35,25,2022.0,371,21,3,2.0,0,85000.0,28240.0,0,170.0,0,0,0
36,107,2011.0,409,2,3,2.0,0,215000.0,18900.0,1,200.0,1,1,0
31,32,2012.0,324,4,3,1.6,0,110000.0,10320.0,0,110.0,0,1,0
18,23,2024.0,200,18,3,1.3,1,2000.0,35759.0,2,170.0,0,0,0
31,32,2017.0,327,21,3,1.6,1,98000.0,10000.0,1,110.0,0,1,0
13,47,2015.0,158,13,3,1.8,1,133000.0,19000.0,1,185.0,0,1,0
31,32,2018.0,327,22,3,2.0,1,99000.0,15912.0,0,143.0,0,1,0
29,0,2024.0,297,18,3,1.0,1,5600.0,31000.0,1,120.0,0,0,0
11,34,2014.0,134,21,0,1.5,0,150000.0,11040.0,0,90.0,0,1,0
31,13,2017.0,320,4,3,2.0,0,88000.0,14320.0,0,110.0,0,1,0
14,113,2018.0,182,13,3,2.0,1,125000.0,23200.0,1,154.0,0,0,0
14,113,2013.0,178,13,3,2.0,0,127000.0,16800.0,0,154.0,0,0,0
5,110,2016.0,92,4,3,1.8,1,112000.0,13500.0,1,140.0,0,1,0
28,51,2024.0,277,13,3,1.6,1,0.0,23200.0,1,120.0,0,1,0
6,11,2018.0,110,18,3,1.2,1,113000.0,12000.0,1,165.0,0,0,0
14,113,2024.0,176,2,3,2.0,1,0.0,48000.0,2,154.0,0,0,0
3,125,2025.0,60,18,3,3.0,0,0.0,189900.0,0,306.0,1,0,0
18,82,2025.0,208,13,3,1.3,1,0.0,29120.0,0,170.0,0,0,0
36,97,2019.0,402,4,3,1.6,0,77000.0,19600.0,0,116.0,0,0,0
6,11,2019.0,108,19,2,1.6,0,44118.0,16568.0,2,165.0,0,1,0
14,113,2009.0,178,5,0,2.0,0,220000.0,8800.0,1,154.0,0,0,0
31,33,2020.0,333,18,3,1.6,0,80303.0,17900.0,2,110.0,0,1,0
28,130,2008.0,287,13,3,2.5,0,179000.0,12400.0,1,110.0,1,1,0
31,32,2020.0,327,4,3,1.6,1,49000.0,15920.0,0,110.0,0,1,0
18,82,2019.0,210,13,3,1.8,0,84000.0,19000.0,1,170.0,0,1,0
28,51,2022.0,276,4,3,1.6,1,20000.0,29000.0,0,120.0,1,0,0
18,23,2019.0,198,4,3,2.4,1,67000.0,27920.0,0,170.0,1,0,0
11,100,2022.0,144,2,3,1.5,0,42000.0,37000.0,0,143.0,0,0,0
28,51,2018.0,276,13,3,1.6,1,55300.0,21360.0,2,120.0,1,0,0
14,86,2013.0,171,13,3,2.4,1,99870.0,24500.0,1,110.0,1,0,0
22,36,2012.0,239,13,3,2.0,0,160000.0,23500.0,1,240.0,0,0,0
14,113,2019.0,183,4,3,1.6,0,55000.0,31960.0,0,154.0,0,0,0
25,20,2011.0,263,5,3,3.0,0,98000.0,19000.0,1,231.0,1,0,0
35,46,2021.0,375,21,0,2.8,1,95000.0,42800.0,1,177.0,1,1,0
31,32,2018.0,327,22,3,2.0,1,78000.0,16720.0,0,143.0,0,1,0
5,110,2019.0,92,4,3,1.8,0,77000.0,15440.0,0,140.0,0,1,0
5,6,2005.0,80,13,0,2.8,0,220000.0,10072.0,1,160.0,1,1,0
29,0,2025.0,297,13,3,1.0,1,0.0,24000.0,2,120.0,0,0,0
35,25,2025.0,369,2,2,1.8,1,0.0,38320.0,0,170.0,0,0,0
15,112,2001.0,187,22,0,3.1,0,220000.0,11980.0,0,110.0,0,1,0
29,0,2016.0,293,15,3,1.6,0,124000.0,13000.0,1,120.0,0,1,0
11,100,2025.0,144,21,3,1.8,1,0.0,37280.0,0,85.0,1,0,0
11,34,2010.0,137,13,3,2.0,0,248000.0,8900.0,1,143.0,0,0,0
18,82,2025.0,210,18,3,1.8,1,0.0,24312.0,0,170.0,0,0,0
11,34,2017.0,134,4,3,1.6,0,110072.0,14320.0,0,110.0,0,1,0
18,23,2011.0,200,18,3,2.4,0,160000.0,11500.0,0,170.0,0,0,0
13,47,2021.0,157,13,3,1.8,1,52000.0,27120.0,0,185.0,0,0,0
36,96,2025.0,398,21,3,1.4,1,0.0,38320.0,2,150.0,0,0,0
31,32,2014.0,330,21,3,2.0,0,131000.0,12400.0,0,138.0,1,1,0
4,103,2017.0,70,21,3,1.6,1,92000.0,14392.0,0,110.0,0,1,0
35,46,2020.0,375,13,0,2.8,1,105000.0,46000.0,0,177.0,1,0,0
35,46,2018.0,375,13,0,2.8,1,140000.0,45000.0,1,177.0,1,0,0
29,0,2020.0,293,4,3,1.6,0,60000.0,16900.0,0,120.0,0,1,0
10,71,2022.0,126,8,3,1.0,1,35000.0,22200.0,1,110.0,0,0,0
36,96,2025.0,398,21,3,1.4,1,0.0,37200.0,2,150.0,0,0,0
36,107,2019.0,411,4,3,1.4,0,82000.0,27840.0,0,150.0,1,0,0
11,34,2013.0,136,4,3,1.6,0,116000.0,11499.0,0,110.0,0,1,0
10,71,2025.0,125,4,3,1.3,0,0.0,9600.0,2,110.0,0,1,0
28,51,2018.0,275,21,3,1.6,1,70000.0,17440.0,0,120.0,0,0,0
1,78,2025.0,17,13,3,3.0,1,0.0,175800.0,2,340.0,1,0,0
18,22,2025.0,195,21,0,2.0,1,0.0,57920.0,0,272.0,1,0,0
18,116,2008.0,217,13,3,3.8,0,193000.0,40000.0,1,199.0,1,0,1
18,23,2018.0,198,21,3,2.4,1,63380.0,22800.0,0,170.0,1,1,0
29,0,2020.0,293,4,3,1.6,0,94950.0,16000.0,2,120.0,0,1,0
36,96,2023.0,398,2,3,1.4,1,0.0,34880.0,2,150.0,0,0,0
6,12,2021.0,111,13,3,1.6,1,83000.0,26880.0,0,110.0,0,0,0
29,0,2025.0,297,4,3,1.0,1,0.0,25320.0,2,120.0,0,0,0
5,110,2017.0,92,4,3,1.8,1,67400.0,15120.0,0,140.0,1,1,0
28,51,2025.0,275,4,3,1.6,0,0.0,28000.0,0,120.0,0,0,0
31,13,2019.0,318,22,3,1.6,1,40000.0,5300.0,0,110.0,0,0,0
31,32,2011.0,327,18,3,1.6,0,160000.0,7840.0,1,110.0,0,1,0
18,82,2022.0,208,18,3,1.8,1,29000.0,26700.0,1,170.0,0,0,0
28,51,2025.0,275,13,3,1.6,0,0.0,28000.0,0,120.0,0,0,0
13,47,2019.0,157,22,3,1.8,1,82300.0,22000.0,0,154.0,0,0,0
29,0,2025.0,297,18,3,1.0,1,0.0,24904.0,2,120.0,0,0,0
4,103,2017.0,70,15,3,1.6,1,72000.0,14000.0,1,110.0,0,1,0
11,34,2020.0,130,22,3,1.5,1,78000.0,20000.0,0,123.0,0,1,0
36,96,2024.0,398,13,3,1.4,1,748.0,34400.0,1,150.0,0,0,0
31,13,2019.0,320,13,3,2.0,1,83000.0,16000.0,0,110.0,0,1,0
29,0,2025.0,292,2,3,1.0,1,0.0,26320.0,0,120.0,0,1,0
18,22,2022.0,195,4,0,2.0,1,52100.0,42880.0,2,272.0,1,0,0
10,71,2024.0,125,13,3,1.3,1,0.0,27040.0,2,110.0,0,0,0
5,110,2017.0,92,4,3,1.8,1,99000.0,16500.0,0,140.0,1,0,0
6,11,2022.0,106,18,3,1.6,0,54000.0,18999.0,0,165.0,0,1,0
28,130,2008.0,289,13,3,2.5,0,188000.0,12000.0,1,110.0,1,0,0
31,32,2012.0,328,13,3,2.0,0,112500.0,11200.0,1,138.0,0,1,0
5,110,2016.0,92,18,3,1.8,1,103000.0,13520.0,1,140.0,1,0,0
36,96,2025.0,398,4,3,1.4,1,0.0,29600.0,2,150.0,0,0,0
14,53,2019.0,169,13,3,1.6,1,79000.0,28800.0,2,110.0,1,0,0
29,0,2025.0,292,18,3,1.0,1,0.0,25600.0,0,120.0,0,1,0
6,10,2024.0,103,13,3,1.0,1,0.0,26320.0,0,120.0,0,0,0
13,70,2020.0,160,13,3,1.8,0,46000.0,58000.0,0,154.0,0,0,0
5,35,2024.0,83,4,3,1.5,1,0.0,43600.0,0,105.0,1,0,0
35,46,2025.0,376,18,0,2.8,0,0.0,67600.0,0,177.0,1,0,0
25,18,2019.0,258,13,3,2.0,1,50000.0,53000.0,0,390.0,1,0,0
29,0,2025.0,297,13,3,1.0,1,0.0,30480.0,2,120.0,0,0,0
11,34,2020.0,136,13,3,1.5,1,110000.0,18240.0,1,123.0,0,1,0
5,110,2024.0,91,2,3,1.2,0,0.0,22000.0,1,132.0,1,0,0
29,0,2025.0,297,4,3,1.0,1,0.0,24240.0,0,120.0,0,0,0
28,51,2021.0,276,4,3,1.6,1,78000.0,26000.0,1,120.0,1,0,0
29,0,2017.0,296,21,3,1.6,1,76000.0,15200.0,1,150.0,1,1,0
11,54,2016.0,142,13,3,2.0,1,74000.0,23000.0,1,143.0,1,0,0
5,110,2025.0,94,22,3,1.2,1,0.0,26000.0,2,132.0,1,0,0
36,96,2025.0,398,21,3,1.4,1,0.0,35280.0,0,150.0,0,0,0
5,110,2014.0,92,4,3,1.8,0,142000.0,11200.0,0,140.0,1,0,0
36,97,2025.0,400,4,3,1.0,1,0.0,24214.0,2,110.0,0,1,0
36,97,2021.0,400,13,3,1.6,0,69900.0,21700.0,0,110.0,0,0,0
36,96,2023.0,398,18,3,1.4,1,22000.0,25440.0,2,150.0,0,0,0
18,23,2025.0,200,13,3,1.3,1,0.0,31992.0,0,272.0,0,0,0
36,97,2024.0,400,13,3,1.0,1,0.0,23040.0,2,110.0,0,1,0
36,96,2025.0,398,4,3,1.4,1,0.0,26880.0,2,150.0,0,0,0
28,51,2025.0,276,4,3,1.6,1,0.0,29760.0,2,120.0,1,0,0
18,82,2025.0,212,13,3,1.3,1,0.0,36400.0,2,170.0,1,0,0
28,51,2021.0,277,13,3,1.6,0,96000.0,20800.0,0,120.0,0,1,0
36,97,2020.0,400,4,3,1.6,1,46500.0,21600.0,0,110.0,0,0,0
5,110,2025.0,92,22,3,1.2,1,0.0,24400.0,2,132.0,1,0,0
36,108,2025.0,414,13,3,2.0,1,0.0,45599.0,2,150.0,1,0,0
4,103,2018.0,70,13,3,1.6,1,98000.0,14600.0,1,110.0,0,1,0
5,91,2014.0,89,13,3,1.8,0,157000.0,11200.0,1,105.0,0,1,0
5,110,2025.0,92,13,3,1.2,1,0.0,28000.0,2,132.0,1,0,0
11,34,2018.0,136,22,3,1.5,1,53721.0,17600.0,0,123.0,0,1,0
29,0,2017.0,299,4,3,1.6,1,107000.0,13120.0,0,120.0,0,1,0
35,25,2024.0,369,13,3,2.0,1,0.0,40900.0,0,170.0,0,0,0
3,122,2025.0,53,18,3,3.0,1,0.0,106900.0,0,306.0,1,0,0
6,10,2025.0,103,13,3,1.0,1,0.0,26400.0,0,120.0,0,0,0
13,47,2020.0,157,22,3,1.8,1,70796.0,24976.0,1,154.0,0,0,0
36,96,2023.0,398,13,3,1.4,1,24000.0,30400.0,0,150.0,0,0,0
18,82,2025.0,210,4,3,1.8,1,0.0,24800.0,0,170.0,0,0,0
31,32,2018.0,327,13,3,1.6,1,58000.0,14000.0,2,110.0,0,1,0
11,34,2022.0,134,13,3,1.5,0,40000.0,20800.0,0,123.0,0,1,0
36,108,2018.0,414,4,3,1.4,0,130020.0,23200.0,2,150.0,1,0,0
29,0,2018.0,293,13,3,1.6,0,62200.0,14000.0,0,120.0,0,1,0
28,51,2025.0,275,4,3,1.6,0,0.0,28000.0,0,120.0,0,0,0
6,10,2024.0,103,4,3,1.0,1,0.0,23920.0,2,120.0,0,0,0
13,70,2009.0,159,13,3,3.5,0,182427.0,17900.0,0,257.0,0,0,0
28,51,2018.0,276,13,3,1.6,1,89000.0,20000.0,1,120.0,1,0,0
11,34,2017.0,134,13,3,1.6,0,134000.0,15500.0,0,110.0,0,1,0
3,125,2017.0,60,13,3,3.0,0,80000.0,71000.0,1,306.0,1,0,0
11,34,2008.0,132,18,3,2.0,0,193000.0,7600.0,1,143.0,0,1,0
35,46,2017.0,375,4,0,2.8,1,160000.0,39500.0,1,177.0,1,0,0
11,100,2023.0,144,13,3,1.8,1,33000.0,37500.0,1,85.0,1,0,0
30,14,2013.0,306,18,0,3.0,0,87000.0,64500.0,0,245.0,0,0,0
1,75,2011.0,13,18,3,2.0,0,160000.0,27000.0,1,211.0,1,0,0
29,0,2016.0,296,4,3,1.6,0,104403.0,14392.0,0,150.0,1,1,0
11,34,2020.0,134,22,3,1.5,0,64000.0,18800.0,0,123.0,0,1,0
36,96,2025.0,398,4,3,1.4,1,0.0,35760.0,2,150.0,0,0,0
31,32,2013.0,322,13,3,1.6,0,220000.0,11500.0,1,110.0,0,1,0
25,17,2018.0,256,4,3,2.0,1,66000.0,72000.0,0,381.0,1,1,0
18,23,2024.0,200,18,3,1.3,1,0.0,36700.0,2,170.0,0,0,0
11,100,2025.0,144,4,3,1.8,1,0.0,36800.0,2,85.0,1,0,0
11,100,2025.0,144,18,3,1.8,1,0.0,37320.0,2,85.0,1,0,0
14,113,2025.0,183,4,3,1.6,1,0.0,57999.0,0,154.0,0,0,0
29,0,2025.0,293,13,3,1.0,1,0.0,28600.0,2,120.0,0,0,0
36,63,2025.0,397,4,3,1.0,1,0.0,28720.0,0,101.0,0,0,0
11,34,2018.0,130,4,3,1.5,1,95000.0,19500.0,0,123.0,0,1,0
29,0,2025.0,293,4,3,1.0,1,0.0,28320.0,2,120.0,0,0,0
36,107,2014.0,409,18,3,2.0,0,115000.0,19200.0,0,200.0,1,0,0
11,34,2018.0,136,2,3,2.0,1,76000.0,21200.0,0,170.0,0,1,0
29,0,2025.0,297,18,3,1.0,1,1000.0,34800.0,0,120.0,0,0,0
29,0,2018.0,299,4,3,1.6,1,56000.0,15840.0,0,120.0,0,1,0
10,71,2022.0,125,2,3,1.3,1,45000.0,20480.0,0,110.0,0,0,0
11,34,2012.0,132,2,3,1.6,0,164000.0,10800.0,0,110.0,0,1,0
31,13,2019.0,318,4,3,1.6,1,71000.0,17520.0,1,110.0,0,0,0
14,113,2010.0,178,13,0,2.0,0,224660.0,11000.0,0,154.0,0,0,0
3,125,2016.0,60,13,3,3.0,1,150000.0,70000.0,0,306.0,1,0,0
31,32,2025.0,329,21,3,1.3,1,2400.0,23592.0,2,155.0,1,0,0
13,47,2017.0,157,13,3,1.8,1,150000.0,7400.0,0,154.0,0,0,0
11,34,2009.0,132,13,3,1.6,1,255000.0,7120.0,1,110.0,0,1,0
1,74,2024.0,9,21,3,1.4,1,0.0,57000.0,2,150.0,1,0,0
28,51,2020.0,278,4,3,1.6,1,63857.0,22360.0,1,120.0,0,0,0
3,125,2014.0,60,4,3,3.0,0,112000.0,45000.0,1,306.0,1,0,0
4,103,2018.0,71,13,3,1.6,0,85000.0,16096.0,0,127.0,1,0,0
18,82,2021.0,208,4,3,1.8,1,18000.0,24990.0,2,170.0,0,0,0
31,13,2017.0,318,15,3,2.0,0,92000.0,15840.0,0,110.0,0,1,0
28,51,2024.0,276,13,3,1.6,1,8000.0,29600.0,0,120.0,1,0,0
21,92,2008.0,231,18,3,2.0,0,210000.0,8800.0,0,154.0,0,1,0
3,117,2012.0,29,13,0,2.0,0,233000.0,13000.0,1,177.0,1,1,0
1,74,2024.0,9,21,3,1.4,1,0.0,62800.0,2,150.0,1,0,0
31,32,2012.0,327,13,3,1.6,0,104000.0,10960.0,0,110.0,0,1,0
28,51,2025.0,275,13,3,1.6,0,0.0,24360.0,2,120.0,0,0,0
6,10,2024.0,103,4,3,1.0,1,0.0,23040.0,2,120.0,0,0,0
14,113,2017.0,174,4,3,2.0,1,114000.0,22500.0,0,154.0,0,1,0
14,113,2016.0,178,2,3,2.0,1,109000.0,19120.0,1,154.0,0,0,0
18,23,2025.0,200,4,3,1.3,1,0.0,36400.0,0,272.0,0,0,0
5,110,2016.0,92,18,3,1.8,1,72000.0,17500.0,0,140.0,1,0,0
31,52,2010.0,337,18,3,2.5,0,240000.0,8640.0,1,110.0,0,1,0
31,32,2013.0,326,4,3,2.0,0,109000.0,10800.0,0,138.0,0,1,0
18,23,2018.0,199,4,3,2.4,1,85000.0,10000.0,0,170.0,0,1,0
34,44,2009.0,351,18,3,2.0,0,182427.0,11600.0,0,110.0,1,1,0
28,129,2006.0,285,21,0,2.8,0,270000.0,14800.0,0,123.0,1,1,0
29,0,2017.0,299,15,3,1.6,1,113000.0,12000.0,1,120.0,0,1,0
36,107,2014.0,409,18,3,2.0,0,110000.0,18500.0,0,200.0,1,0,0
35,46,2011.0,374,18,0,3.0,0,160000.0,25920.0,0,171.0,1,1,0
11,34,2014.0,136,4,3,1.6,0,112000.0,12240.0,1,110.0,0,1,0
11,34,2018.0,133,4,3,1.5,0,85000.0,16800.0,0,123.0,0,1,0
5,110,2024.0,92,4,3,1.2,0,0.0,23880.0,2,132.0,1,0,0
25,19,2018.0,262,8,3,3.0,1,90200.0,74500.0,1,333.0,1,0,0
4,103,2017.0,71,13,3,1.6,1,54000.0,14400.0,0,127.0,1,1,0
1,75,2016.0,13,13,3,2.0,0,142000.0,28000.0,1,225.0,1,0,0
11,54,2017.0,141,13,3,2.0,0,98000.0,18400.0,1,143.0,1,0,0
10,71,2022.0,126,2,3,1.0,1,14200.0,22000.0,0,110.0,0,0,0
5,110,2023.0,92,13,3,1.2,1,45979.0,25544.0,0,132.0,1,0,0
1,75,2021.0,13,13,3,2.0,0,68000.0,66900.0,0,252.0,1,0,0
3,117,2013.0,29,4,3,2.0,0,130000.0,20000.0,0,184.0,1,1,0
36,97,2020.0,403,13,3,1.6,1,74168.0,22877.0,2,110.0,0,1,0
31,32,2016.0,327,18,3,1.6,1,101000.0,13760.0,1,110.0,0,1,0
28,51,2021.0,276,21,3,1.6,1,52000.0,26000.0,0,120.0,1,0,0
18,116,2011.0,217,4,3,3.8,0,176000.0,33000.0,0,199.0,1,0,0
11,34,2017.0,136,4,3,2.0,1,70000.0,16800.0,0,143.0,0,1,0
31,32,2011.0,327,21,3,1.6,0,139000.0,10000.0,1,110.0,0,1,0
36,63,2024.0,397,2,3,1.0,1,0.0,21600.0,0,116.0,0,1,0
36,107,2013.0,409,13,3,2.0,0,90000.0,18500.0,0,200.0,1,1,0
35,25,2025.0,370,13,3,2.0,1,0.0,34320.0,0,170.0,0,0,0
31,13,2017.0,320,18,3,2.0,0,90000.0,15920.0,0,110.0,0,1,0
35,46,2018.0,375,13,0,2.8,1,87028.0,39900.0,1,177.0,1,0,0
11,100,2025.0,144,4,3,1.8,1,0.0,37240.0,2,85.0,1,0,0
36,96,2024.0,398,4,3,1.4,1,3000.0,37520.0,0,150.0,0,0,0
5,110,2015.0,92,13,3,1.8,1,113000.0,12720.0,0,140.0,0,1,0
35,25,2025.0,369,2,3,2.0,1,0.0,37390.0,2,170.0,0,0,0
35,46,2018.0,375,4,0,2.8,1,87028.0,36000.0,0,177.0,1,0,0
35,25,2025.0,369,4,3,2.0,1,0.0,37390.0,2,170.0,0,0,0
1,74,2021.0,9,13,3,1.4,0,54000.0,50000.0,1,150.0,1,0,0
29,0,2016.0,296,15,3,1.6,0,94000.0,12800.0,1,150.0,1,1,0
18,23,2024.0,200,4,3,1.3,1,0.0,37076.0,2,170.0,0,0,0
29,0,2016.0,299,13,3,1.6,0,135000.0,14240.0,0,120.0,0,1,0
5,110,2014.0,92,21,3,1.8,0,115000.0,12280.0,0,140.0,0,1,0
5,110,2024.0,91,13,3,1.2,1,0.0,22560.0,0,132.0,1,0,0
6,11,2020.0,110,13,3,1.6,1,70000.0,18000.0,1,165.0,0,0,0
18,15,2012.0,193,18,3,3.7,0,140000.0,16000.0,1,205.0,0,0,0
5,110,2023.0,95,2,2,1.2,0,14607.0,22048.0,2,132.0,1,0,0
5,110,2017.0,92,18,3,1.8,0,128000.0,14800.0,1,140.0,1,1,0
31,32,2017.0,327,22,3,1.6,1,144000.0,12000.0,1,110.0,0,1,0
29,0,2018.0,299,29,3,1.6,1,49000.0,16000.0,0,120.0,0,1,0
36,96,2025.0,398,4,3,1.4,1,0.0,29440.0,2,150.0,0,0,0
35,25,2024.0,370,13,3,2.0,1,3000.0,37000.0,1,170.0,0,0,0
28,51,2023.0,275,22,3,1.6,1,37000.0,27040.0,1,120.0,0,0,0
11,34,2006.0,132,22,3,1.6,0,322000.0,5500.0,1,110.0,0,1,0
27,66,2025.0,274,2,3,2.5,1,0.0,54500.0,2,184.0,1,0,0
36,107,2011.0,409,2,3,2.0,0,162000.0,22000.0,1,200.0,1,0,0
6,10,2025.0,103,13,3,1.0,1,0.0,25688.0,2,120.0,0,0,0
0,94,2025.0,3,13,3,2.0,1,0.0,86000.0,0,280.0,0,0,0
8,50,2013.0,115,18,3,2.4,0,210000.0,13520.0,0,170.0,1,0,0
36,96,2023.0,398,13,3,1.4,1,25500.0,33520.0,0,150.0,0,0,0
11,34,2017.0,134,4,3,1.5,0,79600.0,17080.0,2,123.0,0,1,0
4,105,2018.0,75,13,3,2.0,1,72000.0,16000.0,0,127.0,1,0,0
35,81,2010.0,382,18,3,2.4,0,151000.0,14400.0,0,257.0,0,0,0
25,21,2010.0,265,4,3,3.5,0,160000.0,21000.0,1,110.0,1,0,0
35,46,2020.0,375,21,0,2.8,1,79000.0,46000.0,1,177.0,1,0,0
28,51,2025.0,276,4,3,1.6,1,0.0,29600.0,0,120.0,1,0,0
28,51,2021.0,276,4,3,1.6,1,66000.0,22500.0,1,120.0,1,0,0
31,52,2021.0,335,4,3,2.5,1,42000.0,33000.0,1,257.0,1,0,0
31,32,2025.0,325,15,3,1.6,1,505.0,24960.0,1,115.0,1,1,0
31,13,2017.0,318,15,3,2.0,1,70036.0,16000.0,0,110.0,0,1,0
35,81,2008.0,382,13,3,2.4,0,223000.0,14500.0,1,257.0,1,0,0
22,80,2016.0,247,13,3,5.0,0,58000.0,124900.0,0,110.0,0,0,0
29,0,2018.0,296,15,3,1.6,1,94000.0,15840.0,0,150.0,1,1,0
14,113,2018.0,180,4,0,2.0,1,110000.0,27600.0,0,154.0,0,0,0
36,97,2025.0,400,2,3,1.0,1,0.0,23061.0,2,110.0,0,1,0
14,113,2012.0,178,13,3,2.0,0,110000.0,18000.0,1,154.0,1,0,0
31,32,2024.0,329,13,3,1.3,1,7000.0,26800.0,0,155.0,1,0,0
31,32,2018.0,327,22,3,2.0,1,78000.0,16720.0,0,143.0,0,1,0
28,51,2025.0,275,13,3,1.6,1,0.0,29600.0,2,120.0,0,0,0
6,11,2020.0,110,13,3,1.6,1,51000.0,16400.0,2,165.0,0,0,0
5,110,2024.0,92,4,3,1.2,0,0.0,23760.0,2,132.0,1,0,0
6,11,2017.0,110,4,3,1.2,1,50000.0,14100.0,1,165.0,0,0,0
5,35,2022.0,84,18,3,1.5,0,7500.0,32000.0,0,132.0,0,0,0
31,32,2014.0,329,26,3,1.6,0,160000.0,11520.0,1,110.0,0,1,0
34,115,2019.0,360,13,3,1.6,0,79000.0,19000.0,1,120.0,1,0,0
11,34,2005.0,132,5,3,1.6,0,126000.0,4160.0,1,110.0,0,1,0
36,63,2025.0,397,13,3,1.0,1,0.0,24440.0,0,101.0,0,0,0
13,47,2018.0,158,4,3,1.8,1,87028.0,17999.0,0,185.0,0,0,0
36,96,2025.0,398,4,3,1.4,1,0.0,36640.0,2,150.0,0,0,0
11,34,2014.0,134,13,0,1.5,0,83000.0,12240.0,1,90.0,0,1,0
31,32,2013.0,326,13,3,2.0,0,143900.0,11120.0,0,138.0,0,1,0
31,52,2025.0,335,22,3,2.5,1,1000.0,39920.0,0,257.0,1,0,0
11,8,2023.0,129,13,3,2.0,1,47000.0,41600.0,1,110.0,1,0,0
15,112,1999.0,187,4,0,3.1,0,294000.0,10000.0,1,110.0,0,1,0
5,110,2024.0,92,4,3,1.2,0,0.0,23920.0,2,132.0,1,0,0
18,82,2025.0,210,13,3,1.8,1,0.0,24720.0,0,170.0,0,0,0
36,96,2025.0,398,13,3,1.4,1,0.0,29680.0,2,150.0,0,0,0
4,101,2016.0,65,4,3,1.6,0,147000.0,11120.0,1,125.0,0,1,0
31,33,2017.0,333,4,3,1.6,1,121000.0,17200.0,0,110.0,0,1,0
29,1,2022.0,303,13,3,1.6,0,33000.0,36000.0,0,300.0,1,0,0
18,23,2018.0,198,18,3,2.4,1,82000.0,26320.0,1,170.0,1,1,0
4,101,2010.0,65,18,3,2.0,0,110000.0,8000.0,0,127.0,0,1,0
28,51,2020.0,276,4,3,1.6,0,80000.0,22400.0,0,120.0,1,0,0
29,0,2021.0,296,13,3,1.6,1,53000.0,18800.0,0,150.0,1,1,0
3,125,2018.0,62,4,3,4.4,0,87028.0,160000.0,2,449.0,1,0,0
11,34,2022.0,136,2,3,1.5,1,37301.0,21360.0,0,123.0,0,0,0
18,23,2020.0,198,4,3,2.4,1,100000.0,26000.0,0,170.0,1,1,0
1,75,2013.0,13,13,3,2.0,0,160000.0,16920.0,0,180.0,1,1,0
5,110,2014.0,92,4,3,1.8,0,99000.0,13500.0,0,140.0,1,0,0
6,10,2025.0,103,13,3,1.6,1,0.0,22064.0,0,120.0,0,1,0
10,71,2025.0,125,4,3,1.3,0,0.0,9600.0,2,110.0,0,1,0
36,107,2019.0,405,2,3,1.4,0,82900.0,28960.0,2,150.0,1,0,0
35,46,2018.0,375,13,0,2.8,1,87028.0,44000.0,0,177.0,1,0,0
31,32,2025.0,329,13,3,1.3,1,2500.0,24784.0,2,155.0,1,1,0
3,122,2017.0,51,13,3,2.0,1,75000.0,43000.0,0,245.0,1,0,0
29,0,2025.0,293,13,3,1.0,1,0.0,29212.0,2,120.0,0,0,0
36,96,2024.0,398,13,3,1.4,1,0.0,37999.0,1,150.0,0,0,0
11,34,2019.0,134,2,3,1.5,0,63200.0,16720.0,0,123.0,0,1,0
11,34,2020.0,136,4,3,2.0,1,100000.0,9520.0,0,170.0,0,1,0
18,23,2018.0,199,4,3,2.4,1,115000.0,20900.0,0,170.0,0,1,0
8,50,2018.0,115,4,3,2.4,1,90000.0,23600.0,1,170.0,1,0,0
25,18,2018.0,258,13,3,2.0,1,68000.0,45900.0,0,367.0,1,0,0
5,110,2023.0,95,21,3,1.2,0,31000.0,30800.0,0,132.0,1,0,0
18,82,2025.0,208,13,3,1.3,1,0.0,29200.0,0,170.0,0,0,0
1,73,2025.0,8,13,3,1.4,1,0.0,57000.0,0,150.0,1,0,0
8,50,2017.0,113,18,3,3.6,0,55600.0,25900.0,0,280.0,1,1,0
13,27,2015.0,154,2,3,2.4,1,164000.0,21500.0,0,185.0,0,0,0
11,34,2019.0,130,13,3,1.5,1,49223.0,17376.0,2,123.0,0,1,0
37,128,2024.0,422,13,2,2.0,0,0.0,103900.0,0,462.0,1,0,0
11,34,2016.0,136,21,3,2.0,0,150000.0,15000.0,0,143.0,0,1,0
36,107,2012.0,409,18,3,2.0,0,102000.0,20000.0,1,200.0,1,0,0
25,17,2018.0,255,18,3,1.6,0,115000.0,31900.0,1,211.0,1,0,0
11,34,2014.0,130,4,3,1.6,0,160000.0,11840.0,1,110.0,0,1,0
8,50,2010.0,113,18,3,2.7,1,120000.0,11500.0,0,170.0,1,0,0
28,51,2019.0,275,4,3,1.6,1,133200.0,17200.0,0,120.0,0,0,0
18,82,2024.0,210,4,3,1.8,1,0.0,25592.0,0,175.0,0,0,0
18,23,2021.0,198,18,3,2.4,1,61000.0,25520.0,2,170.0,1,1,0
6,11,2024.0,110,13,3,1.6,1,0.0,21560.0,0,165.0,0,0,0
37,128,2023.0,422,13,2,2.0,0,0.0,103900.0,0,462.0,1,0,0
31,13,2018.0,320,4,3,2.0,0,105000.0,18000.0,0,110.0,0,1,0
11,8,2024.0,129,13,3,1.5,0,0.0,43600.0,0,110.0,1,0,0
1,75,2017.0,13,18,3,2.0,0,150000.0,29200.0,2,250.0,1,0,0
31,32,2025.0,329,13,3,1.3,1,0.0,25760.0,2,155.0,1,0,0
28,51,2019.0,275,13,3,1.6,1,101000.0,21200.0,1,120.0,0,0,0
29,0,2018.0,296,4,3,1.6,1,135000.0,14392.0,2,150.0,1,1,0
31,32,2016.0,327,13,3,1.6,1,88500.0,15500.0,1,110.0,0,1,0
31,52,2012.0,336,21,3,2.5,1,210000.0,9600.0,1,110.0,1,1,0
35,46,2021.0,375,15,0,2.8,1,59000.0,43200.0,1,177.0,1,0,0
31,32,2018.0,327,22,3,1.6,1,69000.0,17112.0,0,110.0,0,1,0
36,63,2022.0,397,4,3,1.0,1,66254.0,21600.0,0,101.0,0,1,0
6,11,2018.0,110,2,3,1.6,0,104180.0,16400.0,2,165.0,0,0,0
3,120,2016.0,41,18,3,2.0,0,124000.0,33000.0,0,245.0,1,1,0
29,0,2025.0,297,4,3,1.0,1,0.0,31600.0,0,120.0,0,0,0
25,17,2023.0,255,18,3,1.6,0,11000.0,56500.0,1,156.0,1,0,0
25,17,2015.0,255,18,3,1.6,0,110000.0,26300.0,0,156.0,1,0,0
35,46,2025.0,376,4,0,2.8,0,0.0,66400.0,2,177.0,1,0,0
18,23,2025.0,200,18,3,1.3,1,0.0,40500.0,0,272.0,0,0,0
29,0,2025.0,292,4,3,1.0,1,0.0,28720.0,0,120.0,0,1,0
36,96,2023.0,398,4,3,1.4,1,17500.0,35920.0,0,150.0,0,0,0
18,23,2025.0,200,13,3,1.3,1,0.0,36160.0,2,272.0,0,0,0
11,34,2021.0,136,4,3,1.5,0,39000.0,19920.0,0,123.0,0,1,0
25,18,2018.0,258,13,3,2.0,1,81000.0,49000.0,1,367.0,1,0,0
10,71,2024.0,125,4,3,1.3,1,0.0,20800.0,0,110.0,0,0,0
18,69,2011.0,207,18,3,2.4,0,238000.0,11440.0,1,170.0,1,0,0
5,110,2024.0,95,2,3,1.2,1,0.0,21520.0,0,132.0,1,0,0
18,82,2020.0,208,18,3,1.8,1,65000.0,23900.0,0,170.0,0,0,0
29,0,2024.0,293,13,3,1.0,1,0.0,28720.0,0,120.0,0,1,0
29,0,2024.0,293,18,3,1.0,1,8000.0,31000.0,0,120.0,0,1,0
11,34,2016.0,133,13,3,1.6,0,79000.0,14000.0,1,110.0,0,1,0
35,25,2021.0,370,4,3,2.0,1,60000.0,31990.0,0,170.0,0,0,0
5,111,2025.0,99,18,0,2.8,1,0.0,48800.0,2,200.0,1,0,0
36,97,2025.0,400,4,3,1.0,1,0.0,26800.0,0,110.0,0,0,0
29,0,2017.0,299,4,3,1.6,1,84000.0,15200.0,1,120.0,0,1,0
18,82,2025.0,208,4,3,1.3,1,0.0,29440.0,2,170.0,0,0,0
11,34,2017.0,133,22,3,1.6,0,134383.0,12720.0,2,110.0,0,1,0
35,25,2025.0,370,4,3,2.0,1,0.0,35600.0,0,170.0,0,0,0
14,113,2016.0,178,13,3,2.0,1,103000.0,25900.0,1,154.0,1,0,0
35,25,2025.0,369,4,2,1.8,1,500.0,43920.0,0,170.0,0,0,0
36,96,2024.0,398,5,3,1.4,1,0.0,35600.0,2,150.0,0,0,0
29,0,2020.0,299,4,3,1.6,0,48350.0,19040.0,0,120.0,0,1,0
31,32,2015.0,327,13,3,1.6,1,118000.0,8400.0,0,110.0,0,1,0
5,110,2023.0,92,4,3,1.2,1,12000.0,24000.0,1,132.0,1,0,0
10,71,2025.0,125,4,3,1.3,0,0.0,25522.0,2,110.0,0,0,0
3,120,2018.0,44,13,3,3.0,0,47350.0,56000.0,2,306.0,1,0,0
31,33,2016.0,332,18,3,2.0,0,184000.0,17199.0,0,110.0,0,1,0
11,34,2009.0,132,2,3,1.6,0,230000.0,8500.0,1,110.0,0,1,0
31,32,2017.0,327,22,3,2.0,1,96000.0,15200.0,0,143.0,0,1,0
11,34,2017.0,133,18,3,1.6,0,135000.0,13200.0,0,110.0,0,1,0
11,34,2020.0,134,4,3,1.5,0,70796.0,20800.0,0,123.0,0,0,0
29,0,2017.0,299,4,3,1.6,1,96500.0,17200.0,0,120.0,0,1,0
22,80,2011.0,247,13,0,3.0,0,152000.0,27000.0,1,110.0,0,0,0
36,96,2025.0,398,21,3,1.4,1,0.0,30000.0,0,150.0,0,0,0
29,0,2025.0,297,18,3,1.0,1,0.0,28000.0,0,120.0,0,0,0
29,0,2017.0,292,22,3,1.6,0,87500.0,11760.0,1,120.0,0,1,0
11,34,2013.0,136,13,3,1.6,0,110000.0,11700.0,2,110.0,0,1,0
35,25,2024.0,370,4,3,2.0,1,0.0,32000.0,1,170.0,0,0,0
28,51,2025.0,275,13,3,1.6,1,0.0,26920.0,0,120.0,0,0,0
36,97,2020.0,402,2,3,1.6,1,77000.0,23600.0,0,116.0,0,0,0
29,0,2020.0,298,13,3,1.6,0,40000.0,20800.0,0,120.0,0,1,0
11,34,2018.0,130,13,3,1.5,1,101000.0,19500.0,0,123.0,0,1,0
4,101,2011.0,65,18,3,2.0,0,148000.0,7600.0,0,127.0,0,1,0
10,71,2025.0,125,4,3,1.3,0,0.0,24800.0,0,110.0,0,0,0
36,97,2019.0,402,15,3,1.6,0,47000.0,23500.0,2,116.0,0,0,0
11,34,2012.0,132,13,3,1.6,0,157300.0,10000.0,1,110.0,0,1,0
29,0,2018.0,296,13,3,1.6,1,70000.0,16000.0,1,150.0,1,1,0
8,50,2010.0,113,13,3,2.7,1,200000.0,9520.0,0,170.0,1,0,0
22,79,1994.0,245,2,3,3.9,0,215000.0,43000.0,1,110.0,0,1,0
28,130,2023.0,289,13,3,2.5,0,0.0,44000.0,0,110.0,1,0,0
35,95,2023.0,393,13,0,2.8,1,500.0,51000.0,1,177.0,1,0,0
35,25,2022.0,369,4,3,2.0,1,37000.0,31992.0,0,170.0,0,0,0
13,47,2018.0,157,4,3,1.8,1,77000.0,24000.0,1,154.0,0,0,0
18,22,2024.0,195,4,0,2.0,0,0.0,52000.0,0,272.0,1,0,0
5,110,2017.0,92,22,3,1.8,0,113177.0,15840.0,1,140.0,1,0,0
35,25,2021.0,370,4,3,2.0,1,48000.0,29000.0,1,170.0,0,0,0
11,34,2018.0,130,21,3,1.5,1,92000.0,16400.0,0,123.0,0,1,0
31,13,2018.0,319,22,3,1.6,0,80000.0,8160.0,0,110.0,1,1,0
11,100,2021.0,145,4,3,1.5,1,55000.0,27200.0,1,143.0,1,0,0
5,110,2018.0,92,13,3,1.8,1,70500.0,21200.0,1,140.0,1,1,0
27,66,2025.0,274,18,3,2.5,1,0.0,54500.0,2,184.0,1,0,0
36,96,2022.0,398,3,3,1.4,1,73500.0,31200.0,1,150.0,0,0,0
12,49,2024.0,149,4,3,1.5,0,0.0,30320.0,0,257.0,0,0,0
35,25,2021.0,370,13,3,2.0,1,59050.0,25300.0,1,170.0,0,0,0
36,97,2019.0,403,13,3,1.6,0,95031.0,19120.0,2,110.0,0,1,0
31,32,2018.0,327,18,3,2.0,1,120000.0,15600.0,1,143.0,0,1,0
11,34,2019.0,131,4,3,2.0,1,60000.0,21600.0,1,170.0,1,1,0
28,51,2017.0,275,2,3,1.6,1,87900.0,16400.0,0,120.0,0,0,0
11,7,1986.0,127,2,3,5.8,0,243218.0,55000.0,0,110.0,0,1,1
31,32,2023.0,329,15,3,1.3,0,32000.0,22400.0,2,155.0,0,0,0
29,0,2025.0,292,4,3,1.0,1,0.0,25920.0,2,120.0,0,1,0
31,32,2025.0,329,13,3,1.3,1,0.0,24952.0,2,155.0,1,0,0
29,0,2018.0,296,4,3,1.6,1,115000.0,13200.0,1,150.0,1,1,0
34,44,2003.0,354,2,3,1.6,0,190500.0,13000.0,1,110.0,1,1,1
11,34,2020.0,136,22,3,1.5,1,59800.0,20000.0,2,123.0,0,0,0
5,110,2024.0,95,18,3,1.2,1,1000.0,22246.0,2,132.0,1,0,0
11,34,2017.0,130,18,3,1.5,1,69100.0,17500.0,1,123.0,0,1,0
11,100,2024.0,144,4,3,1.8,1,0.0,37000.0,0,85.0,1,0,0
14,113,2008.0,178,18,3,2.0,0,138000.0,8000.0,0,154.0,0,0,0
14,43,2017.0,168,4,0,2.2,0,90700.0,36500.0,0,110.0,0,0,0
35,25,2022.0,369,18,2,1.8,0,76035.0,29088.0,0,170.0,0,0,0
11,100,2025.0,144,13,3,1.8,1,0.0,36044.0,2,85.0,1,0,0
35,25,2025.0,371,4,3,2.0,1,0.0,30260.0,2,170.0,0,0,0
35,95,2018.0,393,4,0,2.8,1,139000.0,44000.0,1,204.0,1,0,0
2,124,2025.0,24,4,3,1.5,0,500.0,41000.0,0,185.0,0,0,0
4,101,2015.0,65,13,3,1.6,1,136500.0,9800.0,1,125.0,0,1,0
31,32,2019.0,327,4,3,1.6,1,78000.0,14800.0,0,110.0,0,1,0
18,23,2025.0,201,13,3,2.0,0,0.0,44872.0,0,272.0,1,0,0
28,51,2021.0,276,5,3,1.6,1,33364.0,23960.0,0,120.0,1,0,0
18,69,2010.0,207,18,3,2.4,0,195000.0,12900.0,0,170.0,1,1,0
29,0,2025.0,297,18,3,1.2,1,0.0,34000.0,0,120.0,0,0,0
14,113,2008.0,178,13,0,2.0,0,232000.0,7920.0,0,154.0,0,0,0
11,34,2020.0,134,9,3,1.5,0,75600.0,18160.0,2,123.0,0,1,0
13,47,2018.0,157,18,3,1.8,1,92000.0,24500.0,0,154.0,0,0,0
35,46,2012.0,374,13,0,3.0,0,180000.0,33000.0,1,171.0,1,1,0
11,8,2021.0,129,13,3,2.0,1,90000.0,35800.0,0,110.0,1,0,0
28,51,2025.0,276,4,3,1.6,1,0.0,28240.0,0,120.0,1,0,0
11,34,2014.0,134,4,0,1.5,0,106701.0,11920.0,0,90.0,0,1,0
14,113,2008.0,179,13,3,2.0,0,250000.0,5600.0,1,154.0,0,1,0
5,110,2018.0,92,4,3,1.8,1,103000.0,16800.0,2,140.0,1,1,0
36,96,2025.0,398,13,3,1.4,1,0.0,29840.0,2,150.0,0,0,0
36,63,2024.0,397,13,3,1.0,1,0.0,279600.0,0,116.0,0,0,0
11,54,2012.0,142,18,3,2.5,0,130000.0,12792.0,0,110.0,1,0,0
18,82,2017.0,210,4,3,1.8,1,114050.0,16888.0,2,170.0,0,1,0
3,117,2025.0,30,18,3,2.0,0,0.0,65000.0,0,140.0,1,1,0
5,110,2025.0,95,22,3,1.2,0,0.0,20800.0,2,132.0,1,0,0
1,72,2018.0,5,13,3,1.4,0,96400.0,29900.0,0,150.0,1,0,0
18,82,2025.0,210,18,3,1.8,1,0.0,19600.0,0,170.0,0,0,0
5,111,2025.0,99,4,0,2.8,1,0.0,46640.0,2,200.0,1,0,0
29,0,2024.0,297,13,3,1.0,1,0.0,33600.0,2,120.0,0,0,0
35,95,2025.0,390,13,0,2.8,0,0.0,68800.0,0,204.0,1,0,0
5,111,2020.0,98,13,3,2.8,0,77000.0,33600.0,0,200.0,1,0,0
14,86,2018.0,171,8,0,2.2,0,87028.0,33500.0,0,110.0,1,0,0
36,63,2025.0,397,21,3,1.0,1,0.0,29432.0,2,101.0,0,0,0
36,96,2023.0,398,13,3,1.4,1,13000.0,36600.0,0,150.0,0,0,0
3,123,2005.0,54,18,3,3.0,0,278000.0,14500.0,1,306.0,1,1,0
14,86,2008.0,171,18,0,2.2,0,232000.0,14000.0,1,110.0,1,0,0
11,34,2017.0,134,13,3,1.6,0,100000.0,15200.0,0,110.0,0,1,0
31,33,2017.0,332,18,3,1.6,0,75000.0,13000.0,0,110.0,0,1,0
18,82,2020.0,208,2,3,1.8,1,105000.0,22000.0,1,170.0,0,0,0
10,71,2025.0,124,2,3,1.0,1,0.0,10200.0,0,110.0,0,0,0
36,96,2025.0,398,21,3,1.4,1,0.0,28392.0,2,150.0,0,0,0
18,23,2019.0,198,13,3,2.4,0,73000.0,27680.0,0,170.0,1,0,0
5,110,2025.0,92,4,3,1.2,1,0.0,27600.0,2,132.0,1,0,0
28,130,2008.0,287,5,3,2.5,0,185000.0,12800.0,1,110.0,1,1,0
18,116,2013.0,217,18,3,3.6,1,92000.0,40000.0,1,284.0,1,1,1
11,34,2010.0,132,18,3,1.6,0,140000.0,8900.0,1,110.0,0,1,0
1,72,2025.0,5,13,3,2.0,0,0.0,58000.0,0,190.0,1,0,0
28,51,2020.0,275,13,3,1.6,1,93000.0,20000.0,1,120.0,0,0,0
21,92,2024.0,233,13,3,1.6,0,0.0,61899.0,0,154.0,1,0,0
11,34,2009.0,132,18,3,2.0,0,137000.0,9360.0,0,143.0,0,1,0
18,42,2004.0,203,5,3,4.7,0,180000.0,16000.0,1,286.0,1,0,0
36,96,2024.0,398,2,3,1.4,1,0.0,41000.0,0,150.0,0,0,0
5,35,2021.0,82,21,3,1.5,0,35000.0,24720.0,0,105.0,0,0,0
3,117,2021.0,34,4,3,2.0,0,35000.0,50000.0,1,192.0,1,1,0
31,32,2012.0,327,13,3,2.0,0,217000.0,10800.0,1,143.0,1,1,0
28,130,2025.0,289,13,3,2.5,1,0.0,51784.0,0,110.0,1,0,0
5,111,2023.0,96,21,0,2.8,1,22000.0,37600.0,0,200.0,1,0,0
1,75,2010.0,13,13,3,2.0,1,182000.0,16500.0,1,211.0,1,1,0
21,90,2011.0,229,4,3,1.6,0,174000.0,11200.0,0,132.0,0,1,0
35,95,2023.0,389,18,0,2.8,0,0.0,61520.0,0,204.0,1,0,0
6,11,2018.0,110,18,3,1.2,1,77000.0,12320.0,0,165.0,0,0,0
18,22,2024.0,195,13,3,1.3,0,0.0,39600.0,1,272.0,0,0,0
5,91,2017.0,89,4,3,1.8,0,124700.0,13600.0,2,105.0,0,1,0
18,23,2025.0,200,18,3,1.3,1,1000.0,39920.0,1,272.0,0,0,0
11,34,2018.0,130,21,3,1.5,1,85000.0,16400.0,0,123.0,0,1,0
1,75,2025.0,13,18,2,2.0,1,0.0,86000.0,2,245.0,1,0,0
18,82,2025.0,208,18,3,1.3,1,0.0,29832.0,2,170.0,0,0,0
21,87,2025.0,224,13,3,1.5,1,0.0,36000.0,0,185.0,0,0,0
11,34,2015.0,133,22,3,1.6,0,98000.0,12000.0,0,110.0,0,1,0
11,100,2025.0,144,2,3,1.8,1,0.0,37240.0,2,85.0,1,0,0
14,113,2015.0,178,21,3,2.0,0,143000.0,15990.0,0,154.0,0,1,0
28,51,2024.0,277,18,3,1.6,1,4500.0,22240.0,1,120.0,0,1,0
35,25,2025.0,370,13,3,2.0,1,0.0,33131.0,2,170.0,0,0,0
36,96,2025.0,398,13,3,1.4,1,0.0,36000.0,0,150.0,0,0,0
6,9,2024.0,100,4,3,1.0,1,0.0,20560.0,0,110.0,1,0,0
18,23,2020.0,198,13,3,2.4,1,92000.0,35900.0,0,170.0,1,1,0
36,96,2024.0,398,2,3,1.4,1,7100.0,36960.0,1,150.0,0,0,0
5,110,2020.0,95,4,2,1.2,0,42392.0,20440.0,2,132.0,1,0,0
36,63,2025.0,397,13,2,1.0,0,1003.0,25400.0,2,101.0,0,0,0
3,117,2025.0,33,4,3,1.8,0,0.0,79900.0,2,204.0,1,1,0
35,46,2022.0,375,13,0,2.8,1,35000.0,41520.0,1,177.0,1,0,0
29,1,2018.0,303,13,3,1.6,1,87028.0,25000.0,0,165.0,1,0,0
35,55,2010.0,380,5,0,4.0,0,178000.0,30000.0,0,235.0,0,0,0
18,23,2022.0,200,4,3,1.3,0,45000.0,37600.0,0,170.0,0,0,0
35,55,2012.0,380,13,0,4.5,1,125000.0,55000.0,0,265.0,0,0,0
6,10,2025.0,103,13,3,1.0,1,0.0,23600.0,2,120.0,0,0,0
31,32,2018.0,327,15,3,2.0,1,87028.0,15200.0,0,143.0,0,1,0
21,89,2008.0,226,18,0,2.5,0,185000.0,14000.0,1,170.0,1,0,0
14,113,2025.0,181,13,3,2.0,0,0.0,48000.0,0,154.0,0,0,0
35,25,2024.0,369,4,2,1.8,1,2500.0,38400.0,1,170.0,0,0,0
36,97,2020.0,403,21,3,1.6,0,62000.0,19200.0,0,110.0,0,1,0
25,18,2018.0,258,13,3,2.0,1,83000.0,47500.0,0,367.0,1,0,0
35,25,2023.0,369,13,2,1.8,1,27000.0,32720.0,1,170.0,0,0,0
31,13,2017.0,320,18,3,2.0,0,78000.0,18079.0,0,110.0,0,1,0
28,51,2025.0,276,13,3,1.6,1,0.0,29704.0,2,120.0,1,0,0
11,34,2020.0,136,13,3,1.5,1,78350.0,17840.0,0,123.0,0,1,0
36,63,2021.0,397,4,3,1.0,1,30821.0,21520.0,0,101.0,0,0,0
29,0,2020.0,293,13,3,1.6,0,51000.0,16640.0,0,120.0,0,1,0
1,75,2013.0,13,13,3,2.0,0,140000.0,28500.0,1,225.0,1,1,0
36,97,2021.0,402,13,3,1.6,1,40000.0,23200.0,0,116.0,0,0,0
11,34,2013.0,134,2,3,2.0,0,92000.0,12000.0,1,143.0,0,1,0
31,32,2025.0,329,13,3,1.3,1,0.0,28948.0,2,155.0,1,1,0
18,116,2008.0,217,18,3,3.8,1,193000.0,32000.0,0,199.0,1,0,1
25,21,2011.0,265,13,0,3.0,0,190000.0,23900.0,0,110.0,1,0,0
11,100,2022.0,144,18,3,1.5,0,34000.0,30400.0,1,143.0,0,0,0
36,96,2025.0,398,21,3,1.4,1,0.0,29040.0,0,150.0,0,0,0
21,90,2010.0,228,18,3,1.6,0,141000.0,10320.0,0,132.0,1,0,0
6,11,2020.0,110,4,3,1.6,1,95000.0,16000.0,1,165.0,0,0,0
18,23,2018.0,199,13,3,2.4,1,95000.0,21200.0,0,170.0,0,1,0
11,34,2021.0,136,21,3,1.5,0,41000.0,21600.0,0,123.0,0,1,0
14,26,2021.0,164,4,3,1.6,1,46430.0,26000.0,0,115.0,0,0,0
29,1,2023.0,302,4,3,1.6,0,66000.0,44000.0,0,300.0,1,0,0
35,46,2025.0,376,18,0,2.8,0,0.0,63200.0,0,177.0,1,0,0
5,110,2025.0,95,4,3,1.2,0,0.0,26560.0,2,132.0,1,0,0
31,32,2020.0,327,13,3,1.6,1,84983.0,15992.0,2,110.0,0,1,0
18,23,2017.0,198,18,3,2.4,1,109500.0,21500.0,1,170.0,1,0,0
5,110,2014.0,92,22,3,1.8,0,135000.0,13900.0,1,140.0,1,0,0
2,124,2024.0,24,13,3,1.5,1,0.0,38900.0,2,185.0,0,0,0
35,46,2018.0,375,4,0,2.8,1,140000.0,38900.0,0,177.0,1,0,0
36,107,2013.0,409,4,3,2.0,0,108000.0,25500.0,1,200.0,1,1,0
11,34,2015.0,130,22,3,1.6,0,154081.0,12800.0,0,110.0,0,1,0
18,82,2020.0,208,15,3,1.8,1,70796.0,19920.0,0,170.0,0,0,0
11,54,2016.0,142,2,3,2.0,1,108000.0,22400.0,1,143.0,1,0,0
14,113,2018.0,182,13,3,2.0,1,88000.0,24800.0,0,154.0,0,0,0
13,47,2018.0,157,13,3,1.8,1,87028.0,20500.0,1,154.0,0,0,0
5,110,2024.0,91,22,3,1.2,1,0.0,21519.0,2,132.0,1,0,0
28,51,2019.0,276,4,3,1.6,1,98200.0,20920.0,2,120.0,1,0,0
10,71,2022.0,125,21,3,1.3,1,21000.0,20792.0,0,110.0,0,0,0
31,52,2011.0,336,18,3,2.5,0,125000.0,9360.0,1,110.0,1,1,0
35,25,2025.0,370,13,3,2.0,1,0.0,33130.0,2,170.0,0,0,0
35,25,2021.0,370,4,3,2.0,1,102000.0,27760.0,0,170.0,0,0,0
1,72,2025.0,5,13,3,2.0,0,0.0,57873.0,2,190.0,1,0,0
35,25,2024.0,369,13,3,2.0,1,0.0,33600.0,0,170.0,0,0,0
11,34,2014.0,136,4,3,2.0,0,140000.0,12800.0,0,143.0,0,1,0
11,54,2017.0,142,4,3,2.0,1,112000.0,24400.0,0,143.0,1,0,0
31,32,2016.0,327,15,3,1.6,1,107000.0,13520.0,0,110.0,0,1,0
35,81,2010.0,384,13,3,2.5,1,136348.0,14400.0,1,170.0,0,0,0
36,97,2025.0,400,13,3,1.0,1,0.0,23600.0,2,110.0,0,0,0
29,0,2024.0,293,4,3,1.0,1,3650.0,31120.0,0,120.0,0,1,0
6,12,2024.0,111,13,3,1.6,0,0.0,36800.0,0,110.0,0,0,0
36,108,2024.0,414,2,3,2.0,1,0.0,51760.0,0,150.0,0,0,0
14,113,2024.0,176,18,3,2.0,1,0.0,53990.0,0,154.0,0,0,0
13,27,2017.0,154,4,3,2.4,1,98000.0,21800.0,0,175.0,0,0,0
36,97,2025.0,400,4,3,1.0,1,0.0,31400.0,2,110.0,0,0,0
11,34,2018.0,136,4,3,1.5,1,80000.0,17800.0,1,123.0,0,1,0
11,34,2014.0,136,4,3,2.0,0,175000.0,14319.0,0,143.0,0,1,0
5,110,2025.0,92,13,3,1.2,1,0.0,26476.0,2,132.0,1,0,0
31,32,2019.0,327,21,3,2.0,1,113000.0,18000.0,1,143.0,1,1,0
31,13,2017.0,318,22,3,2.0,0,98000.0,15920.0,0,110.0,0,1,0
21,89,2013.0,226,13,3,2.4,1,207000.0,15500.0,0,185.0,0,0,0
35,95,2017.0,393,21,0,2.8,1,155000.0,38000.0,1,177.0,1,0,0
29,0,2017.0,299,29,3,1.6,1,88500.0,14400.0,1,120.0,0,1,0
11,100,2022.0,144,2,3,1.5,0,45000.0,28800.0,0,143.0,0,0,0
1,93,2019.0,18,18,3,3.0,0,53000.0,74900.0,1,354.0,1,0,0
18,116,2010.0,218,13,3,3.6,0,128000.0,32000.0,1,284.0,1,0,1
5,110,2017.0,92,22,3,1.8,1,94000.0,13520.0,0,140.0,1,0,0
29,0,2024.0,294,2,3,1.6,1,3000.0,39500.0,1,120.0,0,0,0
35,81,2012.0,382,4,3,2.4,0,230000.0,17000.0,1,257.0,1,0,0
1,77,2025.0,16,13,3,3.0,0,0.0,155006.0,2,333.0,1,0,0
3,117,2019.0,34,18,3,2.0,1,40000.0,41000.0,1,192.0,1,1,0
28,51,2020.0,276,13,3,1.6,0,71519.0,22664.0,0,120.0,1,0,0
31,52,2025.0,335,22,3,2.5,1,0.0,39920.0,0,257.0,1,0,0
36,63,2025.0,397,13,3,1.0,1,0.0,29200.0,2,101.0,0,0,0
14,86,2012.0,171,15,3,2.4,0,155000.0,15600.0,1,110.0,1,0,0
18,23,2019.0,199,4,3,2.4,1,58000.0,24500.0,1,170.0,0,0,0
11,34,2011.0,132,18,3,2.0,0,180000.0,8000.0,1,143.0,0,1,0
36,96,2025.0,398,13,3,1.4,1,0.0,36400.0,2,150.0,0,0,0
28,51,2017.0,275,18,3,1.6,1,118000.0,17200.0,0,120.0,0,0,0
13,47,2017.0,157,4,3,1.8,1,85000.0,19500.0,0,154.0,0,0,0
5,110,2014.0,92,21,3,1.8,0,187000.0,11600.0,0,140.0,0,1,0
29,0,2020.0,298,13,3,1.6,0,47000.0,18080.0,1,120.0,0,1,0
36,107,2016.0,409,8,3,2.0,0,163000.0,22000.0,1,200.0,1,0,0
3,120,2025.0,39,21,3,2.0,0,0.0,92900.0,2,208.0,1,1,0
10,71,2025.0,124,13,3,1.0,1,0.0,22640.0,2,110.0,0,0,0
18,82,2020.0,208,13,3,1.8,1,70796.0,25500.0,2,170.0,0,0,0
10,4,2018.0,122,4,3,1.4,1,98000.0,16800.0,0,110.0,0,1,0
31,32,2018.0,327,21,3,1.6,1,80000.0,14800.0,0,110.0,0,1,0
18,82,2022.0,208,18,3,1.8,1,30200.0,26500.0,1,170.0,0,0,0
11,34,2005.0,137,21,3,2.0,0,200000.0,7300.0,0,143.0,1,1,0
11,34,2012.0,132,21,3,2.0,0,211000.0,9800.0,0,143.0,0,1,0
29,0,2018.0,296,15,3,1.6,1,94000.0,13600.0,0,150.0,1,1,0
5,110,2014.0,92,13,3,1.8,0,134000.0,12000.0,0,140.0,0,1,0
29,0,2017.0,299,15,3,1.6,1,50000.0,13592.0,0,120.0,0,1,0
11,34,2016.0,134,13,3,1.6,0,99000.0,12400.0,0,110.0,0,1,0
14,26,2021.0,164,5,3,1.6,1,49999.0,21600.0,1,115.0,0,0,0
1,74,2021.0,9,13,3,1.4,0,22400.0,51000.0,1,150.0,1,0,0
11,100,2023.0,144,2,3,1.8,1,27500.0,38000.0,1,85.0,1,0,0
18,23,2025.0,200,18,3,1.3,1,0.0,37200.0,0,272.0,0,0,0
35,46,2022.0,375,4,0,2.8,1,44000.0,52000.0,1,177.0,1,0,0
11,34,2014.0,134,18,3,1.6,1,98000.0,12500.0,1,110.0,0,1,0
25,18,2017.0,259,18,3,2.0,0,81300.0,76000.0,2,367.0,1,0,1
5,110,2024.0,91,2,3,1.2,1,10000.0,24000.0,0,132.0,1,0,0
5,110,2024.0,95,4,3,1.2,1,8000.0,26000.0,1,132.0,1,0,0
11,8,2021.0,129,4,3,2.0,1,39200.0,36800.0,1,110.0,1,0,0
35,95,2024.0,393,13,0,2.8,0,1234.0,66500.0,0,204.0,1,0,0
11,34,2018.0,134,4,3,1.5,0,88600.0,15040.0,1,123.0,0,1,0
13,47,2018.0,157,4,3,1.8,1,72000.0,22000.0,1,154.0,0,0,0
11,34,2008.0,132,18,3,1.6,0,155000.0,7360.0,0,110.0,0,1,0
29,0,2017.0,296,22,3,1.6,1,90000.0,12400.0,1,150.0,1,1,0
29,0,2017.0,299,15,3,1.6,1,100000.0,13840.0,0,120.0,0,1,0
14,113,2017.0,174,13,3,2.0,1,156000.0,21000.0,1,154.0,0,1,0
28,51,2025.0,276,4,3,1.6,1,0.0,28400.0,2,120.0,1,0,0
14,113,2013.0,178,26,3,2.0,0,139000.0,16000.0,1,154.0,1,0,0
5,110,2017.0,92,13,3,1.8,1,118000.0,17500.0,0,140.0,1,0,0
35,95,2008.0,391,21,0,3.0,1,180000.0,22000.0,1,171.0,1,1,0
6,10,2025.0,103,13,3,1.0,1,0.0,25688.0,2,120.0,0,0,0
36,97,2025.0,400,21,3,1.0,1,0.0,24792.0,2,110.0,0,0,0
11,100,2024.0,144,18,3,1.8,1,0.0,35920.0,0,85.0,1,0,0
5,110,2014.0,92,22,3,1.8,0,140000.0,15400.0,0,140.0,1,0,0
31,13,2017.0,318,4,3,2.0,0,59000.0,16000.0,1,110.0,0,1,0
3,117,2021.0,34,13,3,2.0,0,45000.0,43000.0,1,192.0,1,1,0
3,120,2013.0,44,5,3,3.0,1,190000.0,30000.0,1,306.0,1,1,0
14,113,2010.0,179,18,3,2.0,0,175000.0,11000.0,1,154.0,0,1,0
11,34,2016.0,134,4,3,1.6,0,174000.0,14400.0,1,110.0,0,1,0
18,23,2019.0,197,4,3,2.4,1,88000.0,23600.0,0,170.0,1,1,0
25,18,2025.0,260,21,3,2.0,1,0.0,119900.0,0,367.0,1,0,0
36,63,2024.0,397,2,3,1.0,1,1000.0,27120.0,2,116.0,0,0,0
35,25,2025.0,370,4,3,2.0,1,1000.0,38300.0,1,170.0,0,0,0
14,86,2008.0,171,13,0,2.2,0,230000.0,10200.0,1,110.0,1,1,0
36,96,2025.0,398,2,3,1.4,1,0.0,29800.0,2,150.0,0,0,0
5,110,2019.0,92,13,3,1.8,1,63000.0,19000.0,1,140.0,1,1,0
28,51,2018.0,276,4,3,1.6,1,97000.0,19500.0,1,120.0,1,0,0
35,25,2025.0,370,4,3,2.0,1,0.0,33120.0,2,170.0,0,0,0
18,23,2013.0,200,18,3,2.4,0,140000.0,13900.0,0,170.0,0,0,0
36,97,2025.0,400,13,3,1.0,1,0.0,27600.0,2,110.0,0,0,0
5,110,2024.0,95,4,3,1.2,1,2000.0,22160.0,2,132.0,1,0,0
18,23,2025.0,200,13,3,1.3,1,5000.0,37200.0,1,272.0,0,0,0
25,19,2018.0,262,4,3,3.0,1,87028.0,76000.0,1,333.0,1,0,1
28,51,2025.0,275,13,3,1.6,1,1000.0,27200.0,1,120.0,0,0,0
21,92,2016.0,231,13,3,2.0,1,121200.0,21900.0,0,154.0,1,1,0
36,97,2024.0,402,4,3,1.6,1,0.0,24000.0,1,116.0,0,0,0
18,42,2024.0,203,13,3,3.6,0,0.0,110000.0,0,293.0,1,0,0
28,51,2018.0,275,22,3,1.6,1,139000.0,19120.0,0,120.0,0,0,0
29,0,2018.0,293,21,3,1.6,0,85000.0,13992.0,0,120.0,0,1,0
35,81,2011.0,382,18,3,2.4,1,218000.0,16500.0,1,257.0,0,0,0
5,35,2019.0,83,4,3,1.5,1,79705.0,21154.0,2,105.0,1,1,0
18,23,2025.0,200,18,3,1.3,1,0.0,36000.0,2,272.0,0,0,0
35,55,2013.0,380,13,3,4.0,0,190000.0,36900.0,1,265.0,0,0,0
5,110,2024.0,95,13,3,1.2,1,0.0,28720.0,2,132.0,1,0,0
29,0,2025.0,297,18,3,1.0,1,0.0,28258.0,2,120.0,0,0,0
3,117,2020.0,34,4,3,2.0,0,38000.0,52000.0,0,192.0,1,1,0
25,19,2019.0,262,13,3,3.0,0,38680.0,121900.0,2,333.0,1,0,1
36,97,2025.0,400,22,3,1.0,1,0.0,28798.0,2,110.0,0,0,0
31,32,2016.0,327,13,3,1.6,1,154165.0,11200.0,0,110.0,0,1,0
29,0,2016.0,296,4,3,1.6,0,85000.0,14000.0,1,150.0,1,1,0
5,110,2022.0,95,4,3,1.2,0,66000.0,20400.0,0,132.0,1,0,0
11,34,2017.0,136,4,3,2.0,1,111000.0,14000.0,2,143.0,0,1,0
3,117,2025.0,30,4,3,2.0,0,0.0,65000.0,0,140.0,1,1,0
31,32,2018.0,327,4,3,2.0,1,118300.0,15120.0,0,143.0,1,1,0
5,110,2023.0,95,4,3,1.2,0,24000.0,23000.0,1,132.0,1,0,0
35,46,2021.0,375,4,0,2.8,1,59050.0,40000.0,1,177.0,1,0,0
11,34,2016.0,130,22,3,2.0,0,65200.0,15120.0,2,143.0,1,1,0
34,115,2017.0,360,2,3,1.6,0,87000.0,23500.0,1,120.0,1,0,0
35,25,2021.0,369,4,3,2.0,1,42000.0,29600.0,1,170.0,0,0,0
31,32,2020.0,327,13,3,1.6,1,76284.0,17680.0,2,110.0,0,1,0
36,108,2019.0,414,4,3,1.4,0,75000.0,25600.0,1,150.0,0,0,0
36,107,2016.0,409,2,3,2.0,0,120000.0,24800.0,0,200.0,1,0,0
5,110,2024.0,95,4,3,1.2,1,0.0,22800.0,1,132.0,1,0,0
28,51,2021.0,276,13,3,1.6,1,62000.0,24000.0,1,120.0,1,0,0
28,51,2018.0,276,4,3,1.6,1,68000.0,21800.0,1,120.0,1,0,0
18,23,2018.0,200,4,3,2.4,1,87028.0,21600.0,1,170.0,0,0,0
3,125,2017.0,60,4,3,3.0,0,49000.0,69000.0,1,306.0,1,0,0
34,115,1995.0,362,18,3,1.6,0,300160.0,11000.0,1,120.0,1,1,1
31,32,2015.0,327,2,3,1.6,1,156000.0,13392.0,1,110.0,0,1,0
36,96,2022.0,398,2,3,1.4,1,62255.0,33900.0,0,150.0,0,0,0
11,100,2022.0,144,13,3,1.5,0,32000.0,30400.0,1,143.0,0,0,0
11,34,2014.0,136,13,3,2.0,0,101500.0,12320.0,0,143.0,0,1,0
31,13,2019.0,318,4,3,1.6,1,85000.0,18000.0,0,110.0,0,0,0
18,23,2021.0,198,4,3,2.4,1,83000.0,29000.0,1,170.0,1,1,0
36,97,2021.0,403,13,3,1.6,0,78000.0,19200.0,1,110.0,0,1,0
36,63,2025.0,397,13,3,1.0,1,0.0,24440.0,0,101.0,0,0,0
6,11,2019.0,110,4,3,1.6,1,108900.0,15760.0,0,165.0,0,1,0
6,11,2019.0,106,4,3,1.6,0,96000.0,15900.0,0,165.0,0,1,0
1,93,2018.0,18,13,3,3.0,0,92000.0,77900.0,0,354.0,1,0,0
29,0,2018.0,299,15,3,1.6,1,87000.0,14900.0,0,120.0,0,1,0
11,34,2022.0,134,18,3,1.5,0,50000.0,19200.0,0,100.0,0,1,0
11,34,2014.0,134,13,3,1.6,0,139000.0,12480.0,0,110.0,0,1,0
11,34,2018.0,136,4,3,2.0,1,81000.0,17000.0,0,170.0,0,1,0
18,82,2024.0,210,4,3,1.8,1,5300.0,27000.0,1,175.0,0,0,0
18,23,2018.0,199,13,3,2.4,1,115000.0,19920.0,1,170.0,0,1,0
5,110,2024.0,92,21,3,1.2,1,0.0,24321.0,2,132.0,1,0,0
13,27,2012.0,154,13,3,2.4,0,209000.0,14900.0,0,185.0,0,0,0
31,32,2012.0,322,15,3,1.6,0,120000.0,10800.0,0,110.0,0,1,0
35,25,2025.0,369,4,3,2.0,1,0.0,37390.0,2,170.0,0,0,0
5,110,2025.0,95,22,3,1.2,0,0.0,9601.0,2,132.0,1,1,0
35,95,2025.0,393,13,0,2.8,1,0.0,56950.0,0,204.0,1,0,0
5,110,2013.0,92,21,3,1.8,1,142000.0,14000.0,0,140.0,1,0,0
5,110,2024.0,95,13,3,1.2,1,0.0,21360.0,2,132.0,1,0,0
36,63,2022.0,397,13,3,1.0,1,41000.0,25000.0,1,101.0,0,0,0
29,0,2018.0,292,13,3,1.6,0,90000.0,12720.0,2,120.0,0,1,0
11,34,2006.0,137,13,3,2.0,0,155000.0,9000.0,1,143.0,1,1,0
18,23,2025.0,200,18,3,1.3,1,0.0,39920.0,0,272.0,0,0,0
3,117,2017.0,34,4,3,2.0,1,123000.0,31900.0,1,192.0,1,1,0
4,101,2014.0,66,18,3,2.0,0,83000.0,10800.0,1,138.0,0,0,0
28,51,2023.0,276,13,3,1.6,0,15000.0,26800.0,0,120.0,1,0,0
28,51,2025.0,276,22,3,1.6,1,0.0,28360.0,2,120.0,1,0,0
11,34,2017.0,136,13,3,2.0,1,140000.0,14500.0,0,143.0,0,1,0
36,63,2025.0,397,13,3,1.0,1,0.0,25400.0,0,101.0,0,0,0
29,0,2024.0,292,2,3,1.0,1,0.0,25861.0,2,120.0,0,1,0
34,44,2014.0,352,13,3,2.4,0,124000.0,15600.0,0,110.0,0,1,0
25,21,2014.0,265,18,3,3.5,0,146000.0,39500.0,0,110.0,1,0,0
1,73,2013.0,8,18,3,2.0,1,132000.0,18500.0,1,170.0,1,0,0
28,51,2025.0,276,22,3,1.6,1,0.0,28160.0,0,120.0,1,0,0
5,111,2025.0,96,18,0,2.8,0,0.0,48948.0,2,200.0,1,0,0
6,11,2018.0,110,13,3,1.6,0,78000.0,16990.0,2,165.0,0,0,0
11,100,2021.0,145,4,3,1.5,1,29000.0,32000.0,1,143.0,1,0,0
28,51,2017.0,276,17,3,1.6,1,56000.0,19680.0,0,120.0,1,0,0
29,0,2017.0,293,13,3,1.6,0,90000.0,14000.0,0,120.0,0,1,0
35,81,2018.0,387,4,3,2.0,1,100000.0,29600.0,0,110.0,1,1,0
11,34,2014.0,134,4,3,1.6,0,163000.0,11040.0,1,110.0,0,1,0
28,51,2017.0,275,2,3,1.6,1,98000.0,15680.0,1,120.0,0,1,0
18,82,2017.0,210,4,3,1.8,1,80000.0,17750.0,1,170.0,0,1,0
11,34,2018.0,136,13,3,1.5,1,67800.0,17040.0,1,123.0,0,1,0
1,73,2020.0,8,13,3,1.4,0,45000.0,52000.0,0,150.0,1,0,0
11,34,2020.0,134,13,3,1.5,0,48000.0,19900.0,0,123.0,0,1,0
13,27,2020.0,154,13,3,2.4,0,94000.0,38000.0,0,175.0,0,0,0
11,100,2021.0,144,2,3,1.5,0,60000.0,28720.0,0,85.0,1,0,0
18,82,2024.0,211,18,3,1.3,1,0.0,31120.0,2,175.0,0,0,0
31,32,2025.0,329,4,3,1.3,1,1050.0,28000.0,0,155.0,1,1,0
14,86,2010.0,171,18,0,2.2,0,212000.0,14001.0,1,110.0,1,1,0
5,110,2025.0,94,13,3,1.2,1,0.0,28720.0,2,132.0,1,0,0
11,34,2019.0,130,2,3,1.5,0,44500.0,15600.0,2,123.0,0,1,0
13,27,2011.0,154,18,3,2.4,0,185000.0,15900.0,1,185.0,1,0,0
11,100,2025.0,144,4,3,1.8,1,0.0,39120.0,0,85.0,1,0,0
14,113,2008.0,179,5,3,2.0,0,240000.0,9500.0,1,154.0,1,1,0
36,63,2025.0,397,4,3,1.0,1,0.0,23600.0,2,101.0,0,0,0
6,12,2021.0,111,26,3,1.6,1,28000.0,28800.0,1,110.0,0,0,0
11,34,2014.0,136,4,3,2.0,0,97000.0,14500.0,0,143.0,0,1,0
13,27,2011.0,154,18,3,2.4,0,185000.0,15900.0,1,185.0,1,0,0
35,95,2018.0,393,18,0,2.8,1,87028.0,43000.0,0,204.0,1,0,0
14,113,2010.0,178,21,0,2.0,0,180000.0,9448.0,1,154.0,1,0,0
8,50,2012.0,114,17,3,2.4,0,190000.0,13440.0,1,170.0,1,0,0
11,54,2013.0,141,4,3,1.6,0,96200.0,16800.0,0,180.0,1,0,0
35,55,2013.0,380,13,0,4.0,0,140000.0,37500.0,0,265.0,0,0,0
25,18,2018.0,258,13,3,3.0,1,130000.0,57900.0,0,367.0,1,0,1
5,110,2022.0,95,4,3,1.2,0,24000.0,22400.0,1,132.0,1,1,0
18,23,2025.0,200,21,3,1.3,1,600.0,42000.0,1,272.0,0,0,0
3,120,2020.0,43,13,3,2.0,1,103900.0,59999.0,0,252.0,1,1,0
8,50,2013.0,114,13,3,2.4,0,125000.0,12000.0,1,170.0,1,0,0
6,11,2021.0,106,18,3,1.6,1,59050.0,16000.0,1,165.0,0,0,0
31,13,2017.0,318,17,3,2.0,0,133000.0,17440.0,2,110.0,0,1,0
5,110,2025.0,92,22,3,1.2,1,0.0,24398.0,2,132.0,1,0,0
35,46,2023.0,376,18,0,2.8,1,54000.0,59000.0,1,177.0,1,0,0
11,34,2016.0,136,4,3,2.0,0,100000.0,14000.0,0,143.0,0,1,0
1,75,2018.0,13,13,3,2.0,0,95000.0,39900.0,0,252.0,1,0,0
13,47,2020.0,157,13,3,1.8,1,90000.0,25600.0,0,154.0,0,0,0
2,124,2025.0,24,13,3,1.5,1,0.0,37900.0,0,185.0,0,0,0
18,116,2019.0,217,18,3,3.6,0,51000.0,53000.0,0,284.0,1,1,1
35,46,2021.0,375,4,0,2.8,1,23500.0,32000.0,0,177.0,1,1,0
36,63,2021.0,397,13,3,1.0,1,73000.0,20800.0,0,101.0,0,0,0
31,32,2017.0,327,13,3,1.6,1,87000.0,12800.0,1,110.0,0,1,0
18,23,2025.0,200,18,3,1.3,1,0.0,21440.0,2,272.0,0,0,0
5,110,2015.0,92,21,3,1.8,1,76000.0,14000.0,1,140.0,1,0,0
11,34,2016.0,136,21,3,1.6,0,157000.0,13520.0,1,110.0,0,1,0
18,82,2019.0,208,18,3,1.8,1,129000.0,21552.0,1,170.0,0,0,0
3,122,2016.0,53,2,3,3.0,1,100000.0,45000.0,0,306.0,1,0,0
36,96,2022.0,398,13,3,1.4,1,39000.0,32000.0,1,150.0,0,0,0
34,115,2016.0,360,4,3,1.6,0,130000.0,22900.0,0,120.0,1,0,0
11,34,2017.0,134,4,3,1.5,0,68000.0,15200.0,0,123.0,0,1,0
13,47,2017.0,157,18,3,1.8,1,110000.0,20000.0,0,154.0,0,0,0
11,34,2013.0,136,13,3,1.6,0,100000.0,12400.0,0,110.0,0,1,0
35,25,2023.0,367,4,3,2.0,1,21000.0,33600.0,1,170.0,0,0,0
11,34,2018.0,133,21,3,1.5,0,100000.0,15600.0,0,123.0,0,1,0
28,51,2019.0,276,22,3,1.6,1,112000.0,21200.0,1,120.0,1,0,0
35,25,2024.0,369,4,2,1.8,1,500.0,38800.0,1,170.0,0,0,0
11,34,2020.0,134,22,3,1.5,0,75000.0,17600.0,0,123.0,0,1,0
29,0,2025.0,297,4,3,1.0,1,0.0,24000.0,2,120.0,0,0,0
22,39,1999.0,242,26,0,2.0,0,250000.0,6500.0,1,110.0,0,1,0
10,71,2025.0,124,13,3,1.0,1,0.0,22891.0,2,110.0,0,0,0
35,25,2025.0,369,13,2,1.8,1,0.0,35920.0,2,170.0,0,0,0
5,110,2017.0,92,4,3,1.8,0,140000.0,15120.0,1,140.0,1,0,0
1,74,2023.0,9,4,3,1.4,0,9100.0,54900.0,0,150.0,1,0,0
18,82,2025.0,209,11,3,1.3,1,0.0,32960.0,0,170.0,0,0,0
3,117,2013.0,34,13,3,2.0,0,140000.0,20800.0,1,184.0,1,1,0
36,96,2025.0,398,21,3,1.4,1,0.0,31992.0,2,150.0,0,0,0
36,96,2024.0,398,18,3,1.4,1,0.0,35900.0,0,150.0,0,0,0
18,23,2024.0,200,13,3,1.3,1,0.0,36000.0,1,170.0,0,0,0
36,96,2022.0,398,4,3,1.4,1,37400.0,32000.0,0,150.0,0,0,0
4,101,2015.0,65,18,3,2.0,1,130000.0,9600.0,1,138.0,0,1,0
5,110,2021.0,95,13,3,1.2,1,80000.0,22400.0,1,132.0,1,0,0
21,92,2017.0,231,4,0,2.0,1,81306.0,26000.0,0,154.0,1,0,0
14,113,2019.0,182,13,3,2.0,1,67000.0,31900.0,1,154.0,0,0,0
3,117,2013.0,29,18,3,2.0,0,92000.0,21000.0,1,184.0,1,1,0
29,0,2025.0,292,13,3,1.0,1,0.0,19520.0,2,120.0,0,1,0
4,105,2020.0,74,13,3,2.0,0,93626.0,16640.0,0,110.0,0,1,0
11,34,2011.0,132,13,3,1.6,0,120000.0,5520.0,1,110.0,0,1,0
29,0,2022.0,299,22,3,1.6,1,54600.0,20800.0,0,120.0,0,0,0
18,42,2024.0,203,13,3,3.6,0,0.0,115000.0,2,293.0,1,0,0
31,32,2014.0,322,13,3,1.6,0,130000.0,11200.0,0,110.0,0,1,0
5,110,2023.0,92,13,3,1.2,1,57000.0,21600.0,0,132.0,1,0,0
11,34,2018.0,130,4,3,1.5,1,95000.0,14400.0,2,123.0,0,1,0
28,51,2018.0,275,13,3,1.6,1,111000.0,17600.0,0,120.0,0,0,0
29,0,2022.0,296,18,3,1.6,1,48000.0,20400.0,0,150.0,1,1,0
1,78,2020.0,17,13,3,3.0,0,82000.0,120000.0,2,340.0,1,0,0
31,33,2017.0,333,4,3,1.6,1,53410.0,18900.0,0,110.0,0,1,0
36,96,2021.0,398,21,3,1.4,1,42000.0,34000.0,1,150.0,0,0,0
18,42,2013.0,204,13,3,3.6,1,200000.0,29500.0,2,286.0,1,0,0
29,0,2025.0,297,4,3,1.0,1,0.0,31120.0,0,120.0,0,0,0
3,117,2013.0,34,4,3,2.0,0,99000.0,19500.0,0,184.0,1,1,0
5,110,2018.0,92,22,3,1.8,1,75000.0,18900.0,1,140.0,1,0,0
11,34,2014.0,133,4,0,1.5,0,142000.0,9600.0,1,90.0,0,1,0
35,25,2025.0,369,13,2,1.8,1,1111.0,43900.0,1,170.0,0,0,0
11,34,2015.0,134,5,3,1.6,0,109500.0,11920.0,0,110.0,0,1,0
35,95,2024.0,393,13,0,2.8,0,0.0,56950.0,2,204.0,1,0,0
29,0,2018.0,292,21,3,1.6,0,90000.0,12720.0,2,120.0,0,1,0
18,82,2018.0,210,13,3,1.8,1,91000.0,18500.0,0,170.0,0,0,0
28,51,2019.0,275,21,3,1.6,1,92000.0,16800.0,0,120.0,0,1,0
35,25,2024.0,369,22,2,1.8,1,0.0,42399.0,0,170.0,0,0,0
11,100,2025.0,144,4,3,1.8,1,0.0,37592.0,0,85.0,1,0,0
28,51,2025.0,275,13,3,1.6,0,0.0,25200.0,2,120.0,0,0,0
10,71,2025.0,125,13,3,1.3,1,0.0,21680.0,2,110.0,0,0,0
11,34,2013.0,133,4,3,1.6,0,138000.0,11920.0,0,110.0,0,1,0
35,25,2021.0,371,4,3,2.0,1,68000.0,26640.0,0,170.0,0,0,0
18,23,2021.0,198,4,0,2.0,1,38000.0,35500.0,1,272.0,1,1,0
31,32,2016.0,327,4,3,1.6,1,109000.0,12000.0,1,110.0,0,1,0
28,51,2024.0,276,13,3,1.6,1,0.0,28800.0,1,120.0,1,0,0
31,13,2018.0,318,1,3,2.0,0,132889.0,17680.0,0,110.0,0,1,0
5,35,2020.0,83,4,3,1.5,1,87000.0,80000.0,0,105.0,1,0,0
36,63,2024.0,397,21,3,1.0,1,1111.0,23600.0,1,116.0,0,0,0
28,51,2021.0,276,13,3,1.6,1,54000.0,21600.0,1,120.0,1,0,0
31,32,2018.0,327,13,3,1.6,1,100000.0,15200.0,0,110.0,0,1,0
6,10,2024.0,103,22,3,1.6,1,0.0,21688.0,0,120.0,0,1,0
18,23,2023.0,200,4,3,1.3,1,32759.0,35200.0,1,170.0,0,0,0
18,82,2025.0,210,4,3,1.8,1,0.0,22960.0,2,170.0,0,0,0
5,110,2025.0,95,22,3,1.2,0,0.0,21480.0,2,132.0,1,0,0
28,51,2025.0,276,21,3,1.6,1,0.0,30308.0,2,120.0,1,0,0
28,51,2018.0,275,13,3,1.6,1,100000.0,17600.0,1,120.0,0,0,0
5,110,2021.0,95,4,3,1.2,1,20000.0,19600.0,1,132.0,1,1,0
14,113,2012.0,178,4,3,2.0,0,96000.0,13600.0,0,154.0,0,0,0
14,113,2013.0,178,13,3,2.0,0,112000.0,14900.0,0,154.0,0,0,0
36,107,2012.0,409,18,3,2.0,0,123000.0,16800.0,0,200.0,1,1,0
2,124,2025.0,26,4,3,1.5,1,0.0,45700.0,2,185.0,0,0,0
35,25,2024.0,369,4,2,1.8,1,980.0,33200.0,0,170.0,0,0,0
18,82,2018.0,210,18,3,1.8,1,106000.0,16999.0,1,170.0,0,1,0
10,71,2025.0,124,13,3,1.0,1,0.0,22400.0,2,110.0,0,0,0
18,22,2024.0,195,13,0,2.0,0,0.0,59000.0,0,272.0,1,0,0
29,0,2025.0,297,13,3,1.0,1,1111.0,35900.0,0,120.0,0,0,0
31,32,2011.0,327,18,3,1.6,0,158000.0,10400.0,1,110.0,0,1,0
35,25,2025.0,369,13,2,1.8,1,0.0,78000.0,2,170.0,0,0,0
13,47,2016.0,157,13,3,1.8,1,69600.0,19000.0,1,132.0,0,0,0
11,34,2020.0,130,13,3,1.5,1,60000.0,18720.0,0,123.0,0,1,0
5,110,2017.0,92,13,3,1.8,0,103000.0,14400.0,0,140.0,1,1,0
31,32,2014.0,326,4,3,2.0,0,147400.0,10960.0,0,138.0,0,1,0
5,110,2014.0,92,13,3,1.8,0,163500.0,13000.0,0,140.0,1,0,0
29,0,2016.0,296,18,3,1.6,0,120000.0,14500.0,1,150.0,1,1,0
21,92,2018.0,231,4,3,2.0,1,91000.0,22800.0,0,154.0,0,0,0
36,63,2021.0,397,13,3,1.0,1,36000.0,20800.0,1,101.0,0,0,0
6,10,2025.0,103,22,3,1.0,1,0.0,19600.0,2,120.0,0,0,0
11,34,2013.0,134,15,3,1.6,0,130000.0,11600.0,0,110.0,0,1,0
2,124,2025.0,25,4,3,1.5,1,0.0,36900.0,0,185.0,0,0,0
5,110,2020.0,95,4,3,1.2,1,60000.0,21600.0,0,132.0,1,0,0
3,125,2012.0,60,22,3,3.0,0,171000.0,35000.0,1,306.0,1,0,0
29,0,2025.0,297,13,3,1.0,1,0.0,28160.0,2,120.0,0,0,0
5,111,2025.0,99,13,0,2.8,1,0.0,46128.0,2,200.0,1,0,0
14,113,2013.0,178,13,3,2.0,1,148000.0,15000.0,1,154.0,1,0,0
11,54,2014.0,141,13,3,1.6,0,135000.0,14500.0,1,150.0,0,1,0
28,51,2018.0,276,22,3,1.6,1,91000.0,19400.0,2,120.0,1,0,0
10,71,2024.0,126,13,3,1.0,1,0.0,24880.0,0,110.0,0,0,0
5,110,2017.0,92,4,3,1.8,1,120400.0,16720.0,2,140.0,0,1,0
32,60,2003.0,346,13,0,2.9,0,210000.0,9000.0,1,110.0,0,1,0
28,51,2021.0,276,13,3,1.6,1,85000.0,23200.0,0,120.0,1,0,0
35,81,2012.0,382,18,3,2.4,0,185000.0,15500.0,1,257.0,0,0,0
31,32,2013.0,322,13,3,1.6,0,149000.0,11900.0,1,110.0,0,1,0
21,89,2012.0,226,21,3,2.4,1,220000.0,13600.0,1,185.0,0,0,0
32,60,2006.0,346,13,0,2.9,1,210000.0,10400.0,1,110.0,0,1,0
11,34,2008.0,132,18,3,1.6,0,140000.0,9500.0,0,110.0,0,1,0
1,72,2025.0,5,18,3,2.0,0,1000.0,59500.0,1,190.0,1,0,0
5,110,2025.0,92,4,3,1.2,1,3232.0,26000.0,0,132.0,1,0,0
5,110,2025.0,94,18,3,1.2,1,0.0,28800.0,2,132.0,1,0,0
31,32,2017.0,327,18,3,1.6,1,131000.0,13200.0,2,110.0,0,1,0
36,63,2024.0,397,13,3,1.0,1,1111.0,27232.0,1,116.0,0,0,0
3,120,2013.0,44,4,3,3.0,1,135000.0,29000.0,1,306.0,1,1,0
18,23,2025.0,200,4,3,1.3,1,0.0,30584.0,2,272.0,0,0,0
2,121,2025.0,21,22,3,1.5,1,0.0,26200.0,2,148.0,1,0,0
18,23,2025.0,200,4,3,1.3,1,0.0,33200.0,2,272.0,0,0,0
35,25,2022.0,370,4,3,2.0,0,31000.0,31500.0,0,170.0,0,0,0
18,82,2025.0,209,18,3,1.3,1,0.0,31192.0,2,170.0,0,0,0
5,110,2018.0,92,4,3,1.8,1,87028.0,21500.0,0,140.0,1,1,0
18,23,2024.0,199,13,3,1.3,1,0.0,31600.0,0,170.0,0,0,0
13,47,2016.0,157,4,3,1.8,1,143000.0,20000.0,0,132.0,0,0,0
18,23,2023.0,200,4,3,1.3,1,10000.0,36720.0,2,170.0,0,0,0
18,23,2025.0,200,13,3,1.3,1,0.0,35120.0,2,272.0,0,0,0
6,11,2022.0,110,21,3,1.6,1,53000.0,18320.0,2,165.0,0,0,0
5,110,2025.0,95,4,3,1.2,0,0.0,21998.0,2,132.0,1,0,0
36,108,2020.0,414,4,3,1.4,0,79000.0,31500.0,1,150.0,0,0,0
5,110,2025.0,95,13,3,1.2,0,0.0,24000.0,0,132.0,1,0,0
11,34,2011.0,132,22,3,1.6,0,118000.0,9600.0,0,110.0,0,1,0
11,8,2022.0,129,13,3,2.0,0,11000.0,43000.0,0,110.0,1,0,0
31,13,2018.0,318,4,3,1.6,1,94748.0,17200.0,2,110.0,0,0,0
5,110,2021.0,92,13,3,1.2,1,62000.0,22800.0,1,132.0,1,0,0
18,23,2025.0,200,4,3,1.3,1,0.0,37076.0,2,272.0,0,0,0
36,63,2023.0,397,2,3,1.0,1,0.0,25120.0,0,101.0,0,0,0
36,63,2025.0,397,13,3,1.0,1,0.0,17800.0,2,101.0,0,0,0
6,11,2017.0,110,13,3,1.2,0,120000.0,13600.0,1,165.0,0,0,0
18,23,2018.0,200,22,3,2.4,1,78000.0,27200.0,1,170.0,0,0,0
11,34,2012.0,132,13,3,2.0,0,116000.0,8400.0,0,143.0,0,1,0
3,117,2012.0,34,18,3,2.0,0,147000.0,16800.0,0,150.0,1,1,0
28,51,2025.0,275,13,3,1.6,0,0.0,20060.0,2,120.0,0,0,0
36,97,2020.0,402,4,3,1.6,1,70796.0,19920.0,1,116.0,0,0,0
3,117,2024.0,28,4,3,2.0,0,0.0,77900.0,0,204.0,1,1,0
3,118,2024.0,37,13,3,2.0,0,0.0,80900.0,2,205.0,1,0,0
14,113,2025.0,180,4,3,2.0,1,0.0,48900.0,0,154.0,0,0,0
36,96,2024.0,398,21,3,1.4,1,1111.0,30400.0,1,150.0,0,0,0
25,17,2018.0,255,13,3,1.6,0,87028.0,44900.0,1,211.0,1,0,0
29,0,2017.0,293,15,3,1.6,0,112000.0,13200.0,1,120.0,0,1,0
1,75,2025.0,13,18,3,2.0,1,1000.0,89500.0,1,252.0,1,0,0
18,23,2021.0,198,18,3,2.4,1,80000.0,29200.0,0,170.0,1,1,0
5,91,2017.0,88,4,3,1.8,0,124700.0,13600.0,2,105.0,0,1,0
14,113,2008.0,178,13,0,2.0,0,111111.0,9000.0,0,154.0,1,0,0
4,103,2018.0,71,4,3,1.6,0,75000.0,15600.0,0,127.0,1,0,0
18,82,2019.0,210,4,3,1.8,0,100500.0,17900.0,0,170.0,0,1,0
5,110,2020.0,92,4,3,1.2,0,75000.0,22000.0,1,132.0,1,0,0
29,0,2025.0,293,4,3,1.0,1,501.0,26800.0,1,120.0,0,0,0
11,34,2015.0,134,13,3,2.0,0,118400.0,11200.0,1,143.0,0,1,0
36,96,2024.0,398,5,3,1.4,1,1111.0,41600.0,0,150.0,0,0,0
5,110,2021.0,95,4,3,1.2,1,61000.0,23600.0,1,132.0,1,0,0
36,97,2020.0,400,15,3,1.6,1,73000.0,22400.0,1,110.0,0,0,0
36,107,2014.0,409,5,3,2.0,0,170000.0,18000.0,0,200.0,1,0,0
11,34,2019.0,134,13,3,1.5,0,80000.0,17600.0,1,123.0,0,1,0
22,29,2017.0,237,18,3,2.0,0,120000.0,28500.0,0,240.0,0,0,0
14,113,2008.0,178,18,3,2.0,0,138000.0,8000.0,0,154.0,0,0,0
5,110,2015.0,92,4,3,1.8,1,170000.0,14400.0,1,140.0,0,1,0
6,11,2022.0,106,13,3,1.6,0,42000.0,18800.0,0,165.0,0,1,0
27,58,1997.0,271,13,0,2.5,0,280000.0,9500.0,1,110.0,1,0,0
31,32,2017.0,327,4,3,1.6,1,98000.0,13200.0,1,110.0,0,1,0
14,26,2023.0,164,13,3,1.6,1,20000.0,27992.0,1,115.0,0,0,0
5,111,2025.0,99,18,0,2.8,1,0.0,47520.0,2,200.0,1,0,0
9,31,2022.0,119,13,3,1.6,1,57200.0,54000.0,0,300.0,1,0,0
35,25,2025.0,371,4,3,2.0,1,0.0,31520.0,2,170.0,0,0,0
28,129,2005.0,285,13,0,2.8,0,280000.0,13000.0,1,123.0,1,1,0
6,11,2017.0,110,29,3,1.2,0,98000.0,13200.0,0,165.0,0,0,0
36,108,2024.0,414,13,3,2.0,1,0.0,46800.0,0,150.0,0,0,0
6,10,2024.0,103,4,3,1.0,1,0.0,26448.0,0,120.0,0,0,0
31,13,2019.0,320,13,3,2.0,1,65500.0,16800.0,0,110.0,0,1,0
36,97,2023.0,400,22,3,1.0,0,51000.0,24000.0,1,110.0,0,1,0
29,0,2018.0,296,4,3,1.6,1,87000.0,14800.0,0,150.0,1,1,0
13,27,2013.0,154,13,3,2.4,0,191000.0,17000.0,0,185.0,0,0,0
28,51,2022.0,275,4,3,1.6,1,21000.0,26000.0,1,120.0,0,0,0
14,113,2009.0,179,8,3,2.0,0,200000.0,8800.0,1,154.0,1,1,0
29,0,2021.0,298,4,3,1.6,1,90000.0,22000.0,1,120.0,0,0,0
36,97,2019.0,402,13,3,1.6,0,52000.0,21960.0,1,116.0,0,0,0
14,113,2010.0,179,18,3,2.0,0,175000.0,11000.0,1,154.0,0,1,0
28,51,2020.0,275,4,3,1.6,1,76680.0,19840.0,1,120.0,0,1,0
31,32,2015.0,327,13,3,2.0,1,165000.0,12000.0,1,143.0,0,1,0
11,34,2006.0,132,18,4,1.6,0,190000.0,6240.0,1,110.0,0,1,0
14,113,2010.0,178,13,3,2.0,0,170000.0,8960.0,1,154.0,0,1,0
29,0,2024.0,292,4,3,1.0,1,0.0,27600.0,0,120.0,0,1,0
36,96,2023.0,398,2,3,1.4,1,32000.0,30000.0,0,150.0,0,0,0
5,110,2014.0,92,22,3,1.8,1,180000.0,11840.0,1,140.0,1,0,0
25,17,2025.0,255,18,3,1.3,1,0.0,65000.0,0,163.0,1,0,0
18,22,2022.0,195,2,0,2.0,0,83000.0,42000.0,0,272.0,1,0,0
35,46,2007.0,374,18,0,3.0,1,195456.0,26000.0,1,171.0,1,1,0
5,110,2016.0,92,2,3,1.8,1,113000.0,15300.0,2,140.0,1,0,0
14,26,2022.0,163,2,3,1.6,1,13500.0,28000.0,1,115.0,0,0,0
36,107,2012.0,409,13,3,2.0,0,185000.0,17600.0,1,200.0,1,1,0
2,121,2023.0,21,15,3,1.5,1,0.0,27500.0,2,148.0,1,0,0
35,95,2025.0,393,21,0,2.8,1,0.0,56950.0,0,204.0,1,0,0
5,110,2024.0,92,13,3,1.2,0,0.0,24800.0,0,132.0,1,0,0
5,110,2025.0,92,4,3,1.2,1,0.0,24000.0,2,132.0,1,0,0
11,34,2015.0,136,4,3,2.0,0,160000.0,13000.0,1,143.0,0,1,0
4,101,2010.0,65,13,3,2.0,0,202000.0,7600.0,1,127.0,0,1,0
3,117,2019.0,34,13,3,2.0,1,75000.0,35000.0,0,192.0,1,1,0
10,71,2025.0,126,4,3,1.0,0,0.0,9300.0,0,110.0,0,0,0
6,11,2019.0,110,13,3,1.6,1,82099.0,16000.0,2,165.0,0,1,0
35,46,2024.0,376,4,0,2.8,0,0.0,60000.0,0,177.0,1,0,0
11,34,2019.0,130,13,3,1.5,1,115000.0,18000.0,1,123.0,0,1,0
35,25,2024.0,369,13,2,1.8,0,0.0,37999.0,0,170.0,0,0,0
35,95,2021.0,393,21,0,2.8,1,73000.0,46800.0,1,204.0,1,0,0
29,0,2016.0,299,22,3,1.6,0,128000.0,12900.0,1,120.0,0,1,0
35,95,2024.0,393,13,0,2.8,0,500.0,53600.0,1,204.0,1,0,0
5,110,2018.0,92,4,3,1.8,1,89000.0,20000.0,0,140.0,1,1,0
2,121,2024.0,21,22,3,1.5,0,0.0,33000.0,0,148.0,1,0,0
28,51,2025.0,276,4,3,1.6,1,0.0,28440.0,2,120.0,1,0,0
11,100,2025.0,144,2,3,1.8,1,0.0,37240.0,2,85.0,1,0,0
3,117,2018.0,34,13,3,2.0,1,60000.0,35998.0,0,231.0,1,1,0
36,96,2022.0,398,13,3,1.4,1,50000.0,33600.0,1,150.0,0,0,0
5,110,2020.0,95,4,3,1.2,1,61000.0,16800.0,1,132.0,1,0,0
28,51,2018.0,275,22,3,1.6,1,87028.0,21000.0,0,120.0,0,0,0
5,110,2014.0,92,13,3,1.8,0,132000.0,13000.0,1,140.0,1,0,0
11,34,2017.0,134,5,3,1.6,0,85000.0,14000.0,2,110.0,0,1,0
35,46,2016.0,375,13,0,2.8,1,81000.0,40500.0,0,177.0,1,0,0
35,81,2018.0,385,13,3,2.0,0,93000.0,29000.0,1,110.0,0,0,0
31,33,2016.0,333,4,3,2.0,0,110000.0,15840.0,0,110.0,0,1,0
36,97,2020.0,400,13,3,1.6,0,129000.0,22240.0,1,110.0,0,0,0
28,51,2017.0,275,2,3,1.6,1,98000.0,15680.0,1,120.0,0,1,0
36,63,2021.0,397,4,3,1.0,1,86000.0,21040.0,0,101.0,0,0,0
28,51,2020.0,275,4,3,1.6,1,48000.0,24000.0,1,120.0,0,1,0
18,23,2025.0,200,18,3,1.3,1,1000.0,40000.0,0,272.0,0,0,0
36,107,2011.0,409,18,3,2.0,0,137000.0,15000.0,0,200.0,1,1,0
29,0,2020.0,296,13,3,1.6,0,99715.0,16768.0,2,150.0,1,1,0
5,110,2021.0,95,22,3,1.2,1,60000.0,20960.0,0,132.0,1,1,0
1,73,2025.0,8,4,3,1.4,1,0.0,57900.0,2,150.0,1,0,0
4,103,2017.0,70,18,3,1.6,0,132500.0,12720.0,2,110.0,0,1,0
5,110,2014.0,92,4,3,1.8,1,98000.0,14500.0,1,140.0,1,0,0
1,74,2025.0,10,13,3,2.0,1,0.0,66800.0,2,190.0,1,0,0
18,82,2021.0,208,4,3,1.8,1,72000.0,20640.0,1,170.0,0,0,0
10,71,2022.0,125,21,3,1.3,1,78428.0,19360.0,2,110.0,0,1,0
36,96,2024.0,398,13,3,1.4,1,0.0,38960.0,0,150.0,0,0,0
14,113,2012.0,178,13,3,2.0,0,115000.0,14500.0,0,154.0,0,1,0
35,25,2025.0,369,22,3,2.0,1,0.0,38000.0,0,170.0,0,0,0
5,110,2024.0,92,18,3,1.2,0,1000.0,26299.0,2,132.0,1,0,0
36,63,2024.0,397,13,3,1.0,1,0.0,27600.0,0,116.0,0,0,0
18,23,2022.0,200,4,3,1.3,0,11000.0,30400.0,1,170.0,0,0,0
31,32,2013.0,326,21,3,2.0,0,132400.0,11920.0,0,138.0,1,1,0
10,71,2025.0,124,21,3,1.0,1,0.0,23120.0,2,110.0,0,0,0
1,78,2022.0,17,18,3,3.0,1,14000.0,155000.0,2,340.0,1,0,0
5,110,2017.0,92,4,3,1.8,1,120000.0,16000.0,0,140.0,1,0,0
11,34,2018.0,133,4,3,1.5,0,100000.0,15500.0,0,123.0,0,1,0
13,27,2011.0,152,8,3,2.4,1,166000.0,14000.0,1,185.0,1,0,0
36,96,2022.0,398,13,3,1.4,1,51100.0,32720.0,0,150.0,0,0,0
3,125,2014.0,60,4,3,3.0,0,95000.0,42500.0,1,306.0,1,0,0
11,34,2008.0,132,13,3,2.0,0,118000.0,9500.0,0,143.0,0,1,0
35,46,2024.0,376,4,0,2.8,0,0.0,65360.0,0,177.0,1,0,0
13,47,2015.0,158,21,3,1.8,1,90000.0,18000.0,1,185.0,0,0,0
4,104,2025.0,73,22,3,1.5,1,0.0,28800.0,0,127.0,1,0,0
5,110,2017.0,92,4,3,1.8,1,122000.0,14960.0,0,140.0,1,0,0
36,97,2025.0,400,4,3,1.0,1,0.0,24000.0,2,110.0,0,0,0
29,0,2019.0,293,15,3,1.6,0,114000.0,15120.0,0,120.0,0,1,0
3,125,2012.0,60,4,3,3.0,0,105000.0,41000.0,1,306.0,1,0,0
18,22,2025.0,195,13,3,1.3,1,0.0,39920.0,2,272.0,0,0,0
35,25,2025.0,369,2,3,2.0,1,0.0,38320.0,0,170.0,0,0,0
35,25,2022.0,369,18,2,1.8,1,30000.0,35000.0,1,170.0,0,0,0
11,34,2015.0,136,22,3,1.6,0,81000.0,13920.0,0,110.0,0,1,0
11,34,2014.0,130,4,3,2.0,0,120000.0,13000.0,0,143.0,1,1,0
6,11,2020.0,110,22,3,1.6,1,83000.0,15600.0,1,165.0,0,0,0
5,110,2020.0,95,13,3,1.2,1,77000.0,16800.0,0,132.0,1,1,0
35,46,2006.0,374,18,0,3.0,1,300000.0,16800.0,0,171.0,1,1,0
5,110,2023.0,92,21,3,1.2,1,52000.0,20800.0,2,132.0,1,0,0
35,95,2023.0,393,13,0,2.8,1,50000.0,54000.0,0,204.0,1,0,0
6,11,2020.0,106,18,3,1.6,0,100000.0,14900.0,0,165.0,0,1,0
35,46,2014.0,374,13,0,3.0,1,165000.0,29000.0,1,171.0,1,1,0
18,23,2019.0,198,13,3,2.4,1,80000.0,26999.0,1,170.0,1,0,0
3,117,2024.0,32,4,3,2.0,0,1100.0,82000.0,1,231.0,1,1,0
18,15,2001.0,192,18,0,2.5,0,245000.0,14000.0,1,205.0,0,1,0
14,113,2017.0,173,13,3,2.0,1,128000.0,27500.0,0,154.0,0,1,0
5,110,2024.0,92,13,3,1.2,0,0.0,24800.0,0,132.0,1,0,0
36,63,2021.0,397,13,3,1.0,1,53000.0,21000.0,1,101.0,0,0,0
1,73,2024.0,8,18,3,2.0,1,0.0,69000.0,2,180.0,1,0,0
3,123,2009.0,54,18,3,4.8,1,170000.0,22504.0,1,306.0,1,1,0
29,0,2025.0,297,13,3,1.0,1,0.0,23508.0,2,120.0,0,0,0
28,51,2017.0,276,18,3,1.6,1,89000.0,17600.0,0,120.0,1,0,0
6,11,2020.0,110,22,3,1.6,1,95300.0,17440.0,0,165.0,0,0,0
13,47,2019.0,157,13,3,1.8,1,132210.0,24000.0,1,154.0,0,0,0
36,63,2024.0,397,4,3,1.0,1,0.0,25390.0,0,116.0,0,1,0
18,82,2018.0,208,13,3,1.8,1,80000.0,22500.0,1,170.0,0,0,0
29,0,2016.0,296,18,3,1.6,0,109000.0,14400.0,2,150.0,1,1,0
28,130,2025.0,289,4,3,2.5,1,0.0,51704.0,2,110.0,1,0,0
6,11,2022.0,106,22,3,1.6,0,63000.0,16800.0,1,165.0,0,0,0
11,34,2016.0,136,13,3,1.6,0,85000.0,14760.0,0,110.0,0,1,0
36,96,2021.0,398,13,3,1.4,1,79000.0,30990.0,0,150.0,0,0,0
35,95,2025.0,393,18,0,2.8,1,0.0,65000.0,0,204.0,1,0,0
29,0,2024.0,297,13,3,1.0,1,3000.0,31920.0,1,120.0,0,0,0
36,96,2025.0,398,2,3,1.4,1,0.0,28600.0,2,150.0,0,0,0
13,47,2018.0,157,18,3,1.8,1,84000.0,22500.0,1,154.0,0,0,0
1,72,2025.0,5,13,3,1.5,0,0.0,50000.0,2,150.0,1,0,0
4,101,2015.0,65,4,3,1.6,1,146000.0,10800.0,1,125.0,0,1,0
31,32,2012.0,328,26,3,2.0,0,173000.0,11000.0,1,138.0,0,1,0
31,32,2017.0,327,22,3,1.6,1,98000.0,15600.0,0,110.0,0,1,0
13,47,2018.0,157,4,3,1.8,1,79800.0,20400.0,0,154.0,0,0,0
22,80,2011.0,247,13,0,3.0,0,220000.0,26000.0,1,110.0,0,0,0
31,32,2015.0,322,13,3,1.6,0,122000.0,13200.0,2,110.0,0,1,0
13,27,2012.0,154,15,3,2.4,0,147000.0,18500.0,1,185.0,0,0,0
28,51,2021.0,275,21,3,1.6,1,86000.0,19920.0,0,120.0,0,0,0
5,110,2022.0,95,19,2,1.2,0,31034.0,19496.0,2,132.0,1,0,0
18,82,2023.0,210,4,3,1.8,1,38000.0,24400.0,1,170.0,0,0,0
36,96,2025.0,398,13,3,1.4,1,0.0,29560.0,0,150.0,0,0,0
5,111,2016.0,98,21,0,2.8,1,148000.0,24000.0,1,180.0,1,0,0
28,51,2022.0,279,4,3,1.6,0,51000.0,22400.0,0,120.0,0,0,0
6,11,2019.0,110,2,3,1.2,1,135000.0,15120.0,0,165.0,0,0,0
13,47,2019.0,157,13,3,1.8,1,72000.0,25900.0,1,154.0,0,0,0
11,34,2017.0,134,4,3,1.6,0,110000.0,12960.0,0,110.0,0,1,0
1,76,2025.0,14,18,3,2.0,1,0.0,108000.0,2,245.0,1,0,0
5,110,2025.0,95,4,3,1.2,0,0.0,27960.0,2,132.0,1,0,0
16,83,2025.0,189,4,3,1.5,1,0.0,18900.0,0,110.0,0,1,0
5,110,2024.0,92,22,3,1.2,0,0.0,25440.0,2,132.0,1,0,0
11,100,2022.0,144,5,3,1.5,0,67953.0,29200.0,2,143.0,0,0,0
14,113,2011.0,178,13,3,2.0,0,141000.0,12880.0,0,154.0,1,0,0
18,82,2023.0,210,18,3,1.8,1,30000.0,25000.0,1,170.0,0,0,0
31,32,2015.0,327,4,3,1.6,1,80000.0,13440.0,1,110.0,0,1,0
29,0,2017.0,293,21,3,1.6,0,120000.0,13520.0,0,120.0,0,1,0
36,108,2018.0,414,13,3,1.4,0,80000.0,24640.0,0,150.0,1,0,0
18,23,2021.0,197,4,3,2.4,1,31000.0,31000.0,0,170.0,1,1,0
6,12,2023.0,111,4,3,1.6,1,55000.0,31600.0,0,110.0,0,0,0
29,0,2020.0,293,13,3,1.6,1,59700.0,18000.0,1,120.0,0,1,0
36,96,2023.0,398,18,3,1.4,1,22000.0,28400.0,0,150.0,0,0,0
35,81,2013.0,382,4,3,2.5,1,213000.0,17600.0,1,257.0,1,0,0
35,81,2018.0,387,4,3,2.5,0,139271.0,27720.0,0,110.0,1,1,0
36,96,2024.0,398,13,3,1.4,1,0.0,45000.0,1,150.0,0,0,0
14,113,2012.0,178,18,3,2.0,0,155000.0,16000.0,1,154.0,0,1,0
15,112,2000.0,187,26,0,3.1,0,300000.0,7600.0,1,110.0,0,1,0
18,23,2024.0,197,13,3,1.3,0,8500.0,36000.0,0,170.0,0,0,0
5,110,2022.0,95,21,3,1.2,1,16500.0,28000.0,1,132.0,1,0,0
11,34,2016.0,136,4,3,2.0,0,68200.0,14400.0,0,143.0,0,1,0
28,51,2020.0,278,4,3,1.6,1,31500.0,20720.0,0,120.0,0,0,0
13,27,2013.0,152,18,3,2.4,0,178000.0,16142.0,1,185.0,1,0,0
4,101,2014.0,65,21,3,2.0,0,110000.0,10960.0,0,138.0,0,1,0
1,72,2023.0,5,13,3,1.4,1,0.0,55000.0,2,150.0,1,0,0
5,110,2024.0,92,18,3,1.2,0,1000.0,26400.0,2,132.0,1,0,0
36,63,2025.0,396,2,3,1.0,1,0.0,27600.0,2,101.0,0,0,0
13,27,2005.0,154,18,3,2.4,0,219000.0,7900.0,1,185.0,0,0,0
11,54,2012.0,143,4,3,2.5,0,190000.0,13200.0,1,180.0,1,1,0
31,32,2013.0,322,18,3,1.6,0,90000.0,10800.0,0,110.0,0,1,0
11,34,2019.0,133,4,3,1.5,0,74000.0,17200.0,0,123.0,0,1,0
6,11,2022.0,106,4,3,1.6,0,60500.0,17600.0,1,165.0,0,1,0
6,11,2024.0,110,18,3,1.6,1,0.0,21520.0,1,165.0,0,0,0
35,81,2014.0,387,4,3,2.5,0,84000.0,19200.0,0,110.0,1,0,0
3,117,2012.0,34,18,3,2.0,1,112000.0,17000.0,1,150.0,1,1,0
35,46,2025.0,375,4,0,2.8,1,800.0,66000.0,1,177.0,1,0,0
18,23,2025.0,200,18,3,1.3,1,0.0,37280.0,0,272.0,0,0,0
36,97,2025.0,400,4,3,1.6,1,0.0,35200.0,0,110.0,0,0,0
1,75,2013.0,13,21,3,2.0,0,102000.0,30000.0,1,225.0,1,1,0
13,27,2011.0,152,13,3,2.4,0,240000.0,17000.0,1,185.0,1,0,0
36,63,2025.0,397,13,3,1.0,1,0.0,23360.0,2,101.0,0,0,0
6,11,2019.0,106,18,3,1.6,0,100000.0,14400.0,0,165.0,0,1,0
31,13,2017.0,318,21,3,2.0,0,113000.0,15900.0,1,110.0,0,1,0
6,11,2018.0,110,4,3,1.2,0,100000.0,15000.0,1,165.0,0,0,0
35,95,2017.0,393,13,0,2.8,1,98000.0,39900.0,0,177.0,1,0,0
30,56,2022.0,312,13,3,3.0,1,57000.0,220000.0,0,440.0,0,1,0
25,20,2010.0,263,4,3,2.5,0,200000.0,18500.0,1,231.0,1,0,0
11,34,2018.0,134,2,3,1.5,0,67000.0,16720.0,1,123.0,0,1,0
11,34,2020.0,130,4,3,1.5,1,60000.0,18880.0,0,123.0,0,1,0
36,96,2022.0,398,13,3,1.4,1,25900.0,28500.0,1,150.0,0,0,0
31,33,2017.0,333,4,3,1.6,1,109000.0,15800.0,1,110.0,0,1,0
5,110,2024.0,95,13,3,1.2,1,0.0,27900.0,2,132.0,1,0,0
35,25,2024.0,371,22,3,2.0,1,1000.0,31120.0,0,170.0,0,0,0
3,117,2012.0,29,21,3,3.0,1,130000.0,17600.0,1,265.0,1,1,0
35,25,2025.0,371,4,3,2.0,1,0.0,35120.0,0,170.0,0,0,0
32,60,1996.0,346,18,0,2.9,0,305000.0,4500.0,1,110.0,0,1,0
11,100,2023.0,144,4,3,1.5,0,18000.0,30320.0,2,85.0,1,0,0
11,34,2009.0,132,18,3,1.6,0,134230.0,8000.0,0,110.0,0,1,0
11,100,2022.0,145,4,3,1.5,0,70405.0,31500.0,0,143.0,0,0,0
35,46,2016.0,375,13,0,2.8,1,158000.0,34000.0,1,177.0,1,1,0
5,110,2024.0,95,2,3,1.2,1,4800.0,29600.0,1,132.0,1,0,0
10,4,2018.0,122,4,3,1.4,1,87028.0,15190.0,2,110.0,0,1,0
11,34,2011.0,132,5,3,2.0,0,150000.0,11000.0,1,143.0,0,1,0
5,110,2019.0,92,22,3,1.8,1,70000.0,19000.0,0,140.0,1,1,0
29,0,2020.0,296,4,3,1.6,0,44000.0,16640.0,1,150.0,1,1,0
6,10,2024.0,103,22,3,1.6,1,0.0,21784.0,0,120.0,0,1,0
11,100,2022.0,144,4,3,1.5,1,63000.0,30000.0,1,143.0,0,0,0
36,63,2025.0,397,2,3,1.0,1,0.0,26760.0,2,101.0,0,0,0
6,11,2018.0,110,13,3,1.2,0,55000.0,19120.0,0,165.0,0,0,0
36,96,2022.0,398,4,3,1.4,1,13000.0,32800.0,1,150.0,0,0,0
10,71,2025.0,125,4,3,1.3,1,0.0,22088.0,2,110.0,0,0,0
28,51,2018.0,276,18,3,1.6,1,83000.0,19600.0,0,120.0,1,0,0
36,63,2025.0,397,22,3,1.0,1,0.0,9840.0,2,101.0,0,0,0
31,32,2012.0,327,13,3,1.6,0,148000.0,10400.0,1,110.0,0,1,0
11,34,2017.0,134,4,3,1.5,0,128000.0,14560.0,1,123.0,0,1,0
4,101,2009.0,65,13,3,2.0,1,134000.0,6000.0,0,127.0,0,1,0
13,47,2020.0,157,13,3,1.8,1,102900.0,20800.0,0,154.0,0,0,0
5,6,1998.0,78,13,0,2.8,0,150000.0,9440.0,0,160.0,1,1,0
4,103,2018.0,71,4,3,1.6,0,114500.0,13520.0,2,127.0,1,1,0
36,63,2021.0,397,4,3,1.0,1,30000.0,23840.0,0,101.0,0,0,0
10,71,2025.0,125,13,3,1.3,0,0.0,19840.0,2,110.0,0,1,0
36,108,2020.0,414,2,3,1.4,0,97000.0,22400.0,0,150.0,0,0,0
13,47,2019.0,157,4,3,1.8,1,101000.0,24900.0,1,154.0,0,0,0
11,34,2018.0,134,4,3,1.5,0,136600.0,13760.0,1,123.0,0,1,0
35,46,2000.0,372,3,0,3.0,0,184000.0,16000.0,1,171.0,1,1,0
35,46,2022.0,375,4,0,2.8,1,34000.0,49900.0,1,177.0,1,0,0
29,0,2025.0,293,4,3,1.0,1,0.0,28600.0,2,120.0,0,0,0
2,121,2023.0,21,4,3,1.5,1,0.0,27500.0,2,148.0,1,0,0
18,82,2018.0,210,4,3,1.8,1,76000.0,19624.0,0,170.0,0,0,0
3,123,2012.0,57,13,3,4.4,1,96765.0,36500.0,1,407.0,1,1,0
31,32,2025.0,329,13,3,1.3,1,0.0,11770.0,2,155.0,1,0,0
4,104,2024.0,73,18,3,1.5,1,0.0,27900.0,0,127.0,1,0,0
11,34,2012.0,132,13,3,1.6,0,129000.0,10000.0,0,110.0,0,1,0
1,75,2013.0,13,4,3,2.0,0,184000.0,24000.0,1,211.0,1,0,0
18,23,2025.0,200,18,3,1.3,1,0.0,43000.0,0,272.0,0,0,0
18,42,2013.0,204,18,3,3.6,1,179000.0,26500.0,0,286.0,1,0,0
5,110,2018.0,92,4,3,1.8,1,62000.0,18400.0,1,140.0,1,1,0
31,33,2018.0,334,4,3,2.0,0,87556.0,15600.0,0,138.0,0,1,0
18,23,2018.0,198,13,3,2.4,1,71600.0,23992.0,2,170.0,1,1,0
35,81,2013.0,382,18,3,2.0,1,152000.0,21600.0,1,200.0,0,0,0
36,97,2025.0,400,13,3,1.0,1,0.0,25040.0,2,110.0,0,0,0
11,100,2022.0,145,18,3,1.5,0,50000.0,31500.0,0,143.0,0,0,0
11,34,2008.0,132,18,0,1.4,1,216000.0,6900.0,0,123.0,0,1,0
29,0,2017.0,293,21,3,1.6,0,140000.0,13500.0,1,120.0,0,1,0
4,102,2014.0,69,18,3,2.0,0,113000.0,10400.0,1,127.0,1,0,0
30,14,2012.0,306,4,3,4.8,0,100000.0,48900.0,0,400.0,0,0,0
18,23,2020.0,200,4,3,2.4,0,70796.0,36900.0,1,170.0,0,0,0
19,126,2025.0,221,13,3,1.5,1,0.0,30880.0,2,110.0,0,0,0
36,63,2025.0,397,13,3,1.0,1,0.0,24600.0,2,101.0,0,0,0
35,25,2023.0,369,13,2,1.8,1,28500.0,35000.0,0,170.0,0,0,0
11,34,2013.0,136,18,3,2.0,0,128628.0,12500.0,2,143.0,0,1,0
35,95,2019.0,393,4,0,2.8,0,140000.0,39900.0,0,204.0,1,0,0
5,110,2024.0,92,4,3,1.2,0,0.0,26240.0,0,132.0,1,0,0
18,23,2019.0,197,21,3,2.4,1,88329.0,24500.0,0,170.0,1,1,0
1,75,2011.0,13,13,3,2.0,0,140000.0,16000.0,0,211.0,1,1,0
5,110,2020.0,95,13,3,1.2,1,105000.0,20800.0,1,132.0,1,0,0
4,103,2017.0,70,22,3,1.6,1,109800.0,14840.0,1,110.0,0,1,0
29,0,2025.0,293,13,3,1.0,1,0.0,27600.0,2,120.0,0,0,0
11,34,2018.0,136,13,3,1.6,0,77300.0,19920.0,0,170.0,0,1,0
2,121,2025.0,21,22,3,1.5,1,0.0,26900.0,0,148.0,1,0,0
14,113,2017.0,174,4,3,2.0,1,73695.0,21840.0,0,154.0,0,1,0
35,46,2018.0,375,4,0,2.8,1,80000.0,43000.0,0,177.0,1,0,0
28,51,2020.0,275,22,3,1.6,1,95000.0,20400.0,0,120.0,0,1,0
5,110,2024.0,95,18,3,1.2,1,1000.0,22016.0,2,132.0,1,0,0
1,93,2018.0,18,4,3,3.0,0,48000.0,69000.0,0,354.0,1,0,0
29,0,2025.0,293,4,3,1.0,1,0.0,29344.0,0,120.0,0,0,0
4,105,2017.0,75,21,3,2.0,0,116000.0,13600.0,1,127.0,1,0,0
5,110,2017.0,92,4,3,1.8,0,81759.0,16400.0,1,140.0,1,1,0
28,130,2020.0,289,21,3,2.5,0,89000.0,39000.0,1,110.0,1,0,0
35,81,2016.0,385,21,3,2.0,0,153600.0,24720.0,2,110.0,0,0,0
11,34,2015.0,136,4,3,1.6,0,97000.0,12800.0,0,110.0,0,1,0
29,0,2025.0,297,18,3,1.0,1,1111.0,42000.0,2,120.0,0,0,0
11,34,2004.0,132,13,3,1.6,0,155000.0,6800.0,1,110.0,0,1,0
5,111,2021.0,96,18,0,2.8,0,89681.0,36000.0,2,200.0,1,0,0
8,50,2011.0,115,18,3,2.4,1,157800.0,11800.0,0,170.0,1,0,0
11,34,2020.0,134,18,3,1.5,0,78000.0,18500.0,0,123.0,0,1,0
12,45,2024.0,147,4,3,2.0,1,0.0,36500.0,0,200.0,0,0,0
31,32,2012.0,327,2,3,1.6,0,150000.0,7840.0,1,110.0,0,1,0
22,36,2020.0,240,22,2,2.0,0,70796.0,100000.0,0,240.0,0,0,0
18,23,2025.0,200,8,3,1.3,1,0.0,36792.0,2,272.0,0,0,0
3,118,2021.0,37,4,3,2.0,0,28000.0,58000.0,0,205.0,1,0,0
36,96,2025.0,398,4,3,1.4,1,0.0,29360.0,2,150.0,0,0,0
18,23,2013.0,200,13,3,2.4,0,170000.0,14800.0,0,170.0,0,0,0
31,32,2015.0,327,15,3,1.6,1,86000.0,12400.0,1,110.0,0,1,0
35,81,2013.0,382,4,3,2.4,1,140000.0,15200.0,1,257.0,0,0,0
18,23,2025.0,200,4,3,1.3,1,0.0,36720.0,2,272.0,0,0,0
28,51,2025.0,275,13,3,1.6,0,0.0,24440.0,2,120.0,0,0,0
29,0,2024.0,297,13,3,1.0,1,0.0,32720.0,0,120.0,0,0,0
18,23,2025.0,200,13,3,1.3,1,1150.0,42400.0,0,272.0,0,0,0
36,96,2025.0,398,2,3,1.4,1,0.0,30240.0,2,150.0,0,0,0
11,34,2013.0,134,22,3,1.6,0,120000.0,11040.0,0,110.0,0,1,0
31,32,2018.0,327,4,3,2.0,1,90000.0,17200.0,0,143.0,0,1,0
36,96,2022.0,398,13,3,1.4,1,37000.0,31900.0,0,150.0,0,0,0
13,47,2019.0,158,4,3,1.8,0,98000.0,25600.0,1,185.0,0,0,0
31,52,2025.0,335,13,3,2.5,1,0.0,39760.0,0,257.0,1,0,0
36,108,2025.0,414,13,3,2.0,1,0.0,46880.0,2,150.0,1,0,0
36,97,2025.0,400,4,3,1.0,1,0.0,30400.0,2,110.0,0,0,0
28,51,2018.0,276,13,3,1.6,1,79000.0,19900.0,1,120.0,1,0,0
5,111,2019.0,98,18,0,2.8,1,36000.0,40800.0,0,200.0,1,0,0
10,71,2023.0,126,13,3,1.0,0,0.0,17600.0,0,110.0,0,0,0
18,23,2025.0,200,4,3,1.3,1,0.0,37076.0,2,272.0,0,0,0
29,0,2017.0,296,21,3,1.6,1,98000.0,14800.0,1,150.0,1,1,0
3,125,2025.0,60,2,2,3.0,0,0.0,210000.0,0,381.0,1,0,0
31,32,2014.0,330,18,3,1.6,0,140000.0,11360.0,1,110.0,0,1,0
36,96,2024.0,398,2,3,1.4,1,0.0,31840.0,0,150.0,0,0,0
5,110,2024.0,91,4,3,1.2,1,0.0,21840.0,2,132.0,1,0,0
4,103,2018.0,71,22,3,1.6,0,73000.0,14900.0,0,127.0,1,0,0
11,54,2020.0,141,18,2,2.5,1,102000.0,27500.0,1,143.0,1,0,0
3,123,2017.0,57,18,0,3.0,1,98000.0,80000.0,0,313.0,1,1,0
11,34,2014.0,133,5,3,1.6,0,139000.0,9920.0,0,110.0,0,1,0
6,10,2025.0,103,13,3,1.0,1,0.0,23600.0,2,120.0,0,0,0
35,95,2021.0,393,13,0,2.8,1,45000.0,49900.0,0,204.0,1,0,0
3,122,2020.0,52,13,3,3.0,0,49000.0,73000.0,0,306.0,1,0,0
3,123,2010.0,54,21,3,3.0,0,183000.0,21500.0,0,306.0,1,1,0
28,51,2018.0,276,4,3,1.6,1,97000.0,19500.0,1,120.0,1,0,0
18,22,2024.0,195,13,0,2.0,0,0.0,50400.0,0,272.0,1,0,0
36,107,2014.0,409,18,3,2.0,0,110000.0,18500.0,0,200.0,1,0,0
3,120,2024.0,43,2,3,2.0,0,0.0,105900.0,0,252.0,1,1,0
36,108,2018.0,414,13,3,2.0,1,134000.0,31000.0,1,150.0,1,0,0
37,128,2018.0,420,15,3,2.5,1,75000.0,45900.0,0,304.0,1,0,0
18,23,2025.0,200,18,3,1.3,1,0.0,35192.0,2,272.0,0,0,0
31,32,2014.0,322,13,3,1.6,0,100000.0,8000.0,0,110.0,0,1,0
6,10,2025.0,103,4,3,1.0,1,0.0,14360.0,2,120.0,0,0,0
35,25,2025.0,369,13,2,1.8,1,0.0,78000.0,2,170.0,0,0,0
13,47,2016.0,157,18,3,1.8,1,157000.0,18000.0,2,132.0,0,0,0
13,47,2018.0,157,4,3,1.8,1,132000.0,19600.0,0,154.0,0,0,0
31,32,2018.0,327,4,3,1.6,1,65000.0,15120.0,0,110.0,0,1,0
36,97,2021.0,402,4,3,1.6,1,89000.0,20800.0,0,116.0,0,0,0
11,34,2016.0,133,4,3,1.6,0,118000.0,12000.0,0,110.0,0,1,0
11,34,2019.0,134,2,3,1.5,0,92000.0,16280.0,0,123.0,0,1,0
18,22,2025.0,195,13,0,2.0,1,0.0,50000.0,2,272.0,1,0,0
11,34,2019.0,136,18,3,1.5,1,48000.0,16800.0,0,123.0,0,1,0
21,92,2018.0,231,18,0,2.0,1,87028.0,23992.0,0,154.0,1,0,0
18,42,2013.0,204,18,3,3.6,1,85000.0,28000.0,1,286.0,1,0,0
28,130,2025.0,289,4,3,2.5,1,0.0,50880.0,0,110.0,1,0,0
1,73,2013.0,8,4,3,2.0,1,143000.0,12960.0,0,170.0,1,0,0
29,0,2017.0,296,4,3,1.6,1,98000.0,7592.0,2,150.0,1,1,0
18,42,2012.0,203,2,3,3.6,1,155000.0,25800.0,1,286.0,1,0,0
11,34,2020.0,134,2,3,1.5,0,73726.0,17760.0,0,123.0,0,1,0
31,13,2019.0,318,3,3,2.0,1,43000.0,21000.0,0,110.0,0,1,0
5,110,2016.0,92,18,3,1.8,1,145000.0,14000.0,1,140.0,1,0,0
11,34,2012.0,132,4,3,1.6,0,109000.0,9520.0,0,110.0,0,1,0
34,115,2018.0,360,21,3,1.6,0,66000.0,19500.0,1,120.0,1,1,0
18,82,2025.0,208,13,3,1.3,1,0.0,29592.0,2,170.0,0,0,0
3,117,2016.0,32,13,3,2.0,1,140000.0,26800.0,1,231.0,1,1,0
31,13,2017.0,320,18,3,2.0,0,125000.0,15280.0,0,110.0,0,1,0
1,75,2013.0,13,4,3,2.0,0,107000.0,21000.0,0,211.0,1,1,0
36,63,2025.0,397,13,3,1.0,1,0.0,27120.0,0,101.0,0,0,0
35,25,2021.0,369,22,2,1.8,1,71200.0,28000.0,0,170.0,0,0,0
13,47,2017.0,157,13,3,1.8,1,158000.0,17900.0,1,154.0,0,0,0
36,97,2023.0,400,2,3,1.6,0,22000.0,18792.0,2,110.0,0,0,0
28,51,2018.0,275,13,3,1.6,1,100000.0,17600.0,1,120.0,0,0,0
11,34,2020.0,136,13,3,1.5,1,74000.0,18800.0,0,123.0,0,1,0
5,110,2024.0,92,4,3,1.2,0,1000.0,26456.0,2,132.0,1,0,0
29,0,2020.0,293,13,3,1.6,0,51000.0,16640.0,0,120.0,0,1,0
1,75,2014.0,13,18,3,2.0,0,142000.0,22500.0,1,225.0,1,1,0
9,31,2022.0,119,18,2,1.6,0,67000.0,50000.0,1,300.0,1,0,0
29,0,2018.0,293,21,3,1.6,0,115243.0,14560.0,2,120.0,0,1,0
14,86,2013.0,171,13,3,2.4,1,130000.0,21000.0,0,110.0,1,0,0
29,1,2019.0,303,13,3,1.6,1,78000.0,33000.0,1,165.0,1,0,0
13,27,2017.0,154,13,3,2.4,1,126000.0,24500.0,1,175.0,0,0,0
29,0,2018.0,299,4,3,1.6,1,87028.0,14400.0,1,120.0,0,1,0
36,108,2025.0,414,13,3,2.0,1,0.0,46240.0,2,150.0,1,0,0
31,32,2016.0,327,4,3,1.6,1,109000.0,15000.0,1,110.0,0,1,0
25,18,2017.0,258,4,3,2.0,1,50000.0,55000.0,1,367.0,1,0,0
36,108,2024.0,414,13,3,2.0,1,0.0,41592.0,2,150.0,0,0,0
2,124,2025.0,25,4,3,1.5,1,0.0,37900.0,0,185.0,0,0,0
1,73,2024.0,8,13,3,1.4,1,0.0,64700.0,0,150.0,1,0,0
25,18,2017.0,258,4,3,2.0,1,97000.0,58000.0,1,367.0,1,0,0
31,32,2011.0,328,13,3,2.0,0,180000.0,8800.0,1,138.0,0,1,0
18,116,2021.0,216,4,3,3.6,1,87000.0,84900.0,0,284.0,1,0,1
11,34,2018.0,134,22,3,2.0,1,51815.0,18160.0,1,170.0,0,1,0
18,23,2025.0,200,4,3,1.3,1,0.0,39120.0,0,272.0,0,0,0
36,97,2025.0,400,4,3,1.0,1,0.0,32720.0,0,110.0,0,0,0
11,34,2019.0,130,2,3,1.5,0,44500.0,15600.0,2,123.0,0,1,0
13,27,2012.0,152,2,3,2.4,1,215000.0,18000.0,1,185.0,1,0,0
31,32,2016.0,327,18,3,2.0,1,72000.0,15200.0,1,143.0,1,1,0
11,34,2022.0,136,4,3,1.5,1,42000.0,20720.0,0,123.0,0,1,0
5,110,2021.0,95,4,3,1.2,1,58000.0,23000.0,0,132.0,1,1,0
14,86,2012.0,171,2,3,2.4,0,140000.0,17500.0,1,110.0,1,1,0
31,32,2014.0,322,26,3,1.6,0,139000.0,11440.0,1,110.0,0,1,0
4,102,2013.0,67,4,3,2.0,0,140000.0,12000.0,1,110.0,0,1,0
36,108,2018.0,414,4,3,1.4,0,87028.0,20400.0,1,150.0,1,0,0
2,124,2025.0,26,18,3,1.5,1,0.0,44900.0,0,185.0,0,0,0
18,23,2024.0,200,21,3,1.3,1,2500.0,30639.0,2,170.0,0,0,0
5,110,2018.0,92,22,3,1.8,1,85999.0,18499.0,1,140.0,1,1,0
10,71,2022.0,125,13,3,1.3,1,39000.0,19600.0,1,110.0,0,0,0
11,34,2015.0,136,18,3,1.6,0,129000.0,12400.0,1,110.0,0,1,0
6,11,2018.0,110,18,3,1.6,0,75000.0,15440.0,0,165.0,0,0,0
31,32,2017.0,327,21,3,1.6,1,58000.0,15000.0,1,110.0,0,1,0
25,18,2019.0,258,13,3,2.0,1,83000.0,85000.0,0,390.0,1,0,0
14,113,2009.0,178,18,3,2.0,0,157000.0,12000.0,1,154.0,1,1,0
11,54,2011.0,142,2,3,2.5,1,155500.0,12240.0,0,123.0,1,0,0
11,34,2018.0,130,4,3,1.5,1,107150.0,14000.0,0,123.0,0,1,0
5,110,2019.0,92,22,3,1.8,1,73000.0,15900.0,0,140.0,0,1,0
28,51,2025.0,275,13,3,1.6,0,0.0,24440.0,0,120.0,0,0,0
10,71,2024.0,125,4,3,1.3,1,0.0,27040.0,0,110.0,0,0,0
1,75,2010.0,13,13,3,2.0,1,145000.0,18500.0,1,211.0,1,0,0
29,0,2017.0,293,15,3,1.6,0,108000.0,13840.0,0,120.0,0,1,0
6,12,2023.0,111,13,3,1.6,1,0.0,40000.0,2,110.0,0,0,0
29,0,2025.0,293,13,3,1.0,1,0.0,29040.0,2,120.0,0,0,0
21,90,2010.0,227,18,3,1.6,0,148000.0,11300.0,1,132.0,0,1,0
18,82,2020.0,210,13,3,1.8,1,70796.0,24900.0,0,170.0,0,1,0
36,97,2025.0,400,13,3,1.0,1,1000.0,24400.0,0,110.0,0,0,0
11,34,2010.0,132,13,3,1.6,0,206000.0,8400.0,0,110.0,0,1,0
18,82,2024.0,209,4,3,1.3,1,0.0,40191.0,2,175.0,0,0,0
21,90,2015.0,228,4,3,1.6,0,107000.0,15700.0,1,132.0,0,0,0
11,34,2018.0,134,15,3,1.5,0,70000.0,16000.0,1,123.0,0,1,0
35,81,2009.0,382,18,3,2.4,0,182854.0,11900.0,1,257.0,0,0,0
28,51,2025.0,275,4,3,1.6,1,0.0,27112.0,0,120.0,0,0,0
13,47,2016.0,158,18,3,1.8,1,150000.0,19000.0,1,175.0,0,0,0
4,101,2014.0,65,13,3,2.0,0,165000.0,9200.0,1,138.0,0,1,0
18,116,2013.0,217,26,3,3.6,1,140000.0,68000.0,0,284.0,1,1,1
36,96,2024.0,398,2,3,1.4,1,0.0,35120.0,0,150.0,0,0,0
18,82,2025.0,212,18,3,1.3,1,0.0,33992.0,2,170.0,1,0,0
6,11,2020.0,110,18,3,1.6,1,36500.0,19120.0,0,165.0,0,0,0
18,23,2022.0,200,21,3,1.3,1,60000.0,33900.0,1,170.0,0,0,0
3,123,2013.0,54,13,3,3.0,1,140000.0,37000.0,0,306.0,1,1,0
31,32,2019.0,327,22,3,1.6,1,119000.0,16560.0,0,110.0,0,1,0
3,120,2017.0,41,4,3,2.0,0,52000.0,46800.0,1,245.0,1,1,0
36,96,2022.0,398,15,3,1.4,1,20000.0,33500.0,1,150.0,0,0,0
1,77,2025.0,16,2,3,3.0,1,0.0,180000.0,2,340.0,1,0,0
10,71,2022.0,125,13,3,1.3,1,57000.0,18800.0,1,110.0,0,1,0
31,32,2017.0,327,15,3,1.6,1,74000.0,15200.0,0,110.0,0,1,0
4,101,2013.0,66,21,3,2.0,0,100000.0,10500.0,1,127.0,1,1,0
31,13,2022.0,318,13,3,1.6,1,26000.0,24000.0,1,110.0,0,0,0
36,96,2025.0,398,4,3,1.4,1,0.0,29720.0,2,150.0,0,0,0
35,25,2024.0,370,13,3,2.0,1,0.0,34400.0,1,170.0,0,0,0
5,110,2013.0,92,13,3,1.8,1,193000.0,10000.0,1,140.0,0,1,0
25,18,2017.0,259,13,3,2.0,0,86000.0,45000.0,0,367.0,1,0,1
29,0,2017.0,296,15,3,1.6,1,69000.0,14320.0,0,150.0,1,1,0
1,73,2014.0,8,18,3,2.0,1,90000.0,24500.0,1,170.0,1,1,0
18,82,2019.0,208,18,3,2.4,1,63200.0,23300.0,1,170.0,0,0,0
28,51,2025.0,276,22,3,1.6,1,0.0,28400.0,2,120.0,1,0,0
31,52,2010.0,336,13,3,2.5,0,208000.0,9600.0,0,110.0,1,1,0
5,110,2018.0,92,4,3,1.8,1,58000.0,19200.0,1,140.0,1,1,0
36,63,2021.0,397,13,3,1.0,1,59000.0,23920.0,0,101.0,0,0,0
6,10,2025.0,103,13,3,1.0,1,0.0,25688.0,0,120.0,0,0,0
1,75,2013.0,13,13,3,2.0,1,118000.0,20640.0,0,225.0,1,0,0
30,56,2015.0,313,4,3,3.0,0,118400.0,90000.0,2,340.0,0,1,0
5,111,2018.0,98,13,0,2.8,1,87028.0,25200.0,0,200.0,1,0,0
3,120,2024.0,43,18,3,2.0,0,1000.0,94900.0,2,252.0,1,1,0
11,100,2023.0,144,2,3,1.8,1,18500.0,36000.0,1,85.0,1,0,0
3,125,2018.0,60,13,3,3.0,0,74000.0,69900.0,0,306.0,1,0,0
11,54,2017.0,141,21,3,2.0,0,98000.0,20800.0,0,143.0,1,0,0
3,117,2010.0,29,13,3,3.0,0,140000.0,19900.0,1,265.0,1,1,0
36,96,2025.0,398,21,3,1.4,1,0.0,35480.0,2,150.0,0,0,0
13,47,2025.0,158,13,3,1.5,0,0.0,35235.0,0,121.0,0,0,0
5,110,2024.0,95,22,3,1.2,1,0.0,23922.0,0,132.0,1,1,0
14,113,2007.0,173,5,0,2.0,0,265000.0,6400.0,2,154.0,0,1,0
11,34,2013.0,134,2,3,1.6,0,173400.0,10800.0,0,110.0,0,1,0
5,110,2024.0,91,4,3,1.2,1,0.0,24800.0,0,132.0,1,0,0
2,121,2023.0,21,2,3,1.5,1,0.0,27500.0,2,148.0,1,0,0
13,27,2024.0,151,2,1,2.0,1,0.0,74900.0,2,148.0,1,0,0
31,52,2021.0,335,2,3,2.5,1,40000.0,29600.0,1,257.0,1,0,0
36,97,2024.0,400,21,3,1.0,1,0.0,27360.0,0,110.0,0,0,0
11,34,2019.0,131,13,3,2.0,1,99890.0,19192.0,2,170.0,1,1,0
18,23,2024.0,199,13,3,1.3,1,0.0,33200.0,0,170.0,0,0,0
18,23,2019.0,200,18,3,2.4,0,49050.0,31500.0,1,170.0,0,0,0
2,124,2025.0,25,4,3,1.5,1,0.0,37800.0,0,185.0,0,0,0
18,42,2018.0,205,18,3,6.4,0,87028.0,105000.0,0,465.0,1,0,0
36,108,2025.0,414,2,3,2.0,1,0.0,45600.0,2,150.0,1,0,0
35,25,2024.0,367,4,3,2.0,0,9700.0,38392.0,1,170.0,0,0,0
1,75,2015.0,13,2,3,2.0,0,118000.0,32900.0,1,225.0,1,0,0
5,110,2025.0,95,13,3,1.2,0,0.0,27999.0,2,132.0,1,0,0
35,46,2016.0,375,18,0,2.8,1,109000.0,30400.0,1,177.0,1,1,0
35,25,2023.0,369,4,2,1.8,1,40000.0,33500.0,0,170.0,0,0,0
31,32,2018.0,327,22,3,1.6,1,100000.0,15920.0,0,110.0,0,1,0
35,25,2024.0,369,13,2,1.8,1,0.0,37520.0,1,170.0,0,0,0
36,96,2025.0,398,4,3,1.4,1,0.0,36800.0,2,150.0,0,0,0
11,34,2006.0,137,18,3,2.0,0,176000.0,5200.0,1,143.0,1,1,0
13,27,2010.0,154,21,3,2.4,0,170600.0,13000.0,1,185.0,0,0,0
28,51,2022.0,276,22,3,1.6,1,57000.0,25500.0,0,120.0,1,0,0
11,54,2022.0,142,13,2,2.5,1,28700.0,42490.0,0,123.0,1,0,0
3,125,2017.0,60,21,3,3.0,0,114000.0,54000.0,0,306.0,1,0,0
6,11,2022.0,110,13,3,1.6,1,45000.0,22400.0,1,165.0,0,0,0
35,25,2021.0,369,13,2,1.8,1,100000.0,28000.0,1,170.0,0,0,0
35,25,2022.0,369,2,2,1.8,1,75000.0,30900.0,1,170.0,0,0,0
35,25,2025.0,369,4,2,1.8,1,0.0,43900.0,0,170.0,0,0,0
36,97,2024.0,400,13,3,1.0,1,1111.0,24816.0,1,110.0,0,1,0
18,23,2021.0,198,2,3,2.4,1,30000.0,40900.0,0,170.0,1,1,0
28,51,2025.0,275,13,3,1.6,0,0.0,24400.0,2,120.0,0,0,0
18,42,2013.0,203,18,3,3.6,1,170000.0,23000.0,0,286.0,1,0,0
3,120,2013.0,44,18,3,2.0,1,91000.0,25800.0,0,184.0,1,1,0
18,23,2021.0,198,4,3,2.4,1,77000.0,27600.0,0,170.0,1,1,0
13,47,2020.0,157,4,3,1.8,1,98000.0,25500.0,0,154.0,0,0,0
11,34,2009.0,132,4,3,2.0,0,208000.0,8500.0,1,143.0,0,1,0
11,34,2014.0,134,4,3,1.6,0,100000.0,11120.0,0,110.0,0,1,0
36,63,2025.0,397,8,3,1.0,1,0.0,29520.0,2,101.0,0,0,0
21,92,2018.0,231,13,3,2.0,1,122000.0,25600.0,0,154.0,0,0,0
18,42,2012.0,203,18,3,3.6,1,175000.0,30000.0,0,286.0,1,0,0
3,125,2012.0,60,13,3,3.0,0,187000.0,34900.0,0,306.0,1,0,0
35,25,2025.0,370,4,3,2.0,1,0.0,32789.0,2,170.0,0,0,0
18,82,2025.0,213,13,3,1.3,1,0.0,30400.0,2,170.0,1,0,0
35,25,2022.0,369,4,3,2.0,1,45000.0,26000.0,1,170.0,0,0,0
31,32,2014.0,322,13,3,1.6,0,160000.0,11040.0,0,110.0,0,1,0
18,23,2025.0,200,4,3,1.3,1,0.0,30800.0,2,272.0,0,0,0
31,32,2020.0,327,4,3,2.0,1,52000.0,18000.0,1,143.0,0,1,0
10,71,2024.0,126,21,3,1.0,1,0.0,24960.0,0,110.0,0,0,0
36,96,2025.0,398,13,3,1.4,1,0.0,13840.0,2,150.0,0,0,0
28,51,2017.0,275,18,3,1.6,1,118000.0,17200.0,0,120.0,0,0,0
35,95,2025.0,393,4,0,2.8,1,0.0,56950.0,0,204.0,1,0,0
25,20,2011.0,263,13,3,3.0,0,195000.0,15000.0,0,231.0,1,0,0
25,18,2022.0,259,4,3,2.0,0,45000.0,118000.0,1,367.0,1,0,1
18,42,2013.0,204,2,3,3.6,1,120000.0,28500.0,0,286.0,1,0,0
36,108,2023.0,414,21,3,2.0,0,35000.0,42400.0,0,150.0,0,0,0
18,82,2025.0,208,13,3,1.3,1,0.0,29832.0,2,170.0,0,0,0
36,96,2025.0,398,4,3,1.4,1,0.0,36640.0,2,150.0,0,0,0
18,23,2024.0,199,4,3,1.3,1,0.0,30440.0,2,170.0,0,0,0
18,23,2020.0,198,18,3,2.4,1,60000.0,30500.0,1,170.0,1,1,0
31,32,2013.0,322,13,3,1.6,0,135000.0,9600.0,0,110.0,0,1,0
13,27,1998.0,153,18,3,2.0,0,345000.0,10000.0,0,148.0,1,1,0
29,0,2017.0,296,18,3,1.6,1,78610.0,14240.0,0,150.0,1,1,0
36,96,2024.0,398,13,3,1.4,1,1200.0,48000.0,0,150.0,0,0,0
3,125,2015.0,60,4,3,3.0,0,118400.0,79000.0,0,306.0,1,0,0
21,89,2018.0,226,4,0,2.2,0,77000.0,44000.0,0,154.0,1,0,0
5,110,2025.0,91,13,3,1.2,0,0.0,21950.0,2,132.0,1,0,0
18,116,2025.0,216,18,3,2.0,1,0.0,135000.0,2,272.0,1,0,1
11,34,2020.0,133,4,3,1.5,0,73000.0,18500.0,0,123.0,0,1,0
31,32,2024.0,329,21,3,1.3,1,0.0,26000.0,0,155.0,1,1,0
35,25,2024.0,369,4,3,2.0,1,0.0,40900.0,1,170.0,0,0,0
31,32,2013.0,322,13,3,1.6,0,130000.0,9840.0,1,110.0,0,1,0
36,97,2025.0,400,4,3,1.0,1,0.0,31200.0,2,110.0,0,0,0
36,97,2020.0,403,21,3,1.6,1,74000.0,18800.0,0,110.0,0,1,0
11,34,2014.0,134,5,3,1.6,0,143000.0,11800.0,0,110.0,0,1,0
2,124,2018.0,23,4,3,1.5,1,116000.0,19920.0,0,185.0,0,0,0
36,97,2024.0,400,18,3,1.0,1,0.0,22240.0,0,110.0,0,1,0
3,117,2012.0,29,13,0,2.0,0,233000.0,13000.0,1,177.0,1,1,0
36,96,2024.0,398,13,3,1.4,1,0.0,29680.0,0,150.0,0,0,0
1,73,2024.0,8,18,3,2.0,1,0.0,69000.0,2,180.0,1,0,0
13,27,2013.0,154,13,3,2.4,0,137700.0,21900.0,1,185.0,0,0,0
3,125,2010.0,60,18,3,3.0,1,120000.0,24000.0,0,306.0,1,0,0
18,42,2008.0,203,13,0,3.0,0,225000.0,17000.0,1,286.0,1,0,0
11,37,1995.0,138,22,3,4.0,0,350000.0,8500.0,1,110.0,1,1,0
31,32,2025.0,329,13,3,1.3,1,500.0,26800.0,1,155.0,1,0,0
10,71,2024.0,126,4,3,1.0,1,0.0,22400.0,0,110.0,0,0,0
36,96,2023.0,398,4,3,1.4,1,17500.0,35920.0,0,150.0,0,0,0
11,8,2023.0,129,13,3,2.0,1,36000.0,42500.0,0,110.0,1,0,0
18,82,2022.0,208,4,3,1.8,1,30000.0,27600.0,0,170.0,0,0,0
5,111,2025.0,96,13,0,2.8,0,0.0,46400.0,2,200.0,1,0,0
11,34,2018.0,134,4,3,1.5,0,87989.0,15900.0,0,123.0,0,1,0
5,110,2014.0,92,13,3,1.8,0,114000.0,10320.0,1,140.0,0,1,0
6,11,2020.0,106,13,3,1.6,1,69000.0,16800.0,1,165.0,0,0,0
5,110,2018.0,92,13,3,1.8,1,73000.0,17600.0,0,140.0,1,1,0
31,33,2016.0,334,4,3,2.0,0,98000.0,19500.0,2,138.0,1,1,0
36,96,2024.0,398,13,3,1.4,1,0.0,33440.0,0,150.0,0,0,0
28,51,2018.0,275,13,3,1.6,1,85000.0,19200.0,1,120.0,0,0,0
5,110,2021.0,92,18,3,1.2,1,103000.0,20800.0,0,132.0,1,0,0
28,51,2020.0,275,13,3,1.6,1,81000.0,19840.0,2,120.0,0,0,0
11,34,2014.0,133,4,3,1.6,0,87300.0,11480.0,0,110.0,0,1,0
14,113,2025.0,183,4,3,1.6,1,0.0,57990.0,0,154.0,0,0,0
11,34,2017.0,134,21,3,1.6,0,60500.0,13952.0,1,110.0,0,1,0
11,34,2017.0,134,22,3,1.5,0,74715.0,14400.0,0,123.0,0,1,0
28,51,2020.0,276,4,3,1.6,0,78000.0,22800.0,0,120.0,1,0,0
31,33,2021.0,333,13,3,1.6,0,92000.0,19600.0,2,110.0,0,1,0
13,27,2015.0,154,26,3,2.4,1,149000.0,16800.0,1,185.0,0,0,0
28,51,2020.0,278,4,3,1.6,1,58200.0,22320.0,0,120.0,0,0,0
11,34,2020.0,134,4,3,1.5,0,85100.0,17174.0,0,123.0,0,1,0
25,20,2013.0,263,18,3,3.5,0,180000.0,23500.0,0,247.0,1,0,0
6,10,2021.0,103,4,3,1.6,0,21000.0,19650.0,0,120.0,0,1,0
29,0,2025.0,297,13,3,1.0,1,0.0,28229.0,2,120.0,0,0,0
29,0,2021.0,293,13,3,1.6,0,45000.0,16400.0,0,120.0,0,1,0
10,71,2022.0,125,13,3,1.3,1,17740.0,20000.0,1,110.0,0,0,0
6,11,2017.0,110,8,3,1.2,0,98000.0,14240.0,0,165.0,0,0,0
36,63,2025.0,397,13,3,1.0,1,0.0,31200.0,2,101.0,0,0,0
36,97,2020.0,403,13,3,1.6,1,70000.0,20320.0,0,110.0,0,1,0
14,26,2016.0,163,4,3,1.6,0,93000.0,17200.0,0,115.0,0,1,0
3,125,2013.0,62,2,3,4.4,0,75000.0,69000.0,2,555.0,1,0,0
5,110,2025.0,92,4,3,1.2,1,1500.0,27500.0,0,132.0,1,0,0
36,63,2025.0,397,4,3,1.0,1,0.0,30792.0,2,101.0,0,0,0
18,23,2022.0,200,4,3,1.3,0,45000.0,31477.0,2,170.0,0,0,0
21,90,2011.0,229,4,3,1.6,0,208000.0,10500.0,0,132.0,0,1,0
18,23,2024.0,200,18,3,1.3,1,0.0,35760.0,1,170.0,0,0,0
14,113,2018.0,180,13,3,2.0,1,140000.0,30000.0,1,154.0,0,0,0
11,34,2020.0,134,4,3,1.5,0,77000.0,18000.0,2,123.0,0,1,0
1,78,2025.0,17,13,3,3.0,1,0.0,177000.0,2,340.0,1,0,0
18,42,2019.0,203,18,3,3.6,0,65000.0,55000.0,0,286.0,1,0,0
22,29,2008.0,237,13,0,2.7,0,148000.0,23500.0,0,240.0,0,0,0
36,107,2018.0,409,13,3,1.4,1,110000.0,28400.0,1,150.0,1,1,0
29,0,2020.0,299,4,3,1.6,0,44697.0,19520.0,0,120.0,0,1,0
18,82,2024.0,209,4,3,1.3,1,0.0,31544.0,2,175.0,0,0,0
36,96,2021.0,398,13,3,1.4,1,59050.0,38000.0,1,150.0,0,0,0
1,77,2018.0,16,13,3,3.0,1,69000.0,69000.0,1,333.0,1,0,0
35,95,2023.0,393,4,0,2.8,1,19000.0,56000.0,1,204.0,1,0,0
36,97,2019.0,400,17,3,1.6,0,75000.0,19120.0,0,110.0,0,0,0
36,96,2023.0,398,18,3,1.4,1,35000.0,29200.0,1,150.0,0,0,0
6,11,2020.0,106,18,3,1.6,0,90000.0,16720.0,1,165.0,0,1,0
18,23,2024.0,200,13,3,1.3,1,0.0,36000.0,1,170.0,0,0,0
5,110,2023.0,92,2,3,1.2,1,0.0,26480.0,0,132.0,1,0,0
35,25,2022.0,370,13,3,2.0,0,69000.0,35000.0,0,170.0,0,0,0
29,1,2018.0,303,2,0,2.0,1,97000.0,28000.0,1,165.0,1,0,0
11,34,2011.0,132,13,3,1.6,0,139300.0,8900.0,0,110.0,0,1,0
31,13,2017.0,320,13,3,2.0,0,125000.0,15600.0,0,110.0,0,1,0
36,63,2020.0,397,4,3,1.0,0,60000.0,24500.0,0,101.0,0,0,0
36,107,2014.0,409,21,3,2.0,0,140000.0,21000.0,0,200.0,1,0,0
10,71,2025.0,126,20,3,1.0,1,0.0,25713.0,0,110.0,0,0,0
18,82,2021.0,208,2,3,2.4,1,50000.0,24000.0,0,170.0,0,0,0
31,32,2018.0,327,13,3,1.6,1,80000.0,14880.0,0,110.0,0,1,0
11,100,2022.0,144,4,3,1.5,0,53000.0,32500.0,0,143.0,0,0,0
5,110,2024.0,94,4,3,1.2,1,0.0,21560.0,2,132.0,0,0,0
36,96,2024.0,398,13,3,1.4,1,500.0,34800.0,0,150.0,0,0,0
18,23,2025.0,200,18,3,1.3,1,0.0,36400.0,2,272.0,0,0,0
6,11,2022.0,110,18,3,1.6,1,46000.0,21900.0,1,165.0,0,0,0
18,23,2025.0,200,18,3,1.3,1,0.0,45000.0,0,272.0,0,0,0
25,19,2018.0,262,2,3,3.0,1,90000.0,89900.0,0,333.0,1,0,1
31,13,2022.0,318,22,3,2.0,1,31600.0,14000.0,0,110.0,0,1,0
36,96,2024.0,398,13,3,1.4,1,0.0,31920.0,2,150.0,0,0,0
2,121,2025.0,21,22,3,1.5,1,0.0,26900.0,0,148.0,1,0,0
36,96,2025.0,398,18,3,1.4,1,1800.0,31600.0,0,150.0,0,0,0
36,96,2025.0,398,13,3,1.4,1,0.0,35599.0,2,150.0,0,0,0
18,23,2024.0,199,4,3,1.3,1,0.0,26765.0,2,170.0,0,0,0
28,51,2025.0,276,4,3,1.6,1,0.0,22200.0,0,120.0,1,0,0
31,33,2016.0,333,4,3,2.0,0,90700.0,16888.0,2,110.0,0,1,0
35,25,2023.0,369,22,2,1.8,1,44000.0,34000.0,0,170.0,0,0,0
4,101,2012.0,65,18,3,2.0,0,176000.0,8400.0,1,127.0,0,1,0
31,32,2013.0,322,18,3,1.6,0,185000.0,10068.0,1,110.0,0,1,0
1,72,2025.0,5,13,3,1.5,0,0.0,49000.0,2,150.0,1,0,0
1,73,2025.0,7,22,3,2.0,1,0.0,68000.0,0,180.0,1,0,0
11,54,2016.0,142,4,3,2.0,1,85000.0,17600.0,1,143.0,1,0,0
21,89,2010.0,225,18,0,2.2,0,216000.0,18400.0,0,170.0,1,0,0
36,96,2022.0,398,2,3,1.4,1,45000.0,31200.0,0,150.0,0,0,0
31,32,2017.0,327,18,3,1.6,1,153000.0,11800.0,1,110.0,0,1,0
36,97,2025.0,400,13,3,1.0,1,0.0,23600.0,2,110.0,0,1,0
11,34,2018.0,134,22,3,1.5,0,139468.0,17900.0,0,123.0,0,1,0
28,130,2007.0,286,13,3,2.5,0,160000.0,12500.0,0,257.0,1,0,0
11,34,2012.0,132,18,3,1.6,0,102000.0,10000.0,0,110.0,0,1,0
1,73,2021.0,8,21,3,1.4,0,58700.0,43000.0,2,150.0,1,0,0
28,51,2018.0,276,17,3,1.6,1,123000.0,17500.0,1,120.0,1,0,0
35,95,2016.0,393,15,0,2.8,1,158000.0,32900.0,1,177.0,1,1,0
3,122,2016.0,53,4,3,3.0,1,127000.0,46000.0,0,306.0,1,0,0
1,75,2020.0,13,21,3,2.0,0,102000.0,43500.0,0,252.0,1,0,0
5,110,2025.0,95,22,3,1.2,0,0.0,21840.0,2,132.0,1,0,0
8,50,2012.0,115,21,3,2.4,0,230000.0,8800.0,0,170.0,1,0,0
18,15,2006.0,193,2,3,3.7,0,250000.0,15000.0,1,205.0,0,0,0
31,32,2025.0,329,21,3,1.3,1,2300.0,23592.0,2,155.0,1,0,0
5,110,2024.0,95,4,3,1.2,1,0.0,28400.0,2,132.0,1,0,0
1,77,2021.0,15,13,0,3.0,0,61400.0,120000.0,2,249.0,1,0,0
31,32,2025.0,329,13,3,1.3,1,0.0,26888.0,2,155.0,1,1,0
13,47,2018.0,157,13,3,1.8,1,90000.0,19840.0,1,154.0,0,0,0
31,32,2016.0,327,13,3,1.6,1,91000.0,12800.0,0,110.0,0,1,0
36,97,2025.0,400,22,3,1.0,0,0.0,32160.0,0,110.0,0,0,0
14,86,2016.0,172,13,3,2.4,0,90000.0,28000.0,0,110.0,0,0,0
18,82,2025.0,213,4,3,1.3,1,0.0,35040.0,0,170.0,1,0,0
18,82,2019.0,210,22,3,1.8,0,89000.0,20400.0,0,170.0,0,0,0
25,19,2019.0,262,13,3,3.0,0,45000.0,115900.0,0,333.0,1,0,1
31,32,2019.0,327,15,3,1.6,1,51000.0,17000.0,1,110.0,0,1,0
10,71,2022.0,126,4,3,1.0,1,40000.0,21600.0,0,110.0,0,0,0
31,32,2025.0,329,13,3,1.3,1,0.0,25760.0,2,155.0,1,0,0
13,27,2012.0,154,21,3,2.4,0,214000.0,24500.0,0,185.0,0,0,0
6,11,2020.0,110,13,3,1.6,1,91000.0,17990.0,2,165.0,0,0,0
18,23,2018.0,200,18,3,2.4,0,70000.0,27500.0,0,170.0,0,0,0
13,27,2007.0,154,13,3,2.4,0,280000.0,11000.0,1,185.0,1,1,0
18,23,2024.0,200,4,3,1.3,1,0.0,35600.0,2,170.0,0,0,0
31,32,2011.0,327,13,3,2.0,0,126500.0,14000.0,1,143.0,1,1,0
5,110,2024.0,95,4,3,1.2,1,0.0,21352.0,2,132.0,1,0,0
11,34,2018.0,136,21,3,1.5,1,137000.0,14792.0,2,123.0,0,1,0
28,51,2018.0,275,4,3,1.6,1,124897.0,18880.0,0,120.0,0,0,0
11,100,2022.0,144,4,3,1.5,0,36000.0,29520.0,0,143.0,0,0,0
11,34,2013.0,134,13,3,2.0,0,140000.0,14490.0,2,143.0,0,1,0
5,110,2024.0,95,18,3,1.2,1,1000.0,22160.0,2,132.0,1,1,0
11,34,2009.0,132,18,3,1.6,0,179000.0,7680.0,0,110.0,0,1,0
1,75,2024.0,13,13,3,2.0,1,0.0,86900.0,2,252.0,1,0,0
18,23,2025.0,200,18,3,1.3,1,0.0,31600.0,2,272.0,0,0,0
35,25,2025.0,370,13,3,2.0,1,0.0,37440.0,0,170.0,0,0,0
4,101,2017.0,65,3,3,1.6,1,113361.0,14640.0,0,125.0,0,1,0
3,117,2012.0,34,18,3,2.0,0,147000.0,16800.0,0,150.0,1,1,0
11,34,2017.0,130,4,3,1.5,1,92000.0,17880.0,2,123.0,0,1,0
35,25,2022.0,371,13,3,2.0,0,37000.0,26320.0,1,170.0,0,0,0
36,108,2025.0,414,13,3,2.0,1,0.0,46800.0,0,150.0,1,0,0
35,25,2024.0,371,4,3,2.0,1,0.0,31600.0,0,170.0,0,0,0
36,63,2024.0,397,2,3,1.0,1,0.0,22480.0,1,116.0,0,0,0
18,23,2025.0,201,21,3,2.0,0,0.0,44872.0,0,272.0,1,0,0
11,100,2024.0,144,2,3,1.8,1,4000.0,35200.0,1,85.0,1,0,0
36,109,2007.0,417,8,3,4.2,0,196000.0,16000.0,1,240.0,0,0,0
36,96,2025.0,398,13,3,1.4,1,0.0,27120.0,2,150.0,0,0,0
36,63,2024.0,397,2,3,1.0,1,1111.0,23600.0,1,116.0,0,0,0
11,34,2011.0,132,18,3,1.6,0,148000.0,9040.0,1,110.0,0,1,0
29,1,2022.0,302,13,2,1.6,1,80000.0,42800.0,1,300.0,1,0,0
28,51,2022.0,277,18,3,1.6,0,45000.0,18800.0,1,120.0,0,1,0
13,27,1998.0,153,26,3,2.0,0,200000.0,3600.0,1,148.0,1,0,0
0,94,2022.0,3,18,3,2.0,0,45000.0,74000.0,0,280.0,0,0,0
1,73,2025.0,8,13,3,2.0,1,0.0,64800.0,2,180.0,1,0,0
14,113,2019.0,176,4,3,2.0,1,56000.0,28400.0,0,154.0,0,0,0
36,96,2023.0,398,4,3,1.4,1,21000.0,34800.0,0,150.0,0,0,0
4,105,2018.0,75,4,3,2.0,1,145000.0,14400.0,1,127.0,1,0,0
36,96,2025.0,398,4,3,1.4,1,0.0,30000.0,2,150.0,0,0,0
18,23,2021.0,199,13,3,2.4,1,48000.0,24400.0,1,170.0,0,1,0
29,0,2019.0,296,21,3,1.6,1,114000.0,13600.0,1,150.0,1,1,0
3,118,2025.0,35,13,3,2.0,1,0.0,82900.0,0,204.0,1,0,0
29,0,2017.0,292,4,3,1.6,0,55000.0,12800.0,1,120.0,0,1,0
21,90,2011.0,230,3,3,1.6,0,135000.0,11600.0,1,132.0,0,0,0
18,23,2024.0,200,18,3,1.3,1,1000.0,38400.0,0,170.0,0,0,0
4,104,2025.0,73,21,3,1.5,1,0.0,29500.0,0,127.0,1,0,0
31,32,2021.0,327,22,3,1.6,1,42400.0,19040.0,1,110.0,0,1,0
6,10,2025.0,103,13,3,1.6,1,0.0,21200.0,2,120.0,0,1,0
29,0,2020.0,296,4,3,1.6,0,73000.0,17800.0,1,150.0,1,1,0
5,110,2015.0,92,13,3,1.8,0,85222.0,13040.0,1,140.0,0,1,0
36,97,2024.0,400,13,3,1.0,1,0.0,17000.0,1,110.0,0,0,0
36,109,2012.0,416,18,0,3.0,0,155000.0,18000.0,1,240.0,0,0,0
29,0,2019.0,296,21,3,1.6,1,126000.0,14320.0,0,150.0,1,1,0
36,96,2021.0,398,2,3,1.4,1,54000.0,28720.0,0,150.0,0,0,0
13,47,2019.0,157,13,3,1.8,1,78000.0,24000.0,1,154.0,0,0,0
35,46,2017.0,375,13,0,2.8,1,98000.0,33600.0,0,177.0,1,0,0
36,97,2024.0,400,13,3,1.0,1,1111.0,23652.0,1,110.0,0,0,0
5,110,2024.0,95,4,3,1.2,1,1000.0,22751.0,2,132.0,1,0,0
27,66,2012.0,274,4,3,2.0,0,140000.0,17000.0,1,150.0,1,0,0
5,110,2013.0,92,13,3,1.8,1,109000.0,15000.0,1,140.0,1,0,0
36,108,2018.0,414,4,3,2.0,0,105000.0,32000.0,0,150.0,1,0,0
36,108,2025.0,414,4,3,2.0,1,0.0,46687.0,2,150.0,1,0,0
11,54,2023.0,140,2,2,2.5,0,13000.0,1000.0,0,180.0,1,0,0
21,92,2018.0,231,2,3,2.0,1,140000.0,23500.0,0,154.0,0,0,0
5,110,2019.0,92,13,3,1.8,1,39000.0,19800.0,0,140.0,1,1,0
6,10,2024.0,103,22,3,1.0,1,0.0,22800.0,0,120.0,0,0,0
28,51,2020.0,276,13,3,1.6,0,69000.0,19200.0,0,120.0,1,0,0
14,113,2008.0,178,13,0,2.0,0,111111.0,9000.0,0,154.0,1,0,0
31,32,2025.0,325,15,3,1.6,1,0.0,25280.0,0,115.0,1,1,0
5,110,2017.0,92,18,3,1.8,1,89000.0,17500.0,0,140.0,1,0,0
36,97,2025.0,400,13,3,1.0,1,0.0,23840.0,2,110.0,0,0,0
13,27,2024.0,154,13,3,1.5,1,0.0,51900.0,0,185.0,0,0,0
18,82,2017.0,210,10,3,1.8,1,98000.0,14000.0,2,170.0,0,0,0
11,34,2021.0,136,18,3,1.5,0,51800.0,19200.0,1,123.0,0,1,0
36,97,2022.0,400,2,3,1.0,0,54700.0,29080.0,0,110.0,0,0,0
31,32,2013.0,326,18,3,2.0,0,175000.0,12800.0,0,138.0,1,1,0
36,107,2011.0,409,4,0,2.0,0,125000.0,15000.0,1,140.0,1,0,0
28,51,2023.0,275,4,3,1.6,1,25000.0,24800.0,0,120.0,0,0,0
11,34,2019.0,134,4,3,1.5,0,75000.0,15920.0,0,123.0,0,1,0
29,0,2018.0,299,4,3,1.6,1,70000.0,7920.0,0,120.0,0,1,0
11,34,2019.0,136,2,3,1.5,1,48000.0,17200.0,1,123.0,0,1,0
18,82,2025.0,210,18,3,1.8,1,0.0,23992.0,2,170.0,0,0,0
25,18,2016.0,258,4,3,2.0,1,135000.0,46000.0,0,367.0,1,0,0
5,110,2024.0,91,13,3,1.2,1,0.0,24400.0,2,132.0,1,0,0
29,0,2018.0,296,4,3,1.6,1,112000.0,16000.0,0,150.0,1,1,0
36,107,2013.0,409,4,3,2.0,0,214000.0,16500.0,1,200.0,1,1,0
34,115,1993.0,362,22,3,1.6,0,200000.0,5600.0,1,120.0,1,1,1
31,32,2018.0,327,4,3,2.0,1,87000.0,7992.0,0,143.0,0,1,0
36,63,2024.0,397,18,3,1.0,1,9700.0,25360.0,0,116.0,0,0,0
35,25,2022.0,370,21,3,2.0,0,58000.0,30800.0,0,170.0,0,0,0
5,111,2025.0,96,13,0,2.8,0,0.0,46759.0,2,200.0,1,0,0
13,27,2016.0,154,21,3,2.4,1,100000.0,23000.0,0,185.0,0,0,0
13,27,2011.0,152,2,3,2.4,0,160000.0,13200.0,0,185.0,1,0,0
35,81,2014.0,382,13,2,2.0,0,168343.0,17296.0,2,200.0,0,0,0
3,118,2019.0,37,4,3,2.0,1,41000.0,51900.0,1,205.0,1,0,0
1,75,2010.0,13,21,3,2.0,1,159000.0,19900.0,1,252.0,1,0,0
5,110,2018.0,92,13,3,1.8,1,105000.0,12000.0,0,140.0,1,1,0
18,82,2021.0,210,4,3,1.8,1,81000.0,23500.0,0,170.0,0,1,0
36,96,2025.0,398,13,3,1.4,1,500.0,32240.0,1,150.0,0,0,0
18,82,2017.0,210,13,3,1.8,1,95500.0,17500.0,1,170.0,0,1,0
18,23,2023.0,198,15,3,2.4,0,21000.0,32000.0,0,170.0,1,0,0
11,34,2011.0,132,13,3,1.6,0,154000.0,9520.0,0,110.0,0,1,0
6,10,2024.0,103,21,3,1.0,1,0.0,25200.0,2,120.0,0,0,0
31,33,2017.0,333,13,3,2.0,1,89000.0,15840.0,2,110.0,0,1,0
5,110,2018.0,92,4,3,1.8,1,109200.0,20500.0,0,140.0,1,1,0
29,0,2024.0,292,4,3,1.0,1,0.0,26584.0,0,120.0,0,1,0
5,110,2025.0,92,13,3,1.2,1,0.0,24720.0,2,132.0,1,0,0
5,35,2023.0,83,13,3,1.5,1,34000.0,30400.0,0,105.0,1,0,0
1,75,2018.0,13,2,3,2.0,0,50000.0,43500.0,0,252.0,1,0,0
31,32,2017.0,327,4,3,1.6,1,117000.0,16300.0,0,110.0,0,1,0
36,97,2019.0,402,21,3,1.6,0,113000.0,19120.0,0,116.0,0,0,0
5,110,2017.0,92,22,3,1.8,1,86000.0,17600.0,0,140.0,1,0,0
36,108,2018.0,414,7,2,2.0,0,108425.0,25536.0,2,150.0,1,0,0
28,51,2025.0,276,2,3,1.6,1,0.0,28440.0,2,120.0,1,0,0
31,32,2012.0,327,18,3,1.6,0,186000.0,8640.0,1,110.0,0,1,0
5,110,2025.0,95,18,3,1.2,0,0.0,30353.0,2,132.0,1,0,0
18,42,2013.0,204,13,3,3.6,1,198000.0,26500.0,0,286.0,1,0,0
36,96,2023.0,398,4,3,1.4,1,11111.0,36496.0,1,150.0,0,0,0
28,51,2025.0,279,13,3,1.6,1,0.0,26800.0,0,120.0,0,0,0
4,103,2017.0,70,5,3,1.6,1,98000.0,12700.0,1,110.0,0,1,0
28,51,2025.0,275,13,3,1.6,0,0.0,24400.0,2,120.0,0,0,0
5,110,2019.0,92,4,3,1.8,0,47000.0,17200.0,1,140.0,1,1,0
10,71,2022.0,126,2,3,1.0,1,17000.0,22400.0,1,110.0,0,0,0
31,13,2018.0,318,4,3,1.6,1,105000.0,15440.0,0,110.0,0,0,0
18,22,2025.0,195,18,3,1.3,1,0.0,40792.0,2,272.0,0,0,0
1,77,2025.0,16,13,3,3.0,0,0.0,155008.0,2,333.0,1,0,0
3,118,2019.0,37,4,3,2.0,1,100000.0,47500.0,0,205.0,1,0,0
18,82,2025.0,212,13,3,1.3,1,0.0,35601.0,2,170.0,1,0,0
36,97,2025.0,400,13,3,1.0,1,0.0,23120.0,2,110.0,0,0,0
11,34,2015.0,134,13,3,1.6,0,110000.0,12900.0,1,110.0,0,1,0
36,96,2024.0,398,13,3,1.4,1,0.0,30724.0,1,150.0,0,0,0
31,52,2014.0,337,2,3,2.5,0,109700.0,10800.0,0,110.0,0,1,0
25,57,2008.0,267,18,3,3.0,0,120000.0,50000.0,1,110.0,1,0,0
28,51,2025.0,276,22,3,1.6,1,0.0,28400.0,2,120.0,1,0,0
36,97,2025.0,400,22,3,1.0,1,0.0,24800.0,0,110.0,0,0,0
31,32,2025.0,329,13,3,1.3,1,0.0,23616.0,2,155.0,1,0,0
18,82,2025.0,209,13,3,1.3,1,0.0,30152.0,0,170.0,0,0,0
28,51,2023.0,275,13,3,1.6,1,20000.0,26000.0,0,120.0,0,0,0
34,44,2008.0,351,5,3,2.0,1,217000.0,10500.0,0,110.0,1,1,0
11,34,2018.0,134,17,3,1.5,0,100700.0,14800.0,0,123.0,0,1,0
4,103,2016.0,70,4,3,1.6,1,112000.0,12000.0,1,110.0,0,1,0
29,0,2018.0,299,21,3,1.6,1,104500.0,14000.0,1,120.0,0,1,0
35,25,2025.0,369,13,2,1.8,0,0.0,43000.0,0,170.0,0,0,0
6,11,2021.0,110,18,3,1.6,1,68000.0,19200.0,0,165.0,0,0,0
5,110,2018.0,92,13,3,1.8,1,98174.0,14800.0,2,140.0,0,1,0
31,32,2019.0,327,21,3,2.0,1,67256.0,17524.0,0,143.0,1,1,0
5,110,2024.0,95,2,3,1.2,1,1000.0,28720.0,0,132.0,1,0,0
18,23,2019.0,200,13,3,2.4,0,73000.0,27680.0,0,170.0,0,0,0
11,34,2014.0,136,5,3,1.6,0,87600.0,12400.0,1,110.0,0,1,0
29,0,2018.0,296,4,3,1.6,1,46000.0,18000.0,1,150.0,1,1,0
28,51,2023.0,275,13,3,1.6,1,20000.0,26000.0,0,120.0,0,0,0
31,33,2021.0,332,17,3,1.6,0,91000.0,17600.0,2,110.0,0,1,0
34,44,2006.0,353,22,3,1.6,0,151400.0,12000.0,1,110.0,1,1,1
28,51,2021.0,276,21,3,1.6,1,52000.0,26000.0,0,120.0,1,0,0
28,51,2018.0,276,21,3,1.6,1,45000.0,20799.0,0,120.0,1,0,0
31,32,2024.0,329,13,3,1.3,1,0.0,24400.0,2,155.0,1,1,0
36,63,2025.0,397,22,3,1.0,1,1500.0,31600.0,0,101.0,0,0,0
35,81,2011.0,382,18,3,2.4,1,160000.0,14800.0,0,257.0,1,0,0
18,23,2020.0,197,4,3,2.4,1,88000.0,29900.0,0,170.0,1,1,0
3,117,2020.0,34,18,3,1.8,0,67000.0,38900.0,0,192.0,1,0,0
11,34,2013.0,133,18,3,1.6,0,137000.0,11200.0,0,110.0,0,1,0
36,97,2020.0,403,4,3,1.6,1,70796.0,19600.0,2,110.0,0,1,0
13,70,2009.0,159,13,3,3.5,0,182427.0,17900.0,0,257.0,0,0,0
5,110,2025.0,92,13,3,1.2,1,0.0,25520.0,2,132.0,1,0,0
5,110,2025.0,91,4,3,1.2,0,0.0,21200.0,2,132.0,1,0,0
6,10,2025.0,103,4,3,1.0,1,0.0,23800.0,2,120.0,0,0,0
11,34,2012.0,132,13,3,1.6,0,135000.0,9440.0,0,110.0,0,1,0
29,0,2025.0,292,13,3,1.0,1,0.0,11200.0,2,120.0,0,1,0
6,11,2018.0,110,4,3,1.6,0,52000.0,14800.0,0,165.0,0,0,0
5,110,2025.0,92,13,3,1.2,1,0.0,25922.0,2,132.0,1,0,0
18,82,2024.0,210,4,3,1.8,1,5100.0,27600.0,0,175.0,0,0,0
5,110,2016.0,92,18,3,1.8,1,87000.0,15000.0,0,140.0,1,0,0
30,14,2012.0,306,2,2,3.0,0,162000.0,51000.0,0,380.0,0,0,0
5,110,2019.0,92,4,3,1.8,1,81988.0,19120.0,0,140.0,0,1,0
35,95,2025.0,389,13,0,2.8,0,0.0,63120.0,2,204.0,1,0,0
9,31,2022.0,119,13,2,1.6,0,25000.0,48800.0,0,300.0,1,0,0
21,89,2019.0,226,13,0,2.2,1,91000.0,39900.0,0,154.0,1,0,0
18,15,1998.0,194,22,3,4.0,0,470000.0,7000.0,0,170.0,1,1,0
36,96,2025.0,398,2,3,1.4,1,0.0,31200.0,2,150.0,0,0,0
5,110,2024.0,92,18,3,1.2,0,1000.0,24000.0,2,132.0,1,0,0
11,34,2019.0,136,4,3,1.5,1,122000.0,19800.0,1,123.0,0,1,0
28,51,2018.0,275,0,3,1.6,1,80300.0,20360.0,2,120.0,0,0,0
11,34,2016.0,133,13,3,1.6,0,118000.0,11400.0,0,110.0,0,1,0
5,110,2017.0,92,22,3,1.8,1,98000.0,15840.0,1,140.0,1,0,0
29,0,2020.0,293,21,3,1.6,0,45000.0,17600.0,0,120.0,0,1,0
36,96,2023.0,398,2,3,1.4,1,13000.0,30500.0,0,150.0,0,0,0
1,77,2025.0,16,13,2,3.0,0,0.0,149500.0,0,340.0,1,0,0
18,15,2009.0,193,18,3,3.7,0,205000.0,16000.0,1,205.0,0,0,0
31,32,2016.0,327,4,4,1.6,1,159000.0,14400.0,0,110.0,0,1,0
8,50,2013.0,115,18,3,2.4,1,130000.0,17600.0,0,170.0,1,0,0
36,97,2020.0,400,4,3,1.6,0,70796.0,23200.0,0,110.0,0,0,0
10,71,2025.0,125,4,3,1.3,1,0.0,21360.0,2,110.0,0,0,0
35,25,2024.0,369,13,2,1.8,1,0.0,36000.0,1,170.0,0,0,0
6,11,2022.0,106,13,3,1.6,0,32000.0,20800.0,0,165.0,0,1,0
35,46,2013.0,374,13,0,3.0,0,140000.0,28000.0,0,171.0,1,1,0
36,97,2025.0,400,13,3,1.0,1,0.0,23744.0,2,110.0,0,0,0
29,0,2025.0,297,18,3,1.0,1,0.0,31140.0,0,120.0,0,0,0
11,34,2016.0,134,22,3,1.6,0,150000.0,10400.0,1,110.0,0,1,0
36,97,2020.0,402,13,3,1.6,1,92000.0,20400.0,0,116.0,0,1,0
13,47,2016.0,157,13,3,1.8,1,70300.0,20792.0,2,132.0,0,0,0
5,110,2024.0,94,4,3,1.2,1,0.0,26320.0,2,132.0,0,0,0
18,82,2024.0,210,2,3,1.8,1,0.0,25200.0,0,175.0,0,0,0
11,34,2015.0,133,17,0,1.5,0,120000.0,12500.0,1,90.0,0,1,0
18,82,2016.0,208,21,3,2.4,1,122000.0,20900.0,1,170.0,1,0,0
11,34,2018.0,134,4,3,1.5,0,67985.0,16700.0,0,123.0,0,1,0
29,0,2025.0,292,2,3,1.0,1,0.0,16400.0,2,120.0,0,1,0
6,11,2018.0,110,18,3,1.2,1,80000.0,14320.0,0,165.0,0,0,0
31,32,2019.0,327,4,3,1.6,0,91000.0,17200.0,0,110.0,0,1,0
6,11,2020.0,106,18,3,1.6,0,90000.0,16640.0,0,165.0,0,0,0
36,96,2025.0,398,21,3,1.4,1,0.0,31360.0,2,150.0,0,0,0
11,34,2019.0,130,2,3,1.5,0,44500.0,15600.0,2,123.0,0,1,0
36,97,2024.0,400,4,3,1.0,1,0.0,29600.0,0,110.0,0,0,0
11,37,2001.0,138,2,3,4.0,0,215000.0,10800.0,1,110.0,0,1,0
18,82,2021.0,208,4,3,1.8,1,117000.0,22400.0,0,170.0,0,0,0
8,50,2017.0,115,4,3,2.4,1,108000.0,23000.0,1,170.0,1,1,0
21,89,2011.0,226,15,3,2.4,0,160000.0,15900.0,1,163.0,1,0,0
6,11,2020.0,106,18,3,1.6,1,52000.0,16400.0,1,165.0,0,0,0
6,11,2019.0,110,13,3,1.6,1,45800.0,18392.0,2,165.0,0,0,0
29,0,2019.0,299,22,3,1.6,1,70000.0,19000.0,1,120.0,0,1,0
28,68,2001.0,283,13,3,3.3,0,290000.0,9000.0,1,123.0,1,0,0
8,50,2013.0,115,22,3,2.4,0,88000.0,16000.0,1,170.0,1,0,0
34,44,2001.0,350,2,0,2.0,0,321000.0,9500.0,1,170.0,1,1,0
35,95,2024.0,393,13,0,2.8,0,5800.0,60000.0,1,204.0,1,0,0
5,110,2023.0,92,13,3,1.2,1,52000.0,20800.0,2,132.0,1,0,0
35,46,2011.0,374,13,0,3.0,0,160000.0,25600.0,0,171.0,1,1,0
3,117,2021.0,34,13,3,2.0,0,45000.0,43000.0,1,192.0,1,1,0
28,51,2021.0,276,4,3,1.6,1,70000.0,24400.0,0,120.0,1,0,0
25,18,2017.0,258,4,3,2.0,1,133000.0,45000.0,0,367.0,1,0,0
36,97,2025.0,400,4,3,1.0,0,0.0,25080.0,2,110.0,0,0,0
3,120,2018.0,41,13,3,2.0,0,62000.0,40000.0,0,245.0,1,0,0
18,82,2024.0,208,13,3,1.3,1,0.0,29520.0,2,175.0,0,0,0
22,36,2013.0,241,4,3,2.0,0,113500.0,33000.0,0,240.0,0,0,0
6,11,2022.0,106,13,3,1.6,0,45000.0,15920.0,0,165.0,0,1,0
36,97,2020.0,403,18,3,1.6,1,70796.0,20000.0,1,110.0,0,1,0
10,71,2025.0,125,18,3,1.3,0,0.0,18000.0,0,110.0,0,0,0
11,34,2015.0,134,18,3,1.6,0,113000.0,12560.0,0,110.0,0,1,0
18,42,1998.0,203,26,3,5.2,0,174000.0,16500.0,0,286.0,1,1,0
29,0,2016.0,299,4,3,1.6,0,130000.0,11000.0,2,120.0,0,1,0
36,108,2025.0,414,13,3,2.0,1,0.0,46392.0,2,150.0,1,0,0
6,11,2019.0,110,22,3,1.6,1,63000.0,15920.0,0,165.0,0,0,0
14,113,2008.0,179,13,3,2.0,0,250000.0,5600.0,1,154.0,0,1,0
29,0,2025.0,297,4,3,1.2,1,0.0,25060.0,0,120.0,0,0,0
11,34,2020.0,136,21,3,1.5,1,119000.0,19200.0,0,123.0,0,1,0
18,82,2024.0,210,4,3,1.8,1,2000.0,24240.0,2,175.0,0,0,0
14,86,2018.0,171,4,3,2.4,0,93000.0,31000.0,1,110.0,1,0,0
30,14,2014.0,307,4,3,3.6,1,100000.0,45000.0,1,300.0,0,0,0
31,32,2015.0,330,26,3,2.0,1,105000.0,14000.0,0,138.0,1,1,0
36,107,2025.0,409,21,3,2.0,1,0.0,45120.0,2,200.0,1,0,0
36,96,2025.0,398,13,3,1.4,1,0.0,29924.0,0,150.0,0,0,0
11,34,2014.0,134,4,3,1.6,0,99000.0,12400.0,0,110.0,0,1,0
11,34,2017.0,136,4,3,1.6,1,82000.0,17360.0,0,110.0,0,1,0
5,110,2015.0,92,22,3,1.8,1,120000.0,14000.0,0,140.0,0,1,0
36,63,2024.0,397,18,3,1.0,1,1111.0,24080.0,1,116.0,0,0,0
31,52,2012.0,336,4,3,2.5,1,104000.0,10800.0,0,110.0,1,1,0
5,110,2015.0,92,13,3,1.8,1,73400.0,7500.0,0,140.0,1,0,0
5,110,2025.0,92,22,3,1.2,1,0.0,23760.0,2,132.0,1,0,0
35,25,2025.0,371,4,3,2.0,1,0.0,30240.0,2,170.0,0,0,0
18,23,2024.0,200,4,3,1.3,1,0.0,17076.0,2,170.0,0,0,0
36,96,2023.0,398,13,3,1.4,1,25000.0,28800.0,1,150.0,0,0,0
18,23,2025.0,200,13,3,1.3,1,0.0,33971.0,2,272.0,0,0,0
31,32,2015.0,327,13,3,1.6,1,150000.0,18000.0,1,110.0,0,1,0
31,32,2024.0,329,13,3,1.3,1,0.0,23200.0,2,155.0,1,0,0
18,23,2017.0,199,13,3,2.4,0,93000.0,21520.0,0,170.0,0,1,0
3,123,2011.0,54,18,0,3.0,0,168000.0,26000.0,0,245.0,1,1,0
3,117,2013.0,34,17,3,2.0,0,115000.0,25000.0,1,184.0,1,1,0
29,0,2018.0,299,13,3,1.6,1,75000.0,14800.0,2,120.0,0,1,0
13,70,2023.0,160,13,3,3.5,1,22000.0,69000.0,1,257.0,0,0,0
31,32,2013.0,322,21,3,1.6,0,190000.0,10320.0,1,110.0,0,1,0
36,96,2024.0,398,4,3,1.4,1,0.0,36320.0,2,150.0,0,0,0
11,8,2025.0,129,18,3,2.0,0,0.0,47680.0,2,110.0,1,0,0
36,97,2021.0,402,13,3,1.6,1,58000.0,22800.0,1,116.0,0,0,0
3,117,2018.0,34,18,3,1.5,1,52000.0,32900.0,2,192.0,1,1,0
36,96,2025.0,398,4,3,1.4,1,0.0,35280.0,2,150.0,0,0,0
14,113,2017.0,180,18,3,2.0,1,104000.0,21840.0,0,154.0,0,0,0
5,110,2014.0,92,13,3,1.8,0,135600.0,15360.0,1,140.0,1,0,0
18,42,2001.0,202,13,3,4.0,0,250000.0,13500.0,1,286.0,1,1,0
11,34,2018.0,136,4,3,1.5,1,73000.0,17900.0,0,123.0,0,1,0
5,110,2025.0,95,18,3,1.2,0,0.0,30353.0,2,132.0,1,0,0
6,11,2020.0,106,4,3,1.6,0,78000.0,15900.0,0,165.0,0,1,0
11,34,2007.0,132,3,3,1.6,0,150000.0,7800.0,1,110.0,0,1,0
36,96,2025.0,398,4,3,1.4,1,1000.0,35120.0,0,150.0,0,0,0
4,103,2018.0,70,15,3,1.6,1,136000.0,13600.0,1,110.0,0,1,0
18,23,2019.0,199,13,3,2.4,1,67800.0,22000.0,0,170.0,0,0,0
3,117,2012.0,33,4,3,1.8,0,119000.0,16000.0,1,204.0,1,1,0
5,110,2021.0,95,22,3,1.2,1,59000.0,24000.0,1,132.0,1,0,0
31,32,2021.0,327,18,3,2.0,1,54000.0,19500.0,1,143.0,0,1,0
25,17,2016.0,255,13,3,1.6,1,150000.0,23500.0,1,156.0,1,0,0
11,100,2024.0,144,2,3,1.8,1,0.0,37200.0,0,85.0,1,0,0
29,1,2019.0,303,4,3,1.6,1,105000.0,33000.0,1,165.0,1,0,0
1,73,2016.0,8,13,3,1.4,0,118000.0,23900.0,1,150.0,1,0,0
11,34,2016.0,130,4,3,1.6,0,112000.0,12799.0,0,110.0,0,1,0
25,18,2017.0,258,15,3,2.0,1,80000.0,41000.0,0,367.0,1,0,0
11,34,2018.0,130,21,3,1.5,1,79000.0,15120.0,0,123.0,0,1,0
18,82,2025.0,208,13,3,1.3,1,0.0,30296.0,2,170.0,0,0,0
31,32,2020.0,327,13,3,1.6,0,110000.0,16800.0,0,110.0,0,1,0
31,32,2025.0,329,13,3,1.3,1,0.0,29539.0,2,155.0,1,0,0
29,0,2018.0,296,13,3,1.6,0,64500.0,14400.0,2,150.0,1,1,0
5,110,2024.0,95,4,3,1.2,1,1000.0,20514.0,2,132.0,1,1,0
11,34,2017.0,136,18,3,2.0,1,82000.0,13992.0,1,143.0,0,0,0
36,96,2025.0,398,21,3,1.4,1,0.0,30000.0,0,150.0,0,0,0
31,32,2012.0,327,2,3,1.6,0,190000.0,8640.0,1,110.0,0,1,0
28,51,2018.0,275,18,3,1.6,1,86000.0,19500.0,0,120.0,0,0,0
18,23,2021.0,199,21,3,1.3,1,59050.0,32312.0,0,170.0,0,0,0
29,0,2016.0,296,4,3,1.6,0,83000.0,5600.0,0,150.0,1,1,0
5,6,1999.0,78,2,0,2.8,1,247650.0,6000.0,0,160.0,1,1,0
35,25,2024.0,370,4,3,2.0,1,10000.0,35000.0,1,170.0,0,0,0
36,108,2020.0,414,4,3,1.4,0,100000.0,26000.0,1,150.0,0,0,0
18,23,2025.0,200,13,3,1.3,1,0.0,35920.0,2,272.0,0,0,0
14,113,2013.0,178,13,3,2.0,1,148000.0,15000.0,1,154.0,1,0,0
10,71,2025.0,125,4,3,1.3,0,0.0,27200.0,0,110.0,0,0,0
31,32,2011.0,328,26,3,2.0,0,111111.0,12000.0,1,138.0,0,1,0
36,63,2025.0,397,2,3,1.0,1,0.0,27679.0,2,101.0,0,0,0
11,34,2019.0,136,18,3,1.5,1,59000.0,19900.0,0,123.0,0,1,0
3,118,2024.0,37,13,3,2.0,0,0.0,88000.0,0,205.0,1,0,0
18,23,2014.0,199,18,3,2.4,0,121000.0,14500.0,0,170.0,0,0,0
10,71,2025.0,125,13,3,1.3,0,0.0,26392.0,2,110.0,0,0,0
28,51,2025.0,275,13,3,1.6,0,0.0,25160.0,2,120.0,0,0,0
1,75,2010.0,13,4,3,2.0,1,250000.0,15000.0,1,211.0,1,0,0
31,32,2025.0,329,13,3,1.3,1,0.0,22000.0,2,155.0,1,0,0
36,96,2024.0,398,4,3,1.4,1,0.0,36720.0,0,150.0,0,0,0
36,97,2024.0,400,2,3,1.0,1,1111.0,27200.0,1,110.0,0,0,0
28,130,2009.0,289,15,3,2.5,0,216000.0,11500.0,1,110.0,1,0,0
5,110,2024.0,92,4,3,1.2,0,0.0,23800.0,2,132.0,1,0,0
5,110,2017.0,92,13,3,1.8,1,60000.0,16900.0,0,140.0,1,0,0
5,110,2015.0,92,21,3,1.8,1,98500.0,13500.0,0,140.0,0,1,0
18,82,2025.0,208,4,3,1.3,1,0.0,26000.0,2,170.0,0,0,0
29,0,2024.0,297,13,3,1.0,1,0.0,33520.0,0,120.0,0,0,0
28,51,2019.0,275,13,3,1.6,1,84500.0,19700.0,1,120.0,0,0,0
35,25,2024.0,370,13,3,2.0,1,7000.0,36400.0,0,170.0,0,0,0
29,0,2016.0,299,13,3,1.6,1,85000.0,14000.0,1,120.0,0,1,0
28,51,2018.0,275,22,3,1.6,1,78000.0,21500.0,0,120.0,0,0,0
11,34,2019.0,130,2,3,1.5,0,48200.0,15840.0,0,123.0,0,1,0
29,0,2016.0,299,13,3,1.6,0,113000.0,12800.0,1,120.0,0,1,0
4,105,2018.0,75,15,3,2.0,1,141000.0,15840.0,0,127.0,1,0,0
28,51,2018.0,276,17,3,1.6,1,80000.0,17800.0,1,120.0,1,0,0
36,97,2025.0,400,13,3,1.0,1,0.0,24680.0,0,110.0,0,0,0
35,25,2022.0,369,22,3,2.0,1,17000.0,30880.0,0,170.0,0,0,0
36,97,2025.0,400,13,3,1.0,1,0.0,31120.0,2,110.0,0,0,0
21,92,2009.0,231,21,3,2.0,0,253000.0,10000.0,1,154.0,0,1,0
31,32,2024.0,329,4,3,1.3,1,1000.0,27920.0,0,155.0,1,0,0
10,71,2024.0,125,18,3,1.3,1,0.0,29520.0,2,110.0,0,0,0
18,82,2017.0,210,18,3,1.8,1,102000.0,17800.0,1,170.0,0,1,0
36,63,2025.0,397,4,3,1.0,1,0.0,22240.0,2,101.0,0,0,0
29,0,2020.0,299,4,3,1.6,1,91000.0,19200.0,0,120.0,0,1,0
29,0,2017.0,293,13,3,1.6,0,89000.0,13499.0,0,120.0,0,1,0
18,23,2025.0,200,23,3,1.3,1,0.0,35992.0,2,272.0,0,0,0
31,32,2025.0,329,13,3,1.3,1,0.0,26740.0,2,155.0,1,1,0
36,107,2009.0,409,18,3,2.0,0,180000.0,12000.0,0,200.0,1,0,0
28,51,2018.0,275,13,3,1.6,1,85000.0,19200.0,1,120.0,0,0,0
31,13,2019.0,318,21,3,2.0,1,139000.0,16400.0,2,110.0,0,1,0
28,51,2021.0,276,13,3,1.6,1,62000.0,24000.0,1,120.0,1,0,0
10,71,2025.0,125,4,3,1.3,1,0.0,21388.0,2,110.0,0,0,0
4,103,2019.0,70,4,3,1.6,1,68500.0,18000.0,1,110.0,0,1,0
5,110,2024.0,95,4,3,1.2,1,2000.0,22160.0,2,132.0,1,0,0
4,101,2011.0,65,13,3,2.0,0,145573.0,7000.0,1,127.0,0,1,0
2,124,2025.0,26,18,3,1.5,1,0.0,45360.0,0,185.0,0,0,0
31,32,2011.0,327,2,3,1.6,0,162000.0,10000.0,1,110.0,0,1,0
11,34,2020.0,134,13,3,1.5,0,82000.0,16640.0,0,123.0,0,1,0
5,110,2024.0,95,18,3,1.2,1,1000.0,22320.0,2,132.0,1,0,0
18,22,2025.0,195,4,3,1.3,1,0.0,39600.0,2,272.0,0,0,0
36,96,2025.0,398,4,3,1.4,1,0.0,21600.0,2,150.0,0,0,0
36,97,2025.0,400,13,3,1.0,1,1111.0,28800.0,1,110.0,0,0,0
35,46,2020.0,375,4,0,2.8,1,70796.0,45700.0,0,177.0,1,0,0
34,44,2007.0,348,13,3,2.0,0,195456.0,9500.0,1,200.0,1,1,0
35,95,2012.0,391,18,0,3.0,0,220000.0,26400.0,0,171.0,1,1,0
36,97,2021.0,403,13,3,1.6,0,59050.0,26400.0,0,110.0,0,1,0
35,81,2018.0,387,4,3,2.5,1,75000.0,35000.0,1,110.0,1,1,0
29,0,2025.0,297,4,3,1.0,1,0.0,23440.0,0,120.0,0,0,0
11,34,2018.0,134,22,3,1.5,0,71000.0,14400.0,0,123.0,0,1,0
29,0,2018.0,293,18,3,1.6,0,80400.0,12720.0,0,120.0,0,1,0
18,42,2013.0,204,2,3,3.6,1,127000.0,26000.0,0,286.0,1,0,0
28,51,2017.0,275,2,3,1.6,1,112000.0,18320.0,0,120.0,0,0,0
18,23,2024.0,200,4,3,1.3,1,0.0,33700.0,1,170.0,0,0,0
6,11,2020.0,106,4,3,1.6,1,47700.0,16800.0,1,165.0,0,1,0
31,32,2025.0,329,21,3,1.3,1,0.0,25520.0,2,155.0,1,0,0
35,25,2022.0,369,4,3,2.0,1,62000.0,32000.0,0,170.0,0,0,0
10,71,2024.0,125,18,3,1.3,1,2000.0,28720.0,0,110.0,0,0,0
15,112,2000.0,188,22,0,3.1,0,195000.0,11200.0,1,170.0,0,1,0
5,110,2023.0,95,22,3,1.2,0,33000.0,22000.0,0,132.0,1,0,0
3,120,2019.0,43,21,3,2.0,1,74000.0,68000.0,0,252.0,1,1,0
11,34,2020.0,134,4,3,1.5,0,68000.0,16400.0,0,123.0,0,1,0
11,34,2018.0,136,2,3,1.5,1,61500.0,17200.0,1,123.0,0,1,0
3,117,2010.0,29,18,3,3.0,0,143000.0,16400.0,0,265.0,1,1,0
29,0,2017.0,293,18,3,1.6,0,87000.0,14500.0,1,120.0,0,1,0
36,107,2014.0,409,4,3,2.0,0,152000.0,17520.0,1,200.0,1,0,0
13,27,2014.0,154,21,3,2.4,1,114000.0,22900.0,0,185.0,0,0,0
5,110,2024.0,94,13,3,1.2,1,0.0,21512.0,2,132.0,0,0,0
36,63,2023.0,397,13,3,1.0,1,12000.0,24800.0,0,101.0,0,0,0
11,8,2023.0,129,13,3,2.0,1,24600.0,39500.0,1,110.0,1,0,0
28,51,2025.0,276,22,3,1.6,1,0.0,19640.0,2,120.0,1,0,0
11,34,2017.0,134,3,3,1.6,0,73000.0,13600.0,0,110.0,0,1,0
10,71,2025.0,125,13,3,1.3,1,0.0,25520.0,2,110.0,0,0,0
14,113,2013.0,178,18,3,2.0,0,206720.0,11920.0,0,154.0,0,0,0
11,34,2011.0,132,22,3,1.6,0,176000.0,9600.0,0,110.0,0,1,0
35,25,2022.0,368,13,3,1.8,0,90000.0,33600.0,0,170.0,0,0,0
11,34,2018.0,130,4,3,1.5,0,95000.0,14400.0,2,123.0,0,1,0
28,99,2000.0,284,8,0,2.7,0,235000.0,10900.0,1,170.0,1,1,1
11,34,2005.0,132,13,3,1.6,0,178000.0,9000.0,0,110.0,0,1,0
36,96,2024.0,398,4,3,1.4,1,0.0,29600.0,2,150.0,0,0,0
31,32,2014.0,322,13,3,1.6,0,135000.0,8960.0,1,110.0,0,1,0
5,110,2023.0,92,22,3,1.2,1,69900.0,25520.0,2,132.0,1,0,0
36,97,2022.0,400,5,3,1.6,1,35000.0,24400.0,1,110.0,0,0,0
14,113,2008.0,178,13,0,2.0,0,243000.0,8800.0,1,154.0,1,1,0
2,121,2023.0,21,15,3,1.5,1,0.0,27500.0,2,148.0,1,0,0
2,124,2025.0,26,13,3,1.5,1,0.0,44900.0,0,185.0,0,0,0
11,34,2017.0,134,22,3,1.5,0,122000.0,13840.0,0,100.0,0,1,0
28,51,2022.0,276,2,3,1.6,1,47600.0,24800.0,0,120.0,1,0,0
29,0,2019.0,295,13,3,1.6,0,66100.0,15840.0,0,120.0,0,1,0
31,52,2011.0,336,2,3,2.5,0,197000.0,11920.0,0,110.0,1,1,0
29,0,2016.0,299,18,3,1.6,0,120000.0,12800.0,0,120.0,0,1,0
29,0,2021.0,293,13,3,1.6,1,32000.0,18000.0,0,120.0,0,1,0
28,51,2024.0,276,21,3,1.6,1,1326.0,32282.0,2,120.0,1,0,0
4,104,2024.0,72,22,3,1.5,0,0.0,25900.0,0,110.0,0,0,0
14,26,2025.0,164,4,3,1.6,1,0.0,31500.0,0,115.0,0,0,0
29,0,2025.0,297,4,3,1.0,1,0.0,33200.0,0,120.0,0,0,0
1,73,2021.0,8,21,3,1.4,0,86500.0,44500.0,0,150.0,1,1,0
18,23,2023.0,200,18,3,1.3,1,41157.0,35528.0,1,170.0,0,0,0
35,95,2025.0,393,4,0,2.8,1,0.0,57600.0,0,204.0,1,0,0
6,11,2024.0,106,13,3,1.6,0,4000.0,21440.0,1,165.0,0,1,0
28,51,2021.0,275,22,3,1.6,1,46000.0,22800.0,0,120.0,0,0,0
4,103,2017.0,70,18,3,1.6,0,132500.0,12720.0,2,110.0,0,1,0
36,109,2017.0,417,4,3,4.2,0,98000.0,36000.0,1,240.0,0,0,0
36,107,2020.0,404,2,3,1.4,0,45000.0,34800.0,2,150.0,1,0,0
13,47,2017.0,157,4,3,1.8,1,130000.0,19800.0,1,154.0,0,0,0
30,14,2025.0,308,18,2,3.6,1,0.0,259000.0,2,353.0,0,0,0
18,23,2025.0,200,18,3,1.3,1,0.0,38000.0,0,272.0,0,0,0
13,27,2012.0,154,13,3,2.4,0,204000.0,14500.0,0,185.0,0,0,0
36,97,2025.0,400,4,3,1.0,1,0.0,9840.0,2,110.0,0,0,0
25,18,2018.0,258,21,3,2.0,1,70000.0,53800.0,0,367.0,1,0,0
11,34,2019.0,134,4,3,1.5,0,59000.0,16800.0,1,123.0,0,1,0
4,103,2017.0,70,4,3,1.6,1,112000.0,12400.0,0,110.0,0,1,0
28,51,2018.0,276,21,3,1.6,1,60000.0,20960.0,0,120.0,1,0,0
18,23,2025.0,200,18,3,1.3,1,0.0,30712.0,2,272.0,0,0,0
29,0,2022.0,296,13,3,1.6,1,22000.0,21000.0,1,150.0,1,1,0
29,0,2024.0,292,4,3,1.0,1,0.0,23360.0,2,120.0,0,1,0
28,51,2017.0,275,2,3,1.6,1,86000.0,18000.0,2,120.0,0,1,0
4,103,2018.0,71,4,3,1.6,0,92500.0,14240.0,0,127.0,1,0,0
11,100,2025.0,144,15,3,1.8,1,0.0,37281.0,0,85.0,1,0,0
11,34,2018.0,133,18,3,1.5,0,87028.0,16000.0,1,123.0,0,1,0
29,0,2023.0,296,21,2,1.6,0,59709.0,17408.0,2,150.0,1,1,0
25,18,2017.0,258,13,3,2.0,1,95000.0,43800.0,0,367.0,1,0,0
18,23,2024.0,197,13,3,1.3,0,0.0,32000.0,1,170.0,0,0,0
36,63,2025.0,397,22,3,1.0,1,1000.0,24800.0,0,101.0,0,0,0
11,54,2013.0,143,13,3,2.5,0,105000.0,11920.0,1,180.0,1,1,0
29,0,2017.0,293,4,3,1.6,0,75000.0,13592.0,0,120.0,0,1,0
11,54,2012.0,142,18,3,2.5,0,155000.0,11000.0,1,110.0,1,0,0
18,22,2023.0,195,13,3,1.3,0,30000.0,48000.0,2,272.0,0,0,0
36,96,2021.0,398,4,3,1.4,1,36900.0,29500.0,1,150.0,0,0,0
36,97,2021.0,403,4,3,1.6,0,68455.0,21520.0,0,110.0,0,1,0
4,105,2019.0,75,15,3,2.0,1,72300.0,18000.0,1,127.0,1,1,0
11,34,2014.0,130,13,3,2.0,0,110000.0,5600.0,0,143.0,1,1,0
25,18,2021.0,258,13,2,2.0,0,59050.0,95000.0,0,367.0,1,0,0
29,0,2025.0,297,4,3,1.0,1,0.0,23920.0,2,120.0,0,0,0
29,0,2017.0,292,15,3,1.6,0,74000.0,12000.0,1,120.0,0,1,0
31,32,2013.0,322,13,3,1.6,0,85100.0,11600.0,0,110.0,0,1,0
11,34,2020.0,130,4,3,1.5,1,80700.0,17200.0,1,123.0,0,1,0
25,20,2013.0,263,13,3,3.5,0,189000.0,21500.0,1,247.0,1,0,0
36,107,2019.0,405,4,0,2.0,1,142000.0,31920.0,0,200.0,1,0,0
31,13,2018.0,319,4,3,1.6,0,59000.0,16800.0,0,110.0,1,1,0
4,103,2017.0,70,4,3,1.6,1,99000.0,12792.0,0,110.0,0,1,0
4,105,2018.0,75,22,3,2.0,1,130000.0,12800.0,0,127.0,1,1,0
13,27,2016.0,154,13,3,2.4,1,150000.0,24800.0,1,175.0,0,0,0
11,34,2003.0,132,13,3,1.6,0,150000.0,5760.0,1,110.0,0,1,0
11,34,2010.0,132,18,3,2.0,0,240000.0,8000.0,1,143.0,0,1,0
4,101,2009.0,65,18,3,2.0,0,147000.0,8400.0,1,127.0,0,1,0
35,25,2022.0,369,13,3,2.0,1,73520.0,27920.0,1,170.0,0,0,0
25,18,2017.0,258,13,3,2.0,1,71000.0,48500.0,1,367.0,1,0,0
5,110,2025.0,95,4,3,1.2,0,0.0,12000.0,2,132.0,1,0,0
18,23,2025.0,200,13,3,1.3,1,0.0,31992.0,0,272.0,0,0,0
4,101,2013.0,65,18,3,2.0,0,160000.0,10000.0,1,138.0,0,1,0
18,23,2023.0,200,4,3,1.3,1,7200.0,35600.0,1,170.0,0,0,0
3,123,2012.0,54,4,3,3.0,0,150000.0,30000.0,0,306.0,1,1,0
28,51,2025.0,275,18,3,1.6,0,0.0,28860.0,0,120.0,0,0,0
11,34,2022.0,136,21,3,1.5,1,50000.0,22000.0,0,123.0,0,1,0
11,8,2025.0,129,13,3,2.0,0,0.0,47680.0,2,110.0,1,0,0
18,82,2018.0,210,13,3,1.8,1,90000.0,18800.0,0,170.0,0,1,0
31,52,2025.0,335,13,3,2.5,1,0.0,42319.0,0,257.0,1,0,0
5,110,2015.0,92,22,3,1.8,1,120000.0,14500.0,0,140.0,0,1,0
11,8,2021.0,129,4,3,2.0,1,98500.0,34000.0,1,110.0,1,0,0
36,63,2021.0,395,4,3,1.0,0,34500.0,22000.0,1,101.0,0,1,0
4,102,2018.0,69,18,3,1.5,1,91000.0,14000.0,1,127.0,1,1,0
31,32,2015.0,327,4,3,1.6,1,168000.0,13200.0,0,110.0,0,1,0
11,34,2013.0,134,4,3,2.0,0,109000.0,13500.0,0,143.0,0,1,0
11,34,2018.0,130,5,3,1.5,1,61561.0,18787.0,0,123.0,0,1,0
21,90,2013.0,229,4,3,1.6,0,85400.0,12320.0,0,132.0,0,0,0
31,32,2013.0,330,13,3,2.0,0,158000.0,13500.0,1,138.0,1,1,0
11,54,2012.0,143,18,3,2.5,0,160000.0,11600.0,2,180.0,1,1,0
28,51,2022.0,276,13,3,1.6,1,55000.0,26500.0,1,120.0,1,0,0
5,110,2013.0,92,13,3,1.8,0,132000.0,12800.0,1,140.0,0,1,0
18,82,2017.0,210,4,3,1.8,1,83000.0,16500.0,0,170.0,0,1,0
18,22,2025.0,195,18,0,2.0,1,0.0,48800.0,0,272.0,1,0,0
36,97,2021.0,402,4,3,1.6,1,59050.0,18400.0,1,116.0,0,0,0
5,110,2017.0,92,18,3,1.8,1,95000.0,16200.0,0,140.0,1,0,0
35,46,2013.0,374,13,0,3.0,0,198000.0,28400.0,0,171.0,1,1,0
31,32,2013.0,326,26,3,2.0,0,175000.0,12000.0,1,138.0,1,1,0
18,23,2019.0,198,13,3,2.4,1,69000.0,35000.0,2,170.0,1,0,0
36,96,2022.0,398,4,3,1.4,1,40000.0,33000.0,2,150.0,0,0,0
5,110,2025.0,95,2,3,1.2,0,0.0,29229.0,0,132.0,1,0,0
29,0,2025.0,292,4,3,1.0,1,0.0,24880.0,2,120.0,0,1,0
35,3,1994.0,363,18,0,2.8,0,307000.0,12000.0,1,110.0,0,1,0
35,46,2014.0,374,13,0,3.0,1,143000.0,28000.0,0,171.0,1,1,0
11,34,2014.0,133,18,3,1.6,0,121000.0,11400.0,0,110.0,0,1,0
35,95,2023.0,393,4,0,2.8,1,64979.0,49520.0,0,204.0,1,0,0
11,34,2017.0,136,18,3,1.6,1,100000.0,15500.0,1,110.0,0,1,0
31,52,2013.0,336,18,3,2.5,1,171000.0,9900.0,0,110.0,1,1,0
10,71,2024.0,125,22,3,1.3,1,0.0,25641.0,2,110.0,0,0,0
29,0,2025.0,293,13,3,1.0,1,0.0,28720.0,2,120.0,0,0,0
29,0,2016.0,299,4,3,1.6,0,104000.0,13200.0,1,120.0,0,1,0
11,8,2021.0,129,13,3,2.0,1,58000.0,39120.0,0,110.0,1,0,0
31,32,2013.0,326,4,3,2.0,0,110000.0,14500.0,1,138.0,1,1,0
18,82,2020.0,208,2,3,1.8,1,60000.0,23000.0,0,170.0,0,0,0
5,110,2023.0,92,18,3,1.2,1,12313.0,25040.0,0,132.0,1,0,0
18,23,2022.0,200,13,3,1.3,0,45000.0,31920.0,0,170.0,0,0,0
36,96,2024.0,398,13,3,1.4,1,1000.0,40000.0,0,150.0,0,0,0
11,34,2020.0,136,22,3,1.5,1,59800.0,20000.0,2,123.0,0,1,0
18,23,2023.0,200,4,3,1.3,1,0.0,38400.0,0,170.0,0,0,0
28,51,2025.0,275,13,3,1.6,0,0.0,28000.0,0,120.0,0,0,0
3,125,2017.0,60,21,3,3.0,0,98000.0,79000.0,1,306.0,1,0,0
3,117,2017.0,32,21,3,2.0,1,84000.0,33500.0,1,231.0,1,1,0
31,32,2012.0,327,13,3,1.6,0,165000.0,10500.0,1,110.0,0,1,0
31,52,2009.0,337,18,3,2.5,0,144000.0,8000.0,1,110.0,0,1,0
5,110,2017.0,92,13,3,1.8,1,116000.0,15200.0,1,140.0,1,1,0
5,110,2022.0,92,22,3,1.2,0,50000.0,11120.0,0,132.0,1,0,0
5,110,2016.0,92,21,3,1.8,1,69000.0,14000.0,0,140.0,1,0,0
5,110,2025.0,95,13,3,1.2,0,0.0,22240.0,2,132.0,1,0,0
35,46,2018.0,375,4,0,2.8,1,105000.0,39500.0,1,177.0,1,0,0
3,123,2012.0,54,18,3,3.0,0,191000.0,28000.0,0,306.0,1,1,0
34,44,2006.0,356,5,3,2.7,0,149000.0,13500.0,0,110.0,1,1,0
4,103,2017.0,70,21,3,1.6,1,118000.0,13500.0,0,110.0,0,1,0
36,63,2021.0,397,13,3,1.0,1,68000.0,18800.0,1,101.0,0,0,0
36,96,2024.0,398,4,3,1.4,1,0.0,36720.0,2,150.0,0,0,0
18,23,2025.0,200,18,3,1.3,1,0.0,36400.0,2,272.0,0,0,0
35,46,2019.0,375,13,0,2.8,1,125000.0,40000.0,0,177.0,1,0,0
3,125,2017.0,62,18,3,4.4,1,59000.0,85000.0,1,449.0,1,0,0
36,107,2011.0,409,22,3,2.0,1,160000.0,13800.0,1,200.0,1,0,0
18,23,2024.0,200,4,3,1.3,1,0.0,37076.0,2,170.0,0,0,0
35,46,2010.0,374,18,0,3.0,0,213000.0,23200.0,1,171.0,1,1,0
6,11,2019.0,106,4,3,1.6,1,69000.0,19120.0,0,165.0,0,0,0
36,97,2024.0,402,22,3,1.6,1,0.0,22400.0,0,116.0,0,1,0
21,90,2016.0,228,18,3,1.6,1,130000.0,16000.0,1,132.0,1,0,0
21,92,2016.0,231,13,3,2.0,0,130000.0,21600.0,1,154.0,1,1,0
31,13,2020.0,320,22,3,2.0,0,91000.0,17200.0,2,110.0,0,1,0
14,86,2011.0,171,18,3,2.4,0,232000.0,9500.0,1,110.0,0,1,0
5,110,2019.0,92,4,3,1.8,1,53100.0,21500.0,0,140.0,1,1,0
31,32,2024.0,329,15,3,1.3,1,0.0,24880.0,0,155.0,1,0,0
28,51,2025.0,275,13,3,1.6,0,0.0,25240.0,2,120.0,0,0,0
31,33,2020.0,333,18,3,1.6,0,80300.0,17900.0,2,110.0,0,1,0
35,25,2022.0,369,18,3,2.0,1,18000.0,31920.0,0,170.0,0,0,0
11,34,2013.0,130,13,3,2.0,0,110000.0,9200.0,1,143.0,1,1,0
31,32,2015.0,327,15,3,1.6,1,96000.0,12000.0,1,110.0,0,1,0
29,0,2017.0,296,4,3,1.6,1,117400.0,15504.0,2,150.0,1,1,0
8,50,2013.0,115,13,3,2.4,0,125000.0,14240.0,0,170.0,1,0,0
6,11,2020.0,110,22,3,1.6,1,102000.0,19000.0,0,165.0,0,0,0
35,25,2025.0,370,4,3,2.0,1,1111.0,35800.0,0,170.0,0,0,0
2,124,2025.0,25,4,3,1.5,1,0.0,37900.0,0,185.0,0,0,0
36,97,2024.0,400,13,3,1.0,1,0.0,30720.0,2,110.0,0,0,0
11,34,2016.0,134,22,3,1.6,0,75000.0,14900.0,0,110.0,0,1,0
18,42,2006.0,203,18,0,3.0,1,224625.0,13000.0,1,286.0,1,0,0
22,80,2024.0,246,18,3,4.4,1,0.0,610000.0,0,110.0,0,0,0
11,54,2016.0,142,13,3,2.0,1,97000.0,22000.0,1,143.0,1,0,0
1,73,2017.0,8,18,3,1.4,0,108000.0,23500.0,1,150.0,1,0,0
36,96,2024.0,398,21,3,1.4,1,500.0,29680.0,2,150.0,0,0,0
10,4,2018.0,122,18,3,1.4,1,60000.0,17600.0,0,110.0,0,1,0
11,34,2022.0,136,4,2,1.5,0,55000.0,16936.0,2,123.0,0,1,0
2,124,2023.0,23,13,3,1.5,1,0.0,39900.0,2,185.0,0,1,0
1,75,2016.0,13,18,3,3.0,0,147500.0,27900.0,1,272.0,1,0,0
18,22,2025.0,195,18,3,1.3,1,0.0,39192.0,2,272.0,0,0,0
6,11,2022.0,106,13,3,1.6,0,55500.0,19950.0,0,165.0,0,1,0
18,23,2024.0,200,21,3,1.3,1,2000.0,35999.0,2,170.0,0,0,0
21,90,2011.0,227,4,3,1.6,0,120000.0,11120.0,1,132.0,0,1,0
31,32,2013.0,322,2,3,1.6,0,139000.0,10792.0,0,110.0,0,1,0
28,51,2019.0,276,18,3,1.6,1,100000.0,21600.0,1,120.0,1,0,0
10,71,2024.0,125,4,3,1.3,1,0.0,23248.0,0,110.0,0,0,0
31,32,2012.0,328,22,3,2.0,0,180000.0,10200.0,1,138.0,0,1,0
31,32,2021.0,324,4,3,1.6,0,59050.0,17560.0,2,110.0,0,1,0
5,91,2015.0,89,21,3,1.8,0,118400.0,15000.0,1,105.0,0,1,0
36,96,2023.0,398,3,3,1.4,1,22000.0,32000.0,0,150.0,0,0,0
36,97,2019.0,400,2,3,1.6,0,93000.0,18792.0,2,110.0,0,0,0
29,0,2017.0,299,21,3,1.6,1,83000.0,13200.0,2,120.0,0,1,0
35,25,2025.0,371,4,3,2.0,1,0.0,30260.0,2,170.0,0,0,0
7,98,2000.0,112,2,3,1.3,0,197000.0,8200.0,1,110.0,1,1,0
29,0,2018.0,293,4,3,1.6,0,56000.0,14400.0,1,120.0,0,1,0
11,34,2015.0,136,22,3,2.0,0,130000.0,12000.0,1,143.0,0,1,0
31,32,2013.0,322,13,3,1.6,0,180000.0,10400.0,1,110.0,0,1,0
29,0,2022.0,296,4,3,1.6,1,28500.0,11600.0,0,150.0,1,1,0
18,23,2025.0,200,13,3,1.3,1,500.0,37200.0,0,272.0,0,0,0
18,22,2023.0,195,18,3,1.3,1,0.0,42000.0,2,272.0,0,0,0
1,73,2024.0,8,13,3,1.4,1,0.0,57900.0,2,150.0,1,0,0
14,113,2006.0,178,13,0,2.0,0,308000.0,9500.0,1,154.0,1,0,0
31,32,2025.0,329,13,3,1.3,1,0.0,24544.0,2,155.0,1,0,0
18,23,2024.0,200,13,3,1.3,1,0.0,36400.0,2,170.0,0,0,0
1,75,2017.0,13,13,3,2.0,1,119000.0,36500.0,0,225.0,1,0,0
5,110,2021.0,95,22,3,1.2,1,60000.0,21650.0,0,132.0,1,1,0
36,96,2022.0,398,4,3,1.4,1,38625.0,29960.0,2,150.0,0,0,0
21,90,2014.0,227,4,3,1.6,0,173000.0,11600.0,1,132.0,0,1,0
6,10,2024.0,103,4,3,1.0,1,0.0,14400.0,2,120.0,0,0,0
5,110,2013.0,92,22,3,1.8,1,132000.0,7440.0,0,140.0,1,0,0
35,25,2025.0,369,4,2,1.8,1,1001.0,45500.0,1,170.0,0,0,0
18,23,2025.0,200,18,3,1.3,1,0.0,36720.0,0,272.0,0,0,0
36,97,2024.0,400,13,3,1.0,1,3750.0,26000.0,1,110.0,0,1,0
21,92,2017.0,231,13,3,2.0,1,98000.0,21192.0,0,154.0,0,1,0
13,27,2010.0,154,18,3,2.4,0,235000.0,11800.0,1,185.0,0,0,0
36,96,2024.0,398,13,3,1.4,1,6600.0,34000.0,1,150.0,0,0,0
11,8,2021.0,129,18,3,1.5,1,65000.0,31600.0,1,110.0,1,0,0
14,113,2017.0,180,13,0,2.0,1,73000.0,28800.0,1,154.0,0,0,0
5,110,2014.0,92,22,3,1.8,0,132000.0,12800.0,1,140.0,0,1,0
5,111,2025.0,97,18,0,2.8,0,0.0,51120.0,2,200.0,1,0,0
31,13,2017.0,318,4,3,2.0,0,79635.0,15840.0,2,110.0,0,1,0
35,81,2006.0,382,13,3,2.4,0,225000.0,11760.0,1,257.0,1,0,0
4,103,2017.0,70,22,3,1.6,1,140000.0,12800.0,1,110.0,0,1,0
31,13,2019.0,318,13,3,1.6,0,75000.0,20399.0,0,110.0,0,0,0
18,116,2018.0,216,13,3,3.6,1,72500.0,65000.0,1,284.0,1,0,0
1,73,2021.0,8,4,3,1.4,0,72000.0,37600.0,1,150.0,1,0,0
2,124,2024.0,24,22,3,1.5,1,0.0,38900.0,2,185.0,0,0,0
3,125,2011.0,60,4,3,3.0,0,123000.0,42000.0,1,306.0,1,0,0
28,130,2014.0,289,13,3,2.5,1,135000.0,15200.0,1,110.0,1,0,0
2,119,2020.0,19,17,3,1.5,1,54000.0,20000.0,1,110.0,0,1,0
8,50,2010.0,113,18,3,2.7,1,158000.0,12000.0,1,170.0,1,0,0
11,8,2024.0,129,13,3,2.0,0,0.0,41200.0,1,110.0,1,0,0
5,110,2015.0,92,13,3,1.8,1,83000.0,14000.0,1,140.0,1,0,0
11,8,2021.0,129,13,3,2.0,1,100000.0,37990.0,0,110.0,1,0,0
18,23,2007.0,200,18,3,2.4,0,195456.0,12800.0,0,170.0,0,1,0
11,54,2012.0,143,18,3,2.5,0,188000.0,11500.0,1,180.0,1,1,0
36,107,2012.0,409,13,3,2.0,0,180000.0,16000.0,1,200.0,1,1,0
28,51,2018.0,275,13,3,1.6,1,55000.0,22000.0,1,120.0,0,0,0
11,34,2007.0,132,21,3,1.6,0,180000.0,7000.0,0,110.0,0,1,0
3,125,2010.0,62,13,3,4.4,0,170000.0,50000.0,1,555.0,1,0,0
29,0,2025.0,292,13,3,1.0,1,0.0,28184.0,2,120.0,0,1,0
31,32,2013.0,326,4,3,2.0,0,152000.0,14500.0,1,138.0,1,1,0
36,96,2023.0,398,13,3,1.4,1,24000.0,33600.0,1,150.0,0,0,0
13,47,2017.0,157,18,3,1.8,1,151700.0,17600.0,0,154.0,0,0,0
28,51,2021.0,276,13,3,1.6,1,49000.0,24800.0,1,120.0,1,0,0
35,25,2023.0,369,13,2,1.8,1,25000.0,35200.0,0,170.0,0,0,0
13,47,2017.0,158,18,3,1.8,1,85000.0,22000.0,1,175.0,0,0,0
14,113,2012.0,178,4,3,2.0,0,184000.0,12000.0,1,154.0,0,0,0
18,23,2024.0,200,13,3,1.3,1,0.0,37600.0,2,170.0,0,0,0
6,11,2022.0,106,4,3,1.6,0,85000.0,21000.0,0,165.0,0,0,0
29,1,2020.0,303,4,3,1.6,1,57000.0,34800.0,0,165.0,1,0,0
6,11,2024.0,106,13,3,1.6,0,0.0,21280.0,1,165.0,0,0,0
18,23,2019.0,201,2,3,2.4,1,113000.0,26000.0,0,170.0,1,0,0
18,23,2019.0,199,18,3,2.4,1,110000.0,21200.0,0,170.0,0,1,0
2,121,2025.0,21,2,3,1.5,1,0.0,26200.0,0,148.0,1,0,0
11,34,2017.0,130,4,3,1.5,1,120000.0,14240.0,0,123.0,0,1,0
2,124,2025.0,25,4,3,1.5,1,0.0,37900.0,0,185.0,0,0,0
36,97,2025.0,400,2,3,1.0,1,0.0,28360.0,2,110.0,0,0,0
6,10,2016.0,101,21,3,1.6,0,68000.0,10400.0,0,120.0,0,1,0
28,130,2008.0,286,3,3,2.5,0,183000.0,12400.0,0,257.0,1,0,0
18,82,2025.0,210,13,3,1.8,1,1932.0,25600.0,1,170.0,0,0,0
1,75,2018.0,13,13,3,2.0,0,87028.0,34000.0,0,252.0,1,0,0
5,110,2024.0,95,2,2,1.2,0,1003.0,25144.0,2,132.0,1,0,0
35,25,2024.0,369,13,3,2.0,1,0.0,42000.0,1,170.0,0,0,0
36,108,2025.0,414,4,3,2.0,1,0.0,44000.0,2,150.0,1,0,0
29,0,2021.0,299,22,3,1.6,0,52391.0,20000.0,2,120.0,0,1,0
21,90,2015.0,228,3,3,1.6,0,115000.0,14900.0,0,132.0,0,0,0
11,100,2024.0,144,13,3,1.8,1,0.0,32400.0,0,85.0,1,0,0
36,107,2018.0,409,13,3,1.4,0,112000.0,24000.0,0,150.0,1,0,0
36,107,2025.0,409,21,3,2.0,1,0.0,46400.0,2,200.0,1,1,0
35,95,2025.0,389,4,0,2.8,1,0.0,69000.0,0,204.0,1,0,0
6,10,2024.0,102,13,3,1.0,0,0.0,23120.0,2,120.0,0,0,0
11,34,2020.0,131,4,3,2.0,0,87362.0,18320.0,0,170.0,1,1,0
31,32,2018.0,327,22,3,1.6,1,65000.0,16500.0,1,110.0,0,1,0
4,101,2014.0,65,13,3,2.0,0,135414.0,9600.0,1,138.0,0,1,0
11,34,2015.0,130,4,3,1.6,0,132000.0,10480.0,0,110.0,0,1,0
6,10,2025.0,103,13,3,1.0,1,0.0,25760.0,0,120.0,0,0,0
31,32,2013.0,322,18,3,1.6,0,108000.0,11000.0,1,110.0,0,1,0
5,110,2024.0,95,21,3,1.2,1,1000.0,21360.0,2,132.0,1,0,0
13,27,2012.0,152,2,3,2.4,1,191000.0,17200.0,1,185.0,1,0,0
36,96,2024.0,398,13,3,1.4,1,0.0,36400.0,0,150.0,0,0,0
35,46,2016.0,375,21,0,2.8,1,109000.0,36000.0,1,177.0,1,0,0
4,101,2014.0,65,13,3,2.0,0,145299.0,9200.0,1,138.0,0,1,0
18,23,2020.0,199,18,3,2.4,1,85000.0,23000.0,1,170.0,0,1,0
6,11,2024.0,106,4,3,1.6,1,0.0,23600.0,0,165.0,0,0,0
21,87,2024.0,224,13,3,1.5,0,0.0,35990.0,0,185.0,0,0,0
18,82,2019.0,208,21,3,1.8,1,57300.0,22800.0,0,170.0,0,0,0
11,34,2009.0,137,18,3,2.0,0,167000.0,7320.0,1,143.0,0,1,0
21,92,2015.0,231,13,3,2.0,0,80000.0,20900.0,0,163.0,0,0,0
18,23,2025.0,200,18,3,1.3,1,0.0,36400.0,2,272.0,0,0,0
6,12,2023.0,111,4,3,1.6,1,0.0,37600.0,2,110.0,0,0,0
18,22,2023.0,195,13,0,2.0,0,0.0,52000.0,0,272.0,1,0,0
29,0,2021.0,296,4,3,1.6,0,59050.0,17200.0,0,150.0,1,1,0
18,82,2023.0,208,4,3,2.4,0,1000.0,36800.0,0,170.0,0,0,0
6,11,2018.0,110,13,3,1.2,0,66000.0,14400.0,0,165.0,0,0,0
28,51,2020.0,276,22,3,1.6,1,34000.0,21600.0,1,120.0,1,0,0
35,46,2019.0,375,13,0,2.8,1,36300.0,45000.0,1,177.0,1,1,0
35,55,2019.0,380,4,3,4.0,0,104000.0,68000.0,0,265.0,0,0,0
29,0,2019.0,296,4,3,1.6,1,70000.0,17000.0,0,150.0,1,1,0
5,91,2024.0,90,2,3,1.8,1,1000.0,27800.0,2,105.0,1,0,0
35,25,2025.0,369,22,2,1.8,1,0.0,34128.0,2,170.0,0,0,0
29,0,2024.0,297,4,3,1.0,1,0.0,32697.0,2,120.0,0,0,0
18,23,2025.0,200,21,3,1.3,1,0.0,35992.0,2,272.0,0,0,0
36,63,2022.0,397,13,3,1.0,1,73500.0,24000.0,0,101.0,0,0,0
5,110,2016.0,92,18,3,1.8,1,152400.0,12800.0,1,140.0,1,0,0
29,1,2020.0,303,2,3,1.6,1,85940.0,35000.0,1,165.0,1,0,0
35,46,2014.0,374,13,0,3.0,1,135000.0,27920.0,1,171.0,1,1,0
5,110,2024.0,95,4,3,1.2,1,0.0,20560.0,2,132.0,1,1,0
3,123,2012.0,54,13,3,3.0,0,118000.0,31000.0,0,306.0,1,1,0
5,110,2025.0,95,4,3,1.2,0,0.0,22664.0,2,132.0,1,0,0
28,51,2018.0,275,22,3,1.6,1,86000.0,17600.0,0,120.0,0,0,0
35,46,2013.0,374,21,0,3.0,0,140000.0,28000.0,0,171.0,1,1,0
11,100,2024.0,144,8,3,1.8,1,0.0,41600.0,0,85.0,1,0,0
30,14,2011.0,306,18,0,3.0,0,120000.0,49900.0,0,245.0,0,0,0
29,0,2021.0,296,4,3,1.6,0,42649.0,17520.0,2,150.0,1,1,0
11,34,2016.0,134,22,0,1.5,0,135100.0,14000.0,0,90.0,0,1,0
18,23,2024.0,200,18,3,1.3,1,9000.0,36500.0,1,170.0,0,0,0
6,11,2019.0,106,18,3,1.6,0,116624.0,16500.0,0,165.0,0,1,0
36,107,2010.0,406,13,0,2.0,0,248000.0,14800.0,0,140.0,1,0,0
6,10,2025.0,103,22,3,1.0,1,0.0,23992.0,0,120.0,0,0,0
18,23,2020.0,197,4,3,2.4,1,101000.0,25600.0,1,170.0,1,1,0
31,33,2016.0,332,4,3,2.0,0,110000.0,14800.0,1,110.0,0,1,0
31,85,2017.0,343,4,3,1.6,0,102000.0,13200.0,1,110.0,0,1,0
13,47,2023.0,158,13,3,1.8,0,45000.0,25440.0,1,185.0,0,0,0
28,51,2021.0,276,13,3,1.6,1,49000.0,24800.0,1,120.0,1,0,0
6,10,2024.0,103,13,3,1.0,1,0.0,23920.0,2,120.0,0,0,0
4,101,2013.0,65,4,3,2.0,0,174000.0,8400.0,1,138.0,0,0,0
1,75,2018.0,13,13,3,2.0,0,132500.0,38900.0,2,252.0,1,0,0
36,107,2012.0,409,4,3,2.0,0,205000.0,15900.0,1,200.0,1,0,0
13,47,2015.0,158,21,3,1.8,1,118000.0,17999.0,0,185.0,0,0,0
31,32,2012.0,322,22,3,1.6,0,165000.0,11120.0,0,110.0,0,1,0
36,109,2013.0,416,18,3,3.6,0,140000.0,25200.0,1,240.0,0,0,0
29,0,2017.0,293,13,3,1.6,0,113000.0,13360.0,0,120.0,0,1,0
5,110,2017.0,92,13,3,1.8,1,72000.0,17900.0,0,140.0,0,1,0
36,96,2025.0,398,21,3,1.4,1,0.0,35984.0,2,150.0,0,0,0
3,117,2012.0,29,21,0,2.0,1,227000.0,14500.0,1,177.0,1,1,0
11,100,2025.0,144,4,3,1.8,1,0.0,31723.0,2,85.0,1,0,0
11,100,2022.0,145,8,3,1.5,0,13500.0,27920.0,1,143.0,0,0,0
35,55,2012.0,380,13,3,4.0,1,218000.0,33500.0,1,265.0,0,0,0
18,22,2022.0,195,21,0,2.0,0,48653.0,41600.0,2,272.0,1,0,0
6,10,2025.0,103,4,3,1.0,1,0.0,26400.0,0,120.0,0,0,0
31,32,2013.0,322,18,3,1.6,0,115000.0,11040.0,0,110.0,0,1,0
35,25,2021.0,369,4,2,1.8,0,30000.0,33500.0,0,170.0,0,0,0
11,34,2022.0,134,4,3,1.5,1,60800.0,18500.0,1,123.0,0,1,0
14,113,2016.0,178,2,3,2.0,1,109000.0,19120.0,1,154.0,0,0,0
18,82,2025.0,210,18,3,1.8,1,0.0,26400.0,0,170.0,0,0,0
31,32,2018.0,327,13,3,2.0,1,141000.0,16000.0,0,143.0,0,1,0
5,110,2020.0,95,13,3,1.2,1,70796.0,18000.0,0,132.0,1,1,0
10,71,2024.0,125,13,3,1.3,1,0.0,21200.0,0,110.0,0,0,0
11,100,2025.0,144,2,3,1.8,1,0.0,39200.0,0,85.0,1,0,0
35,46,2018.0,376,13,0,2.8,1,130000.0,38000.0,2,177.0,1,0,0
11,34,2015.0,136,5,3,1.6,0,132000.0,13440.0,0,110.0,0,1,0
35,46,2021.0,375,18,0,2.8,1,79000.0,47120.0,0,177.0,1,0,0
31,33,2019.0,333,4,3,2.0,0,117000.0,14400.0,1,110.0,0,1,0
31,85,2024.0,341,3,3,1.6,0,0.0,19920.0,0,110.0,0,0,0
21,90,2015.0,228,2,3,1.6,0,114000.0,15900.0,0,132.0,0,1,0
36,63,2022.0,397,13,3,1.0,1,53000.0,26000.0,1,101.0,0,0,0
34,44,2001.0,355,18,0,2.0,0,163000.0,9900.0,1,110.0,1,1,0
28,51,2020.0,275,4,3,1.6,1,94000.0,20500.0,0,120.0,0,0,0
36,109,2009.0,417,18,3,4.2,1,182427.0,11000.0,1,240.0,0,0,0
36,63,2021.0,397,4,3,1.0,1,60000.0,21200.0,0,101.0,0,0,0
31,33,2017.0,332,4,3,1.6,0,84000.0,13592.0,0,110.0,0,1,0
18,23,2025.0,200,4,3,1.3,1,0.0,35992.0,2,272.0,0,0,0
31,13,2020.0,317,22,3,1.6,1,124000.0,19800.0,0,110.0,0,0,0
14,113,2009.0,179,18,3,2.7,0,208000.0,9040.0,1,154.0,1,0,0
28,130,2024.0,289,13,3,2.5,1,0.0,50950.0,0,110.0,1,0,0
31,32,2014.0,322,13,3,1.6,0,132000.0,12000.0,0,110.0,0,1,0
36,108,2018.0,414,15,3,2.0,0,51000.0,30800.0,0,150.0,1,0,0
31,32,2020.0,327,22,3,1.6,1,37000.0,18400.0,1,110.0,0,1,0
29,0,2018.0,293,13,3,1.6,0,102200.0,15280.0,2,120.0,0,0,0
18,42,1999.0,203,5,3,4.7,0,165000.0,18000.0,1,286.0,1,1,0
29,0,2024.0,293,13,3,1.0,1,0.0,30400.0,0,120.0,0,1,0
1,73,2025.0,8,18,3,1.4,1,0.0,59000.0,0,150.0,1,0,0
36,63,2025.0,397,13,3,1.0,1,0.0,24000.0,2,101.0,0,0,0
28,51,2025.0,276,13,3,1.6,1,0.0,30308.0,0,120.0,1,0,0
31,13,2019.0,318,13,3,1.6,1,76172.0,21900.0,0,110.0,0,0,0
1,73,2014.0,8,13,3,2.0,0,175000.0,19200.0,1,211.0,1,0,0
6,11,2020.0,106,22,3,1.6,0,70796.0,16800.0,1,165.0,0,1,0
5,110,2015.0,92,18,3,1.8,1,136000.0,12720.0,0,140.0,0,1,0
10,71,2024.0,125,4,3,1.3,1,0.0,9600.0,2,110.0,0,0,0
28,51,2025.0,275,13,3,1.6,0,0.0,25160.0,2,120.0,0,0,0
21,92,2024.0,231,13,3,1.6,0,0.0,61980.0,0,132.0,1,0,0
11,34,2014.0,136,22,3,1.6,0,106000.0,13600.0,0,110.0,0,1,0
28,129,2005.0,285,18,0,2.8,0,227000.0,11800.0,1,123.0,1,1,0
36,63,2021.0,397,21,3,1.0,1,21000.0,23920.0,0,101.0,0,0,0
6,10,2024.0,103,4,3,1.0,1,9750.0,23200.0,1,120.0,0,0,0
35,25,2024.0,369,4,3,2.0,1,0.0,36000.0,1,170.0,0,0,0
31,32,2013.0,326,18,3,2.0,0,130000.0,11300.0,0,138.0,0,1,0
11,34,2018.0,130,15,3,1.5,1,105000.0,16000.0,1,123.0,0,1,0
5,110,2017.0,92,13,3,1.8,1,125000.0,14400.0,1,140.0,1,0,0
14,113,2019.0,182,13,3,2.0,1,100000.0,24900.0,2,154.0,0,0,0
35,25,2024.0,369,4,2,1.8,1,500.0,45000.0,1,170.0,0,0,0
2,121,2025.0,21,2,3,1.5,1,0.0,26500.0,2,148.0,1,0,0
5,110,2025.0,94,13,3,1.2,1,0.0,22997.0,2,132.0,1,0,0
6,11,2022.0,110,13,3,1.6,1,49500.0,17520.0,1,165.0,0,0,0
28,51,2021.0,276,4,3,1.6,1,62000.0,29000.0,1,120.0,1,0,0
11,100,2023.0,144,4,3,1.8,1,30000.0,37000.0,0,85.0,1,0,0
36,107,2012.0,409,18,3,2.0,0,190000.0,15200.0,2,200.0,1,1,0
18,23,2018.0,197,18,3,2.4,0,96000.0,23992.0,2,170.0,1,1,0
29,0,2025.0,297,13,3,1.0,1,0.0,30320.0,0,120.0,0,0,0
1,73,2013.0,8,21,3,2.0,1,127000.0,19500.0,1,170.0,1,1,0
36,97,2025.0,400,13,3,1.0,1,0.0,27992.0,2,110.0,0,0,0
29,0,2018.0,296,4,3,1.6,1,94401.0,16960.0,0,150.0,1,1,0
35,95,2023.0,393,18,0,2.8,1,50000.0,52000.0,0,204.0,1,0,0
3,123,2025.0,55,2,3,3.0,0,0.0,179900.0,2,306.0,1,1,0
31,32,2019.0,327,4,3,1.6,1,140000.0,15500.0,0,110.0,0,1,0
29,0,2022.0,299,4,3,1.6,1,68746.0,21000.0,1,120.0,0,0,0
28,51,2025.0,275,13,3,1.6,0,0.0,28233.0,0,120.0,0,0,0
18,23,2019.0,199,18,3,2.4,1,92000.0,24000.0,1,170.0,0,0,0
29,0,2024.0,292,18,3,1.0,1,0.0,24480.0,0,120.0,0,1,0
18,23,2008.0,199,13,3,2.4,0,178000.0,8800.0,0,170.0,0,1,0
36,97,2025.0,400,13,3,1.0,1,0.0,26400.0,2,110.0,0,0,0
31,13,2020.0,319,22,3,1.6,0,37500.0,15120.0,1,110.0,1,1,0
29,0,2025.0,297,13,3,1.0,1,0.0,28144.0,2,120.0,0,0,0
36,107,2009.0,409,18,3,2.0,0,208700.0,14500.0,1,200.0,1,1,0
18,82,2018.0,210,4,3,1.8,1,82000.0,18500.0,1,170.0,0,1,0
29,0,2025.0,297,13,3,1.0,1,1000.0,34000.0,0,120.0,0,0,0
36,97,2020.0,403,22,3,1.6,1,45000.0,19200.0,0,110.0,0,1,0
8,50,2012.0,115,18,3,2.4,0,155000.0,12700.0,0,170.0,1,0,0
18,23,2021.0,197,21,3,2.4,1,38000.0,32900.0,0,170.0,1,1,0
29,0,2025.0,297,18,3,1.0,1,0.0,21600.0,2,120.0,0,0,0
6,10,2025.0,103,4,3,1.0,1,0.0,13520.0,2,120.0,0,0,0
36,108,2019.0,414,2,3,1.4,0,102000.0,27600.0,0,150.0,0,0,0
11,8,2022.0,129,4,3,2.0,0,21500.0,38800.0,1,110.0,1,0,0
11,34,2017.0,130,18,3,1.6,1,145000.0,13600.0,2,110.0,0,1,0
6,11,2019.0,110,21,3,1.6,1,126990.0,16400.0,0,165.0,0,0,0
8,50,2010.0,115,18,3,2.4,0,170000.0,12800.0,0,170.0,1,0,0
18,82,2021.0,208,13,3,1.8,1,77800.0,22400.0,0,170.0,0,0,0
36,107,2013.0,409,4,3,2.0,0,108000.0,25500.0,1,200.0,1,1,0
3,117,2013.0,29,18,3,2.0,0,120000.0,22000.0,1,184.0,1,1,0
35,95,2023.0,389,13,0,2.8,0,28000.0,58900.0,0,204.0,1,0,0
35,46,2013.0,374,13,0,3.0,0,210000.0,32000.0,1,171.0,1,1,0
1,77,2020.0,15,13,0,3.0,1,70796.0,70000.0,1,249.0,1,0,0
21,89,2010.0,226,18,0,2.2,1,260000.0,16800.0,1,154.0,1,0,0
3,123,2004.0,58,2,0,3.0,0,215000.0,10900.0,0,306.0,1,1,0
4,103,2018.0,71,4,3,1.6,0,114500.0,13520.0,2,127.0,1,1,0
31,13,2020.0,318,21,3,1.6,1,65871.0,20597.0,2,110.0,0,0,0
5,111,2023.0,96,21,0,2.8,1,69000.0,41600.0,0,200.0,1,0,0
18,23,2025.0,200,4,3,1.3,1,0.0,37076.0,2,272.0,0,0,0
29,0,2020.0,299,15,3,1.6,0,67000.0,17600.0,2,120.0,0,1,0
13,47,2016.0,157,18,3,1.8,1,121000.0,18800.0,0,132.0,0,0,0
11,34,2018.0,134,22,3,1.5,0,78000.0,17600.0,0,123.0,0,1,0
18,82,2017.0,210,21,3,1.8,1,91000.0,18900.0,1,170.0,0,0,0
11,34,2013.0,134,3,3,1.6,0,154000.0,12400.0,0,110.0,0,1,0
35,81,2013.0,383,4,3,2.0,0,125000.0,21000.0,1,110.0,0,0,0
11,34,2016.0,130,4,3,1.6,0,114000.0,13832.0,0,110.0,0,1,0
3,117,2018.0,34,4,3,2.0,1,75000.0,35000.0,1,192.0,1,1,0
29,0,2019.0,296,22,3,1.6,1,71000.0,14000.0,0,150.0,1,1,0
18,116,2013.0,216,2,3,3.6,0,140000.0,65900.0,0,284.0,1,0,1
18,82,2025.0,208,18,3,1.3,1,0.0,28984.0,2,170.0,0,0,0
36,96,2023.0,398,13,3,1.4,1,9600.0,31920.0,0,150.0,0,0,0
18,82,2018.0,210,21,3,1.8,1,105000.0,17000.0,1,170.0,0,1,0
4,105,2020.0,75,15,3,2.0,1,93000.0,15200.0,1,127.0,1,1,0
29,0,2017.0,293,21,3,1.6,0,92000.0,13520.0,0,120.0,0,1,0
31,32,2012.0,322,18,3,1.6,0,119500.0,10800.0,0,110.0,0,1,0
18,82,2025.0,212,13,3,1.3,1,0.0,35672.0,2,170.0,1,0,0
18,23,2025.0,200,4,3,1.3,1,0.0,36212.0,0,272.0,0,0,0
36,107,2024.0,409,18,3,2.0,1,0.0,44800.0,2,230.0,1,1,0
18,82,2025.0,208,13,3,1.3,1,0.0,29040.0,2,170.0,0,0,0
11,34,2015.0,133,4,3,1.6,0,140000.0,12000.0,0,110.0,0,1,0
3,117,2022.0,34,13,3,2.0,1,16000.0,40000.0,1,192.0,1,1,0
5,110,2017.0,92,13,3,1.8,1,107000.0,16500.0,0,140.0,1,1,0
21,90,2018.0,228,2,3,1.6,0,100000.0,20000.0,0,132.0,0,0,0
21,89,2017.0,226,13,0,2.5,0,138800.0,28500.0,0,170.0,1,0,0
30,67,2011.0,316,2,3,4.8,0,160000.0,90000.0,0,400.0,0,0,0
3,117,2023.0,34,18,3,2.0,0,33000.0,70000.0,1,192.0,1,1,0
11,34,2022.0,134,13,3,1.5,0,17000.0,19600.0,0,123.0,0,1,0
1,75,2018.0,13,13,3,2.0,0,90000.0,41000.0,1,252.0,1,0,0
10,71,2022.0,125,2,3,1.3,1,20000.0,19600.0,0,110.0,0,1,0
11,34,2020.0,136,4,3,2.0,1,105200.0,11593.0,0,170.0,0,1,0
6,11,2022.0,110,13,3,1.6,1,87000.0,20000.0,0,165.0,0,0,0
5,110,2024.0,95,4,3,1.2,1,0.0,29600.0,0,132.0,1,0,0
31,13,2018.0,318,4,3,2.0,1,130800.0,18400.0,0,110.0,0,1,0
28,51,2023.0,275,21,3,1.6,1,29000.0,23992.0,0,120.0,0,0,0
35,46,2007.0,374,5,0,3.0,1,235000.0,20500.0,0,171.0,1,1,0
13,27,2007.0,152,21,3,2.4,0,208000.0,11800.0,0,185.0,1,0,0
18,23,2025.0,200,18,3,1.3,1,0.0,35120.0,2,272.0,0,0,0
36,97,2022.0,400,4,3,1.6,0,50000.0,25600.0,1,110.0,0,0,0
13,47,2019.0,157,2,3,1.8,1,89000.0,22999.0,0,154.0,0,0,0
36,97,2024.0,403,4,3,1.6,0,1111.0,22800.0,1,110.0,0,1,0
36,97,2025.0,400,13,3,1.0,1,0.0,25600.0,0,110.0,0,0,0
31,32,2013.0,322,2,3,1.6,0,127000.0,10400.0,1,110.0,0,1,0
6,10,2025.0,103,22,3,1.0,1,0.0,24416.0,2,120.0,0,0,0
5,110,2019.0,92,4,3,1.8,1,67000.0,18400.0,1,140.0,1,1,0
18,23,2022.0,199,13,3,2.4,0,43000.0,31900.0,0,170.0,0,0,0
18,116,2010.0,217,18,3,3.8,0,170000.0,35000.0,1,199.0,1,1,1
13,47,2020.0,157,13,3,1.8,1,109000.0,25500.0,1,154.0,0,0,0
13,47,2019.0,157,4,3,1.8,1,75000.0,26000.0,0,154.0,0,0,0
11,34,2015.0,134,13,3,1.6,0,118000.0,12800.0,0,110.0,0,1,0
18,23,2013.0,200,13,3,2.4,0,156000.0,15200.0,1,170.0,0,0,0
6,11,2017.0,110,2,3,1.2,1,71700.0,14320.0,0,165.0,0,0,0
36,63,2021.0,397,13,3,1.0,1,91000.0,21600.0,2,101.0,0,0,0
36,107,2025.0,409,2,3,2.0,0,0.0,45199.0,2,200.0,1,0,0
36,96,2025.0,398,21,3,1.4,1,0.0,30400.0,2,150.0,0,0,0
25,17,2018.0,254,2,3,2.0,1,74000.0,35900.0,1,381.0,1,1,0
11,34,2014.0,130,21,3,2.0,0,135000.0,16400.0,0,143.0,1,1,0
3,117,2017.0,34,13,3,2.0,1,105000.0,26000.0,0,192.0,1,0,0
18,82,2018.0,210,2,3,1.8,1,50000.0,22500.0,1,170.0,0,0,0
11,34,2017.0,134,4,3,1.5,0,106197.0,16480.0,0,123.0,0,1,0
29,0,2024.0,292,13,3,1.0,1,0.0,26984.0,0,120.0,0,1,0
35,25,2024.0,370,21,3,2.0,1,0.0,25520.0,2,170.0,0,0,0
13,47,2019.0,157,4,3,1.8,1,80000.0,20936.0,1,154.0,0,0,0
35,25,2022.0,369,4,2,1.8,1,54869.0,31200.0,0,170.0,0,0,0
5,110,2017.0,92,18,3,1.8,1,98000.0,15800.0,0,140.0,1,1,0
1,73,2025.0,8,13,3,2.0,1,1000.0,69500.0,1,180.0,1,0,0
29,0,2022.0,296,4,3,1.6,1,55000.0,20160.0,0,150.0,1,1,0
6,11,2021.0,110,4,3,1.6,1,67000.0,17600.0,0,165.0,0,0,0
14,113,2008.0,179,18,3,2.0,0,177000.0,6160.0,1,154.0,0,1,0
36,96,2023.0,398,13,3,1.4,1,50000.0,33200.0,0,150.0,0,0,0
29,0,2020.0,296,4,3,1.6,0,62000.0,18000.0,0,150.0,1,1,0
13,47,2025.0,158,13,3,1.6,0,1000.0,31920.0,0,185.0,0,0,0
29,0,2024.0,293,13,3,1.0,1,0.0,30000.0,0,120.0,0,1,0
5,110,2024.0,95,21,3,1.2,1,0.0,23830.0,0,132.0,1,0,0
11,34,2022.0,134,4,3,1.5,0,24000.0,18400.0,1,123.0,0,1,0
31,32,2013.0,322,13,3,1.6,0,109000.0,11500.0,1,110.0,0,1,0
11,100,2023.0,144,4,3,1.5,0,20000.0,36800.0,0,85.0,1,0,0
36,109,2013.0,416,18,0,3.0,0,182000.0,26000.0,1,240.0,0,0,0
36,108,2025.0,414,13,3,2.0,1,0.0,43992.0,2,150.0,1,0,0
3,88,2017.0,27,13,3,3.0,1,50000.0,51900.0,0,326.0,0,0,1
29,0,2017.0,299,18,3,1.6,1,148000.0,10800.0,0,120.0,0,1,0
5,110,2014.0,92,4,3,1.8,0,78000.0,12480.0,0,140.0,1,0,0
29,0,2025.0,292,2,3,1.0,1,0.0,24880.0,2,120.0,0,1,0
18,23,2021.0,198,4,3,2.4,1,35000.0,29520.0,0,170.0,1,1,0
13,27,2007.0,152,13,3,2.4,0,200000.0,13499.0,0,185.0,1,0,0
36,63,2024.0,397,13,3,1.0,1,1000.0,23920.0,1,116.0,0,0,0
18,23,2025.0,200,21,3,1.3,1,0.0,34000.0,2,272.0,0,0,0
18,82,2023.0,210,4,3,1.8,1,32000.0,23800.0,1,170.0,0,1,0
11,34,2008.0,132,18,0,1.4,0,153000.0,6400.0,0,123.0,0,1,0
4,103,2017.0,71,4,3,1.6,1,124000.0,14890.0,1,127.0,1,0,0
11,34,2006.0,132,13,3,1.6,0,225000.0,7600.0,0,110.0,0,1,0
18,82,2018.0,212,18,0,2.4,0,74000.0,18800.0,1,170.0,1,0,0
36,96,2024.0,398,4,3,1.4,1,0.0,37760.0,0,150.0,0,0,0
29,0,2021.0,293,4,3,1.6,1,38000.0,17360.0,2,120.0,0,1,0
14,113,2009.0,178,13,0,2.0,0,256554.0,5960.0,1,154.0,1,1,0
18,23,2018.0,198,18,3,2.4,1,46000.0,30000.0,1,170.0,1,1,0
5,111,2018.0,98,21,0,2.8,1,105000.0,29500.0,1,200.0,1,0,0
5,111,2025.0,99,13,0,2.8,1,0.0,47201.0,2,200.0,1,0,0
31,13,2017.0,318,13,3,2.0,0,57500.0,18320.0,0,110.0,0,1,0
31,52,2025.0,335,29,3,2.5,1,500.0,41900.0,0,257.0,1,0,0
11,34,2017.0,136,4,3,1.5,1,80000.0,15200.0,1,123.0,0,1,0
28,51,2021.0,276,2,3,1.6,1,34000.0,26500.0,0,120.0,1,0,0
35,46,2021.0,375,4,0,2.8,1,58000.0,44000.0,0,177.0,1,0,0
13,27,2009.0,154,18,3,2.4,0,255300.0,13000.0,1,185.0,0,0,0
6,10,2013.0,101,4,3,1.6,0,88000.0,10080.0,0,120.0,0,1,0
35,25,2021.0,371,4,3,2.0,1,25000.0,26800.0,0,170.0,0,0,0
36,97,2019.0,402,15,3,1.6,0,104000.0,20960.0,0,116.0,0,0,0
29,0,2017.0,293,21,3,1.6,0,129500.0,13200.0,0,120.0,0,1,0
11,34,2014.0,136,3,3,2.0,0,140000.0,12400.0,0,143.0,0,1,0
16,83,2025.0,189,22,3,1.5,1,0.0,17840.0,0,110.0,0,1,0
18,82,2017.0,210,22,3,1.8,1,96000.0,17500.0,0,170.0,0,0,0
31,32,2024.0,325,13,3,1.6,1,0.0,19200.0,2,115.0,1,1,0
18,23,2020.0,199,13,3,2.4,1,60000.0,26320.0,0,170.0,0,1,0
1,72,2017.0,5,13,3,1.4,0,98000.0,37500.0,1,150.0,1,0,0
32,60,1997.0,345,2,0,2.3,0,249750.0,5840.0,1,110.0,0,1,0
29,0,2025.0,297,13,3,1.0,1,0.0,34800.0,0,120.0,0,0,0
31,32,2018.0,327,13,3,1.6,0,68052.0,13760.0,0,110.0,0,1,0
31,32,2013.0,326,26,3,2.0,0,117000.0,12800.0,0,138.0,1,1,0
21,90,2016.0,228,18,3,1.6,1,130000.0,16000.0,1,132.0,1,0,0
3,117,2025.0,34,13,3,2.0,0,0.0,62900.0,0,192.0,1,1,0
22,36,2017.0,240,4,3,2.0,0,76000.0,44900.0,0,240.0,0,0,0
29,0,2025.0,293,13,3,1.0,1,0.0,22120.0,2,120.0,0,0,0
36,96,2025.0,398,21,3,1.4,1,0.0,29800.0,0,150.0,0,0,0
18,82,2025.0,213,4,3,1.3,1,0.0,33992.0,2,170.0,1,0,0
4,101,2015.0,65,2,3,1.6,1,118400.0,12080.0,0,125.0,0,1,0
5,110,2014.0,92,18,3,1.8,0,110000.0,15500.0,1,140.0,1,0,0
18,22,2022.0,195,21,0,2.0,0,48653.0,41600.0,0,272.0,1,0,0
5,110,2021.0,92,2,3,1.2,1,28000.0,20400.0,0,132.0,1,1,0
6,11,2024.0,106,13,3,1.6,0,2100.0,22400.0,0,165.0,0,0,0
18,23,2019.0,197,13,3,2.4,1,106000.0,25000.0,1,170.0,1,1,0
8,50,2011.0,115,4,3,2.4,0,216000.0,10800.0,0,170.0,1,0,0
35,25,2025.0,371,13,3,2.0,1,0.0,30260.0,2,170.0,0,0,0
36,107,2014.0,409,18,3,2.0,0,145365.0,18160.0,0,200.0,1,0,0
11,34,2013.0,134,4,3,1.6,0,130000.0,10480.0,0,110.0,0,1,0
18,82,2024.0,210,21,3,1.8,1,0.0,27697.0,2,175.0,0,1,0
35,25,2025.0,369,13,2,1.8,1,0.0,38361.0,2,170.0,0,0,0
11,34,2017.0,134,13,3,1.6,0,90000.0,13520.0,0,110.0,0,1,0
28,129,2008.0,285,18,0,2.8,0,230000.0,13000.0,1,123.0,1,1,0
36,96,2025.0,398,18,3,1.4,1,0.0,35600.0,2,150.0,0,0,0
11,34,2014.0,130,4,3,2.0,0,94700.0,14300.0,0,143.0,1,1,0
28,51,2018.0,275,4,3,1.6,1,49000.0,18000.0,0,120.0,0,0,0
5,110,2020.0,95,2,3,1.2,1,118000.0,21600.0,0,132.0,1,0,0
18,23,2013.0,199,18,3,2.4,1,170000.0,13500.0,1,170.0,0,0,0
28,51,2019.0,275,13,3,1.6,1,99300.0,19192.0,0,120.0,0,0,0
13,27,2016.0,154,13,3,2.4,1,109000.0,19000.0,1,185.0,0,0,0
18,23,2020.0,198,18,0,2.0,1,75000.0,29999.0,1,272.0,1,1,0
21,89,2013.0,226,13,3,2.4,1,149000.0,17600.0,1,185.0,1,0,0
3,117,2019.0,34,13,3,2.0,1,110000.0,35900.0,0,231.0,1,1,0
4,105,2017.0,74,13,3,2.0,1,76000.0,14400.0,0,110.0,0,1,0
36,108,2019.0,414,4,3,1.4,0,80000.0,27500.0,1,150.0,0,0,0
28,51,2021.0,277,4,3,1.6,0,67000.0,19120.0,2,120.0,0,1,0
35,81,2008.0,382,13,3,2.4,0,176000.0,16000.0,0,257.0,1,0,0
5,110,2025.0,95,13,3,1.2,0,0.0,21160.0,2,132.0,1,0,0
31,32,2024.0,325,13,3,1.6,1,0.0,20560.0,0,115.0,1,1,0
31,32,2013.0,322,18,3,1.6,0,129000.0,10320.0,0,110.0,0,1,0
31,32,2018.0,327,22,3,1.6,1,116000.0,15000.0,1,110.0,0,1,0
35,81,2012.0,382,13,3,2.4,0,150000.0,8500.0,0,257.0,1,0,0
11,34,2013.0,134,4,3,1.6,0,124000.0,11120.0,0,110.0,0,1,0
3,117,2018.0,34,18,3,2.0,1,87000.0,33900.0,0,192.0,1,1,0
35,46,2008.0,374,18,0,3.0,1,250000.0,18800.0,0,171.0,1,0,0
11,100,2023.0,144,13,3,1.8,1,20000.0,34700.0,1,85.0,1,0,0
11,100,2023.0,144,4,3,1.8,0,52000.0,32800.0,0,85.0,1,0,0
18,42,2016.0,204,13,3,3.6,1,141000.0,42500.0,1,286.0,1,0,0
29,0,2016.0,293,4,3,1.6,0,117000.0,11200.0,2,120.0,0,1,0
6,11,2022.0,106,13,3,1.6,0,50000.0,18900.0,2,165.0,0,1,0
35,81,2020.0,387,4,3,2.5,1,62000.0,49900.0,1,110.0,1,0,0
3,117,2019.0,34,13,3,2.0,1,110000.0,35900.0,0,231.0,1,1,0
5,110,2025.0,92,4,3,1.2,1,0.0,27440.0,0,132.0,1,0,0
1,73,2013.0,8,18,3,2.0,1,145900.0,19900.0,1,170.0,1,0,0
5,110,2024.0,95,4,3,1.2,1,0.0,21120.0,2,132.0,1,0,0
11,54,2012.0,143,4,3,2.5,0,150000.0,11200.0,0,180.0,1,1,0
36,96,2025.0,398,13,3,1.4,1,0.0,29520.0,2,150.0,0,0,0
29,0,2025.0,293,4,3,1.0,1,0.0,26840.0,2,120.0,0,0,0
5,110,2018.0,92,13,3,1.8,1,140000.0,18500.0,0,140.0,1,1,0
31,32,2012.0,328,18,3,2.0,0,140000.0,10240.0,0,138.0,0,1,0
18,22,2024.0,195,21,3,1.3,0,0.0,40399.0,0,272.0,0,0,0
1,74,2024.0,9,21,3,1.4,1,0.0,61800.0,2,150.0,1,0,0
11,34,2021.0,134,21,3,1.5,1,59100.0,18800.0,0,123.0,0,1,0
13,27,2017.0,154,13,3,2.4,1,100000.0,23840.0,0,175.0,0,0,0
11,34,2017.0,136,13,3,2.0,1,94000.0,15200.0,0,143.0,0,1,0
35,55,2000.0,381,21,3,4.0,0,230000.0,20000.0,0,265.0,1,1,0
28,51,2023.0,276,4,3,1.6,0,19500.0,27920.0,0,120.0,1,0,0
8,50,2010.0,113,18,3,2.7,1,80000.0,12500.0,0,170.0,1,0,0
28,51,2019.0,276,4,3,1.6,1,93000.0,19400.0,1,120.0,1,0,0
28,51,2018.0,276,18,3,1.6,1,59000.0,21900.0,1,120.0,1,0,0
5,110,2016.0,92,22,3,1.8,1,109000.0,12400.0,1,140.0,1,0,0
35,95,2021.0,393,13,0,2.8,1,48000.0,52000.0,1,204.0,1,1,0
31,32,2017.0,327,13,3,1.6,1,98000.0,12400.0,0,110.0,0,1,0
36,97,2020.0,402,4,3,1.6,1,60000.0,21200.0,1,116.0,0,1,0
29,1,2018.0,303,5,0,2.0,1,123000.0,28200.0,0,165.0,1,0,0
5,110,2014.0,92,18,3,1.8,0,120000.0,14200.0,0,140.0,1,0,0
28,51,2021.0,276,21,3,1.6,1,32000.0,25520.0,0,120.0,1,0,0
4,101,2011.0,65,2,3,2.0,0,200000.0,6400.0,1,127.0,0,1,0
11,34,2018.0,134,4,3,1.5,0,55000.0,16800.0,0,123.0,0,1,0
36,96,2025.0,398,4,3,1.4,1,0.0,30320.0,2,150.0,0,0,0
14,113,2013.0,178,4,3,2.0,0,120000.0,16400.0,0,154.0,1,0,0
5,110,2024.0,95,18,3,1.2,1,1000.0,20800.0,2,132.0,1,0,0
28,51,2023.0,275,4,3,1.6,1,18000.0,18000.0,0,120.0,0,0,0
2,124,2025.0,26,22,3,1.5,1,0.0,43400.0,0,185.0,0,0,0
21,92,2024.0,231,13,3,1.6,0,0.0,66300.0,2,132.0,1,0,0
31,33,2020.0,332,13,3,1.6,0,118950.0,18400.0,0,110.0,0,1,0
5,111,2020.0,98,21,0,2.8,1,90000.0,35000.0,1,200.0,1,0,0
13,27,2010.0,152,13,3,2.4,0,230000.0,14000.0,0,185.0,1,0,0
28,51,2019.0,275,22,3,1.6,1,50000.0,27000.0,1,120.0,0,0,0
35,81,2018.0,387,4,3,2.0,0,115141.0,30320.0,0,110.0,0,0,0
18,82,2025.0,210,4,3,1.8,1,0.0,28336.0,2,170.0,0,0,0
29,0,2025.0,297,4,3,1.0,1,0.0,23336.0,2,120.0,0,0,0
11,34,2014.0,136,4,3,1.6,0,150000.0,12760.0,0,110.0,0,1,0
36,97,2025.0,402,21,3,1.6,0,0.0,26960.0,2,116.0,0,0,0
11,34,2018.0,130,4,3,1.5,0,95000.0,14400.0,2,123.0,0,1,0
31,13,2018.0,318,4,0,2.0,1,87028.0,17600.0,2,110.0,0,1,0
18,23,2020.0,199,4,3,2.4,1,52000.0,25000.0,1,170.0,0,1,0
36,97,2025.0,400,4,3,1.0,1,0.0,28792.0,2,110.0,0,0,0
28,129,2008.0,285,13,0,2.8,0,280000.0,13000.0,1,123.0,1,1,0
10,71,2024.0,125,4,3,1.3,1,0.0,24880.0,2,110.0,0,0,0
13,47,2017.0,158,18,3,1.8,1,136000.0,17200.0,0,175.0,0,0,0
28,51,2018.0,276,13,3,1.6,1,83000.0,19360.0,0,120.0,1,0,0
31,13,2017.0,318,17,3,2.0,0,106000.0,15440.0,0,110.0,0,1,0
28,51,2025.0,276,22,3,1.6,1,0.0,28360.0,2,120.0,1,0,0
29,0,2020.0,293,13,3,1.6,0,51000.0,16640.0,0,120.0,0,1,0
14,26,2025.0,162,13,3,1.5,0,0.0,35920.0,0,115.0,0,0,0
5,110,2024.0,95,13,3,1.2,1,0.0,24800.0,0,132.0,1,0,0
18,116,2013.0,218,4,3,3.6,0,140000.0,90000.0,2,284.0,1,0,1
28,51,2021.0,275,22,3,1.6,1,114000.0,21000.0,1,120.0,0,0,0
4,103,2018.0,71,4,3,1.6,0,114500.0,13520.0,2,127.0,1,1,0
5,110,2025.0,92,22,3,1.2,1,0.0,18960.0,0,132.0,1,0,0
36,97,2025.0,400,21,3,1.0,1,0.0,23400.0,2,110.0,0,1,0
21,92,2025.0,233,13,3,1.6,1,0.0,58000.0,0,154.0,1,0,0
5,111,2017.0,98,21,0,2.8,1,98000.0,30320.0,1,200.0,1,0,0
14,26,2025.0,164,13,3,1.6,1,0.0,35000.0,0,115.0,0,0,0
25,17,2018.0,255,4,3,1.6,0,58000.0,32500.0,1,156.0,1,0,0
14,113,2025.0,184,18,3,1.6,1,0.0,58000.0,0,154.0,1,0,0
6,10,2025.0,103,4,3,1.0,1,0.0,26080.0,2,120.0,0,0,0
5,110,2018.0,92,13,3,1.8,1,130000.0,17200.0,1,140.0,1,1,0
8,50,2012.0,115,18,3,2.4,0,182000.0,11300.0,1,170.0,1,0,0
11,34,2020.0,136,2,3,1.5,1,64000.0,7120.0,0,123.0,0,1,0
14,113,2010.0,179,13,3,2.0,0,205000.0,10000.0,1,154.0,0,1,0
36,97,2025.0,400,13,3,1.0,1,0.0,30920.0,0,110.0,0,0,0
29,1,2022.0,303,22,3,1.6,0,16000.0,39000.0,1,300.0,1,0,0
5,110,2014.0,92,4,3,1.8,0,139000.0,12900.0,1,140.0,0,1,0
11,34,2017.0,133,18,3,1.6,0,132776.0,13200.0,0,110.0,0,1,0
35,81,2018.0,387,21,3,2.5,1,69400.0,31900.0,0,110.0,1,1,0
3,117,2017.0,34,13,3,2.0,1,98000.0,33500.0,0,192.0,1,1,0
2,124,2018.0,23,18,3,1.5,1,89000.0,17900.0,0,185.0,0,0,0
36,96,2025.0,398,13,3,1.4,1,0.0,32000.0,0,150.0,0,0,0
18,23,2025.0,200,18,3,1.3,1,0.0,13536.0,2,272.0,0,0,0
31,32,2015.0,327,21,3,1.6,1,125000.0,12440.0,0,110.0,0,1,0
35,81,2009.0,382,13,3,2.4,0,183000.0,12200.0,0,257.0,1,0,0
5,110,2025.0,92,4,3,1.2,1,0.0,27600.0,0,132.0,1,0,0
36,96,2023.0,398,2,3,1.4,1,19500.0,34800.0,1,150.0,0,0,0
3,120,2019.0,43,13,3,2.0,1,38000.0,58000.0,1,252.0,1,1,0
11,34,2013.0,134,21,0,1.5,0,181000.0,9200.0,0,90.0,0,1,0
35,46,2019.0,375,21,0,2.8,1,119000.0,41000.0,1,177.0,1,0,0
1,73,2025.0,8,13,3,1.4,1,0.0,57500.0,2,150.0,1,0,0
18,23,2024.0,199,13,3,1.3,1,0.0,31835.0,2,170.0,0,0,0
3,117,2019.0,34,21,3,2.0,1,81000.0,37900.0,0,192.0,1,1,0
36,108,2025.0,414,13,3,2.0,1,0.0,46800.0,2,150.0,1,0,0
14,26,2017.0,163,4,3,1.6,1,98000.0,16399.0,1,115.0,0,0,0
6,10,2024.0,103,13,3,1.0,1,0.0,27167.0,0,120.0,0,0,0
21,92,2017.0,231,18,3,2.0,1,86384.0,19900.0,0,154.0,0,1,0
18,23,2014.0,199,4,3,2.4,0,131000.0,13600.0,2,170.0,0,0,0
18,82,2018.0,208,13,3,2.4,1,87028.0,22000.0,0,170.0,0,0,0
35,95,2025.0,393,13,0,2.8,1,0.0,59040.0,2,204.0,1,0,0
31,32,2017.0,327,4,3,2.0,1,160000.0,15200.0,0,143.0,1,1,0
11,54,2012.0,142,4,3,2.5,0,91000.0,12800.0,0,110.0,1,0,0
36,63,2025.0,397,22,3,1.0,1,0.0,23840.0,2,101.0,0,0,0
36,108,2025.0,414,2,3,2.0,1,0.0,43921.0,2,150.0,1,0,0
4,102,2018.0,69,17,3,1.5,1,74000.0,15402.0,0,127.0,1,1,0
1,72,2022.0,5,18,3,1.0,0,68000.0,34000.0,0,150.0,1,0,0
36,97,2024.0,400,4,3,1.0,1,0.0,25600.0,0,110.0,0,1,0
5,110,2014.0,92,13,3,1.8,0,140000.0,13000.0,1,140.0,1,0,0
18,15,1999.0,194,18,3,4.0,0,250000.0,10000.0,1,170.0,1,1,0
14,113,2018.0,182,13,3,2.0,1,87028.0,27900.0,0,154.0,0,0,0
6,11,2019.0,106,4,3,1.6,0,46000.0,16720.0,0,165.0,0,0,0
2,121,2023.0,20,2,3,1.5,1,0.0,24900.0,2,148.0,0,0,0
25,17,2017.0,255,4,3,1.6,0,85000.0,27000.0,0,156.0,1,0,0
36,63,2025.0,397,13,3,1.0,1,0.0,28000.0,2,101.0,0,0,0
25,17,2018.0,255,2,3,1.6,0,59000.0,45890.0,0,211.0,1,0,0
18,23,2017.0,198,22,3,2.4,1,98000.0,26500.0,0,170.0,1,0,0
1,72,2025.0,5,18,3,2.0,0,0.0,74900.0,0,190.0,1,0,0
28,51,2021.0,276,4,3,1.6,1,64000.0,22240.0,0,120.0,1,0,0
14,86,2018.0,171,4,0,2.2,0,130404.0,31920.0,0,110.0,1,0,0
21,89,2006.0,226,18,0,2.5,0,245000.0,10000.0,0,170.0,1,0,0
11,34,2017.0,130,18,3,2.0,1,66909.0,16400.0,0,143.0,1,0,0
6,11,2025.0,110,22,3,1.6,0,0.0,25840.0,0,165.0,0,0,0
18,23,2019.0,200,4,3,2.4,0,124000.0,23920.0,0,170.0,0,0,0
11,34,2009.0,132,13,0,1.4,0,148100.0,8470.0,0,123.0,0,1,0
14,113,2016.0,178,4,3,2.0,1,90000.0,23200.0,0,154.0,0,0,0
11,34,2017.0,134,18,3,1.6,0,54000.0,15900.0,0,110.0,0,1,0
5,110,2018.0,92,21,3,1.8,1,121000.0,17500.0,0,140.0,1,1,0
11,54,2016.0,142,18,3,2.0,1,79500.0,21700.0,1,143.0,1,0,0
13,27,2013.0,154,13,3,2.4,0,106000.0,21000.0,1,185.0,0,0,0
5,110,2014.0,92,4,3,1.8,0,117000.0,12560.0,1,140.0,0,1,0
18,23,2025.0,200,18,3,1.3,1,0.0,37280.0,0,272.0,0,0,0
18,69,2013.0,207,18,3,2.4,0,170000.0,8100.0,0,170.0,1,0,0
18,82,2020.0,210,13,3,1.8,1,51000.0,22999.0,1,170.0,0,0,0
13,27,2021.0,154,13,3,2.4,0,20000.0,40000.0,1,175.0,0,0,0
11,34,2020.0,130,2,3,1.5,1,30000.0,19600.0,0,123.0,0,1,0
18,82,2025.0,208,13,3,1.3,1,0.0,30296.0,2,170.0,0,0,0
2,124,2025.0,26,4,3,1.5,1,0.0,45700.0,0,185.0,0,0,0
11,34,2017.0,130,13,3,2.0,1,165000.0,16000.0,0,143.0,1,1,0
11,34,2014.0,134,13,0,1.5,0,117000.0,13000.0,0,90.0,0,1,0
11,34,2013.0,134,4,3,2.0,0,150000.0,12500.0,0,143.0,0,1,0
1,75,2025.0,13,13,3,2.0,1,0.0,86000.0,2,245.0,1,0,0
21,89,2017.0,226,13,0,2.2,0,125000.0,28000.0,1,154.0,1,0,0
34,48,2024.0,357,13,3,1.5,0,1000.0,40000.0,0,120.0,1,1,1
8,50,2017.0,115,18,3,2.4,1,123000.0,17500.0,1,170.0,1,1,0
35,25,2023.0,366,4,3,2.0,1,14600.0,34000.0,1,170.0,0,0,0
5,110,2016.0,92,4,3,1.8,1,90000.0,16000.0,1,140.0,1,0,0
31,13,2022.0,320,13,3,2.0,0,20000.0,22000.0,1,110.0,0,1,0
18,82,2021.0,210,18,3,1.8,0,73225.0,19856.0,0,170.0,0,0,0
28,129,2006.0,285,1,0,2.8,0,230000.0,17500.0,1,123.0,1,1,0
18,23,2017.0,198,13,3,2.4,1,110000.0,28600.0,0,170.0,1,0,0
36,97,2020.0,400,2,3,1.6,0,89700.0,23120.0,0,110.0,0,0,0
11,34,2012.0,132,5,3,1.6,0,165000.0,10000.0,0,110.0,0,1,0
14,86,2009.0,171,13,3,2.7,0,250000.0,10500.0,1,110.0,1,0,0
10,71,2024.0,125,18,3,1.3,1,0.0,23920.0,0,110.0,0,0,0
13,47,2018.0,157,4,3,1.8,1,76000.0,21900.0,1,154.0,0,0,0
29,0,2018.0,299,13,3,1.6,1,80000.0,13200.0,0,120.0,0,1,0
25,17,2016.0,255,4,3,1.6,0,77000.0,26990.0,0,156.0,1,0,0
36,97,2024.0,400,13,3,1.0,1,0.0,24000.0,2,110.0,0,1,0
4,101,2014.0,65,13,3,2.0,0,99000.0,11000.0,0,138.0,0,1,0
36,96,2025.0,398,21,3,1.4,1,0.0,40792.0,2,150.0,0,0,0
11,54,2023.0,140,2,2,2.5,0,13200.0,56720.0,1,180.0,1,0,0
31,32,2025.0,329,21,3,1.3,1,0.0,23592.0,2,155.0,1,0,0
6,11,2023.0,106,13,3,1.6,0,22000.0,14500.0,1,165.0,0,1,0
5,110,2018.0,92,13,3,1.8,1,89000.0,18800.0,0,140.0,1,0,0
5,110,2016.0,92,18,3,1.8,1,139000.0,15500.0,0,140.0,1,0,0
21,92,2019.0,231,13,3,2.0,1,79000.0,24800.0,1,154.0,0,0,0
28,51,2023.0,276,13,3,1.6,0,23000.0,26800.0,0,120.0,1,0,0
29,0,2025.0,297,4,3,1.0,1,0.0,33128.0,0,120.0,0,0,0
2,124,2025.0,24,22,3,1.5,0,1111.0,39900.0,0,185.0,0,0,0
25,18,2017.0,261,18,3,3.0,0,98000.0,95000.0,0,367.0,1,0,0
35,55,2009.0,379,18,0,3.0,0,171000.0,29500.0,1,265.0,0,1,0
11,34,2008.0,132,18,3,1.6,0,147000.0,8200.0,0,110.0,0,1,0
35,46,2014.0,374,3,0,3.0,1,161000.0,32500.0,0,171.0,1,1,0
11,100,2025.0,144,4,3,1.8,1,0.0,39085.0,2,85.0,1,0,0
6,10,2025.0,103,22,3,1.0,1,0.0,27040.0,2,120.0,0,0,0
29,0,2016.0,296,22,3,1.6,0,132000.0,11000.0,0,150.0,1,1,0
11,34,2018.0,136,4,3,1.5,1,102000.0,14400.0,1,123.0,0,1,0
29,0,2024.0,292,13,3,1.0,1,500.0,27600.0,0,120.0,0,1,0
13,47,2024.0,158,13,3,1.5,1,0.0,35610.0,0,121.0,0,0,0
36,97,2020.0,403,21,3,1.6,1,35000.0,20400.0,0,110.0,0,1,0
31,32,2016.0,327,13,3,1.6,0,84000.0,14000.0,0,110.0,0,1,0
6,10,2025.0,103,4,3,1.0,1,0.0,22386.0,2,120.0,0,0,0
18,82,2019.0,208,18,3,1.8,1,47500.0,23000.0,1,170.0,0,0,0
13,27,2013.0,154,13,3,2.4,0,194000.0,16900.0,1,185.0,0,0,0
13,47,2019.0,157,13,3,1.8,1,90000.0,20960.0,1,154.0,0,0,0
4,103,2019.0,70,4,3,1.6,1,75000.0,8224.0,0,110.0,0,1,0
14,86,2014.0,171,21,3,2.4,1,183000.0,21500.0,1,110.0,1,0,0
35,25,2021.0,370,4,3,2.0,1,71000.0,27992.0,0,170.0,0,0,0
5,111,2025.0,99,18,0,2.8,1,0.0,47520.0,2,200.0,1,0,0
5,110,2015.0,92,21,3,1.8,1,105000.0,15000.0,0,140.0,1,0,0
3,117,2018.0,34,18,3,2.0,1,87028.0,37000.0,1,150.0,1,1,0
11,34,2017.0,134,13,3,2.0,0,72000.0,18500.0,0,143.0,0,1,0
31,32,2020.0,327,13,3,2.0,1,71305.0,14800.0,1,143.0,0,1,0
29,0,2017.0,299,4,3,1.6,1,100000.0,7280.0,0,120.0,0,1,0
36,63,2025.0,397,13,3,1.0,1,0.0,23440.0,2,101.0,0,0,0
35,25,2025.0,371,13,3,2.0,1,9400.0,30400.0,1,170.0,0,0,0
5,110,2025.0,92,13,3,1.2,1,0.0,24000.0,2,132.0,1,0,0
11,34,2018.0,134,13,3,1.5,0,86000.0,15920.0,0,123.0,0,1,0
11,34,2015.0,136,18,3,1.6,1,177000.0,11600.0,1,110.0,0,1,0
6,11,2024.0,110,18,3,1.6,1,8200.0,28000.0,0,165.0,0,0,0
5,110,2025.0,95,22,3,1.2,0,0.0,22000.0,2,132.0,1,0,0
36,96,2025.0,398,13,3,1.4,1,0.0,30080.0,0,150.0,0,0,0
29,0,2018.0,296,29,3,1.6,1,122000.0,16400.0,0,150.0,1,1,0
5,110,2016.0,92,13,3,1.8,1,127000.0,11184.0,0,140.0,0,1,0
29,0,2025.0,297,4,3,1.0,1,0.0,33500.0,0,120.0,0,0,0
36,107,2024.0,408,21,3,2.0,1,0.0,47120.0,0,230.0,1,0,0
11,54,2011.0,142,4,3,2.5,0,130000.0,12960.0,1,123.0,1,0,0
3,117,2010.0,34,13,0,2.0,0,220000.0,11200.0,1,177.0,1,1,0
28,51,2021.0,275,4,3,1.6,1,62000.0,22800.0,0,120.0,0,0,0
11,100,2021.0,144,4,3,1.5,0,61000.0,31900.0,0,85.0,1,0,0
11,34,2013.0,134,13,3,2.0,0,113000.0,11290.0,0,143.0,0,1,0
13,47,2016.0,157,21,3,1.8,1,143000.0,21000.0,0,132.0,0,0,0
5,110,2017.0,92,4,3,1.8,1,67000.0,16300.0,0,140.0,1,1,0
6,10,2025.0,103,13,3,1.0,1,0.0,27040.0,2,120.0,0,0,0
18,23,2024.0,199,13,3,1.3,1,0.0,18792.0,2,170.0,0,0,0
11,34,2014.0,133,22,3,1.6,0,120000.0,11192.0,0,110.0,0,1,0
31,32,2017.0,327,4,3,2.0,1,130000.0,15500.0,0,143.0,1,1,0
18,116,2008.0,217,22,3,3.8,0,115000.0,36000.0,0,199.0,1,1,1
28,51,2019.0,275,4,3,1.6,1,95000.0,16800.0,1,120.0,0,0,0
29,0,2025.0,297,18,3,1.0,1,0.0,30392.0,2,120.0,0,0,0
29,0,2017.0,293,4,3,1.6,0,115000.0,13520.0,0,120.0,0,1,0
18,23,2021.0,199,18,3,2.4,1,82000.0,24800.0,0,170.0,0,0,0
36,107,2010.0,409,8,3,2.0,0,132000.0,13500.0,0,200.0,1,1,0
28,51,2022.0,276,22,3,1.6,1,8300.0,26800.0,0,120.0,1,0,0
1,72,2025.0,5,13,3,1.5,0,0.0,47900.0,2,150.0,1,0,0
18,82,2025.0,209,13,3,1.3,1,0.0,29600.0,2,170.0,0,0,0
36,96,2021.0,398,3,3,1.4,1,85000.0,32960.0,0,150.0,0,0,0
11,54,2018.0,142,13,3,2.0,1,110000.0,22800.0,1,143.0,1,0,0
1,78,2025.0,17,18,2,3.0,1,0.0,169000.0,0,340.0,1,0,0
28,51,2021.0,275,18,3,1.6,1,75000.0,24000.0,1,120.0,0,0,0
6,11,2017.0,110,18,3,1.2,0,101000.0,14500.0,0,165.0,0,0,0
36,97,2025.0,400,4,3,1.0,1,0.0,32000.0,2,110.0,0,0,0
31,32,2013.0,322,18,3,1.6,0,140000.0,11200.0,1,110.0,0,1,0
2,124,2023.0,24,4,3,1.5,1,0.0,38900.0,2,185.0,0,1,0
5,91,2025.0,90,2,3,1.8,1,0.0,27600.0,2,105.0,1,0,0
29,0,2025.0,297,13,3,1.0,1,0.0,33520.0,0,120.0,0,0,0
18,82,2019.0,210,21,3,1.8,1,97000.0,19920.0,0,170.0,0,0,0
36,97,2020.0,402,4,3,1.6,1,97000.0,21600.0,0,116.0,0,0,0
35,95,2024.0,393,18,0,2.8,0,0.0,55900.0,1,204.0,1,0,0
13,27,2012.0,154,18,3,2.4,0,150000.0,16500.0,1,185.0,0,0,0
28,51,2025.0,275,4,3,1.6,0,0.0,28000.0,0,120.0,0,0,0
18,82,2023.0,212,13,3,1.3,0,13000.0,39200.0,0,170.0,1,0,0
3,122,2019.0,51,13,3,2.0,0,90000.0,48000.0,0,245.0,1,0,0
35,25,2024.0,369,4,3,2.0,1,0.0,41510.0,2,170.0,0,0,0
35,25,2021.0,369,13,2,2.0,1,47100.0,31500.0,1,170.0,0,0,0
35,81,2014.0,382,18,3,2.0,0,132000.0,20500.0,1,200.0,0,0,0
5,110,2023.0,95,4,3,1.2,0,1000.0,29200.0,0,132.0,1,0,0
18,82,2024.0,210,13,3,1.8,1,0.0,24720.0,2,175.0,0,0,0
31,32,2013.0,326,26,3,2.0,0,140000.0,14000.0,1,138.0,1,1,0
31,32,2021.0,327,13,3,1.6,1,79000.0,18800.0,0,110.0,0,1,0
6,10,2025.0,103,22,3,1.0,1,0.0,21432.0,0,120.0,0,0,0
31,32,2019.0,327,13,3,1.6,1,98000.0,14320.0,0,110.0,0,1,0
10,71,2024.0,123,13,3,1.0,1,0.0,28320.0,0,110.0,0,0,0
18,23,2024.0,200,4,3,1.3,1,0.0,33200.0,1,170.0,0,0,0
10,71,2024.0,123,18,3,1.3,1,0.0,30240.0,2,110.0,0,0,0
36,63,2025.0,397,2,3,1.0,1,0.0,28400.0,0,101.0,0,0,0
35,95,2022.0,393,4,0,2.8,1,45000.0,52000.0,0,177.0,1,0,0
11,34,2020.0,134,18,3,1.5,0,98000.0,18400.0,0,123.0,0,1,0
5,110,2015.0,92,21,3,1.8,1,118400.0,17500.0,1,140.0,1,0,0
28,51,2018.0,275,13,3,1.6,1,118000.0,19120.0,0,120.0,0,0,0
35,46,2022.0,376,13,0,2.8,0,55000.0,48800.0,1,177.0,1,0,0
13,47,2017.0,157,4,3,1.8,1,109000.0,22900.0,1,154.0,0,0,0
5,110,2023.0,95,13,3,1.2,0,26000.0,24000.0,1,132.0,1,0,0
11,100,2023.0,145,15,3,1.5,0,10000.0,30800.0,0,143.0,1,0,0
3,125,2013.0,60,13,0,3.0,1,98000.0,46000.0,1,245.0,1,0,0
13,70,2011.0,159,13,3,3.5,1,198000.0,23500.0,1,257.0,0,0,0
25,17,2018.0,256,18,3,2.0,1,57000.0,72000.0,1,381.0,1,1,0
36,63,2025.0,397,4,3,1.0,1,0.0,22800.0,2,101.0,0,0,0
36,63,2025.0,397,4,3,1.0,1,3100.0,24400.0,1,101.0,0,0,0
1,75,2025.0,13,13,3,2.0,1,0.0,82800.0,2,252.0,1,0,0
5,110,2018.0,92,13,3,1.8,1,110000.0,16160.0,2,140.0,1,1,0
28,51,2021.0,275,13,3,1.6,1,59050.0,24500.0,0,120.0,0,0,0
25,18,2018.0,258,13,3,2.0,1,102000.0,46000.0,1,367.0,1,0,0
10,71,2025.0,124,13,3,1.0,1,0.0,22891.0,2,110.0,0,0,0
31,32,2014.0,330,13,3,1.6,0,145000.0,12900.0,0,110.0,0,1,0
11,34,2020.0,133,18,3,1.5,0,98000.0,15180.0,0,123.0,0,1,0
14,113,2010.0,178,13,3,2.0,0,121000.0,14000.0,0,154.0,1,0,0
11,34,2012.0,132,4,3,1.6,0,150000.0,9120.0,0,110.0,0,1,0
25,17,2019.0,255,13,3,1.6,0,120000.0,28900.0,0,156.0,1,0,0
14,113,2015.0,178,13,3,2.0,1,89000.0,19000.0,0,154.0,0,1,0
31,32,2014.0,330,18,3,1.6,0,135000.0,10800.0,0,110.0,0,1,0
10,71,2022.0,126,2,3,1.0,1,40491.0,22400.0,0,110.0,0,0,0
35,95,2021.0,393,21,0,2.8,1,59050.0,42000.0,0,204.0,1,0,0
31,32,2015.0,322,18,3,1.6,0,137000.0,12640.0,0,110.0,0,1,0
6,11,2019.0,110,18,3,1.6,1,87100.0,16960.0,1,165.0,0,0,0
10,71,2025.0,125,13,3,1.3,0,0.0,20119.0,2,110.0,0,1,0
18,82,2017.0,210,13,3,1.8,1,98000.0,19500.0,0,170.0,0,1,0
35,46,2012.0,374,18,0,3.0,0,204000.0,35000.0,0,171.0,1,1,0
28,51,2021.0,276,13,3,1.6,1,61000.0,23200.0,0,120.0,1,0,0
14,113,2020.0,176,1,3,2.0,0,106368.0,27920.0,2,154.0,0,0,0
18,82,2025.0,212,13,3,1.3,1,0.0,34399.0,2,170.0,1,0,0
1,72,2025.0,5,13,3,2.0,0,0.0,57879.0,2,190.0,1,0,0
29,0,2025.0,297,4,3,1.0,1,0.0,29600.0,2,120.0,0,0,0
18,23,2018.0,199,4,3,2.4,1,77000.0,24320.0,0,170.0,0,1,0
18,23,2021.0,198,18,3,2.4,1,62000.0,26400.0,0,170.0,1,1,0
13,47,2016.0,157,13,3,1.8,1,103000.0,20500.0,1,132.0,0,0,0
4,103,2018.0,70,4,3,1.6,1,51000.0,14400.0,2,110.0,0,1,0
35,81,2014.0,385,4,3,2.0,0,100000.0,20900.0,1,110.0,0,0,0
18,23,2024.0,198,18,3,1.3,0,0.0,42000.0,0,170.0,1,0,0
36,108,2025.0,414,18,3,2.0,1,0.0,43592.0,2,150.0,1,0,0
18,23,2025.0,200,4,3,1.3,1,0.0,35840.0,2,272.0,0,0,0
31,32,2014.0,326,22,3,2.0,0,135000.0,9080.0,0,138.0,0,1,0
10,71,2025.0,125,22,3,1.3,1,0.0,21840.0,2,110.0,0,0,0
18,82,2022.0,208,18,3,1.8,1,78000.0,23500.0,2,170.0,0,0,0
11,34,2023.0,136,4,3,1.5,1,50309.0,22000.0,2,123.0,0,1,0
5,110,2024.0,94,4,3,1.2,1,1000.0,28412.0,2,132.0,0,0,0
5,110,2017.0,92,13,3,1.8,1,120000.0,15600.0,1,140.0,1,0,0
36,108,2024.0,414,21,3,2.0,1,0.0,44000.0,0,150.0,0,0,0
11,100,2025.0,144,4,3,1.8,1,2800.0,37920.0,1,85.0,1,0,0
5,110,2017.0,92,21,3,1.8,1,98000.0,16720.0,0,140.0,1,0,0
18,23,2018.0,198,13,3,2.4,1,62000.0,27200.0,0,170.0,1,1,0
5,110,2016.0,92,18,3,1.8,1,119000.0,14400.0,0,140.0,0,1,0
29,0,2019.0,296,4,3,1.6,1,125000.0,16640.0,0,150.0,1,1,0
11,8,2021.0,129,13,3,1.5,1,32000.0,34900.0,0,110.0,1,0,0
11,54,2014.0,141,18,3,1.6,0,155000.0,15500.0,1,150.0,0,1,0
28,51,2025.0,275,22,3,1.6,0,0.0,28400.0,2,120.0,0,0,0
29,0,2017.0,299,21,3,1.6,1,87000.0,15000.0,1,120.0,0,1,0
18,23,2025.0,201,4,3,2.0,0,0.0,45600.0,0,272.0,1,0,0
4,103,2019.0,71,22,3,1.6,1,71000.0,15192.0,0,127.0,1,0,0
5,110,2025.0,92,4,3,1.2,1,0.0,23481.0,2,132.0,1,0,0
36,96,2023.0,398,4,3,1.4,1,8500.0,36000.0,1,150.0,0,0,0
3,117,2020.0,34,18,3,1.8,0,67000.0,38900.0,0,192.0,1,0,0
18,82,2017.0,210,4,3,1.8,1,85000.0,16400.0,0,170.0,0,0,0
3,125,2018.0,62,4,3,3.0,0,87028.0,160000.0,0,306.0,1,0,0
35,46,2011.0,374,4,0,3.0,0,160000.0,25500.0,2,171.0,1,1,0
31,32,2025.0,329,13,3,1.3,1,0.0,22560.0,0,155.0,1,0,0
29,0,2017.0,293,4,3,1.6,0,116000.0,15900.0,0,120.0,0,1,0
6,11,2019.0,106,22,3,1.6,0,45000.0,15815.0,0,165.0,0,1,0
31,32,2012.0,327,4,3,1.6,0,190000.0,11000.0,1,110.0,0,1,0
5,110,2024.0,92,18,3,1.2,0,0.0,25600.0,0,132.0,1,0,0
13,27,2013.0,154,4,3,2.4,0,198000.0,17520.0,0,185.0,0,0,0
11,34,2018.0,136,21,3,1.5,1,73000.0,16000.0,1,123.0,0,1,0
11,54,2020.0,141,13,2,2.0,0,79510.0,24216.0,2,143.0,1,0,0
11,34,2015.0,136,4,3,1.6,0,160000.0,13200.0,0,110.0,0,1,0
36,107,2016.0,407,4,3,2.0,0,71200.0,22080.0,0,200.0,1,1,0
10,71,2025.0,125,21,3,1.3,0,500.0,7500.0,0,110.0,0,1,0
11,100,2021.0,144,13,3,1.5,0,80000.0,28800.0,0,85.0,1,0,0
31,13,2020.0,320,13,3,2.0,1,90000.0,17200.0,2,110.0,0,1,0
36,96,2025.0,398,3,3,1.4,1,0.0,36800.0,2,150.0,0,0,0
13,47,2016.0,157,21,3,1.8,1,88589.0,21000.0,1,132.0,0,0,0
28,51,2020.0,276,13,3,1.6,0,71519.0,22664.0,0,120.0,1,0,0
18,82,2025.0,208,13,3,1.3,1,0.0,29520.0,2,170.0,0,0,0
13,70,2023.0,160,13,3,3.5,1,22000.0,69000.0,1,257.0,0,0,0
36,97,2025.0,400,4,3,1.0,1,0.0,25280.0,0,110.0,0,0,0
5,110,2015.0,92,21,3,1.8,1,118400.0,12800.0,1,140.0,0,1,0
31,32,2017.0,327,13,3,1.6,1,85000.0,15984.0,0,110.0,0,1,0
6,11,2018.0,110,4,3,1.2,1,108000.0,14500.0,1,165.0,0,0,0
31,32,2020.0,327,22,3,1.6,1,55000.0,18320.0,0,110.0,0,1,0
21,92,2016.0,231,22,3,2.0,0,90000.0,23000.0,0,154.0,1,1,0
18,23,2019.0,199,4,3,2.4,1,117000.0,25500.0,1,170.0,0,0,0
6,11,2024.0,106,18,3,1.6,0,0.0,21600.0,0,165.0,0,0,0
0,94,2023.0,3,18,3,2.0,0,14000.0,72800.0,0,280.0,0,0,0
21,92,2009.0,231,13,3,2.0,0,165168.0,11600.0,1,154.0,0,1,0
3,117,2025.0,30,18,3,2.0,0,0.0,65000.0,0,140.0,1,1,0
18,23,2025.0,200,18,3,1.3,1,0.0,36400.0,2,272.0,0,0,0
18,23,2025.0,200,18,3,1.3,1,0.0,45000.0,0,272.0,0,0,0
18,23,2025.0,200,4,3,1.3,1,500.0,35920.0,1,272.0,0,0,0
18,23,2025.0,200,21,3,1.3,1,0.0,17440.0,0,272.0,0,0,0
36,96,2022.0,398,21,3,1.4,1,70000.0,27800.0,1,150.0,0,0,0
11,34,2012.0,132,5,3,1.6,0,133000.0,10999.0,0,110.0,0,1,0
36,96,2025.0,398,2,3,1.4,1,0.0,34880.0,2,150.0,0,0,0
28,51,2019.0,276,13,3,1.6,1,72000.0,25000.0,1,120.0,1,0,0
5,110,2016.0,92,18,3,1.8,1,87000.0,9600.0,0,140.0,1,0,0
6,11,2022.0,106,4,3,1.6,0,45000.0,25000.0,0,165.0,0,1,0
9,31,2022.0,121,4,0,1.8,1,45000.0,36000.0,1,300.0,1,0,0
31,13,2018.0,318,4,3,2.0,1,65000.0,22000.0,0,110.0,0,1,0
28,51,2020.0,278,4,3,1.6,1,65000.0,22000.0,1,120.0,0,0,0
31,32,2015.0,327,22,3,1.6,1,148000.0,12400.0,0,110.0,0,1,0
36,97,2025.0,400,21,3,1.0,1,0.0,24960.0,2,110.0,0,0,0
31,32,2025.0,329,21,3,1.3,1,0.0,28080.0,0,155.0,1,0,0
1,75,2016.0,13,21,3,2.0,1,110000.0,29000.0,2,225.0,1,0,0
10,71,2024.0,125,22,3,1.3,1,0.0,27499.0,2,110.0,0,0,0
13,47,2017.0,158,13,3,1.8,1,120000.0,18400.0,1,175.0,0,0,0
35,46,2022.0,376,4,0,2.8,0,25000.0,62000.0,1,177.0,1,0,0
31,33,2017.0,332,26,3,2.0,0,70000.0,16160.0,0,110.0,0,1,0
36,96,2024.0,399,4,3,1.4,1,0.0,37360.0,0,150.0,0,0,0
31,13,2017.0,318,22,3,2.0,0,66000.0,17760.0,0,110.0,0,1,0
29,0,2025.0,292,4,3,1.0,1,0.0,25600.0,0,120.0,0,1,0
25,20,2011.0,263,18,3,3.0,0,170000.0,20000.0,0,231.0,1,0,0
25,20,2012.0,263,13,3,3.0,0,129000.0,21000.0,0,231.0,1,0,0
29,0,2017.0,299,4,3,1.6,1,103000.0,13200.0,1,120.0,0,1,0
5,110,2023.0,92,13,3,1.2,1,33606.0,24800.0,0,132.0,1,0,0
31,32,2012.0,327,18,3,1.6,0,183000.0,9000.0,0,110.0,0,1,0
35,46,2016.0,375,18,0,2.8,1,180000.0,37900.0,0,177.0,1,0,0
29,0,2025.0,297,4,3,1.0,1,0.0,27636.0,2,120.0,0,0,0
22,36,2013.0,239,4,0,2.2,1,145000.0,33000.0,1,190.0,0,0,0
18,23,2019.0,197,13,3,2.4,1,75000.0,24500.0,0,170.0,1,1,0
35,25,2025.0,369,21,3,2.0,1,0.0,39600.0,0,170.0,0,0,0
5,110,2017.0,92,13,3,1.8,1,75000.0,15120.0,0,140.0,1,0,0
29,0,2018.0,296,4,3,1.6,1,96000.0,15600.0,0,150.0,1,1,0
31,32,2018.0,327,13,3,1.6,1,74000.0,15040.0,0,110.0,0,1,0
31,33,2017.0,333,4,3,2.0,1,80000.0,17200.0,0,110.0,0,1,0
18,23,2025.0,200,18,3,1.3,1,0.0,35992.0,2,272.0,0,0,0
29,1,2021.0,303,13,0,2.0,0,77800.0,35120.0,2,165.0,1,0,0
31,52,2025.0,335,29,3,2.5,1,1000.0,42000.0,0,257.0,1,0,0
28,51,2025.0,276,4,3,1.6,1,0.0,34500.0,0,120.0,1,0,0
4,103,2016.0,70,13,3,1.6,1,130000.0,11600.0,1,110.0,0,1,0
28,51,2021.0,275,13,3,1.6,1,57000.0,25440.0,0,120.0,0,0,0
28,51,2019.0,275,22,3,1.6,1,96000.0,20400.0,0,120.0,0,0,0
6,10,2025.0,103,13,3,1.6,1,0.0,19812.0,2,120.0,0,1,0
31,52,2025.0,335,22,3,2.5,1,2200.0,36800.0,0,257.0,1,0,0
22,80,2016.0,247,13,3,5.0,0,58000.0,119000.0,0,110.0,0,0,0
22,36,2021.0,240,4,2,2.0,0,52000.0,105000.0,0,240.0,0,0,0
36,97,2020.0,402,13,3,1.6,1,106000.0,21200.0,0,116.0,0,1,0
5,110,2017.0,92,13,3,1.8,1,86000.0,16800.0,0,140.0,1,0,0
11,34,2017.0,136,4,3,2.0,1,122000.0,15840.0,0,143.0,0,1,0
5,110,2023.0,95,13,3,1.2,1,28000.0,28000.0,1,132.0,1,0,0
31,32,2011.0,328,13,3,2.0,0,160000.0,10800.0,1,138.0,0,1,0
10,71,2024.0,125,13,3,1.3,1,0.0,21185.0,2,110.0,0,0,0
18,22,2025.0,195,13,3,2.0,1,0.0,52000.0,2,272.0,1,0,0
18,23,2021.0,198,18,3,2.4,1,70000.0,28000.0,0,170.0,1,1,0
29,0,2025.0,297,13,3,1.0,1,0.0,28229.0,2,120.0,0,0,0
6,11,2019.0,110,18,3,1.6,1,91000.0,14640.0,1,165.0,0,0,0
36,97,2025.0,400,21,3,1.0,1,0.0,27600.0,0,110.0,0,0,0
35,25,2025.0,369,18,2,1.8,1,0.0,40000.0,0,170.0,0,0,0
18,23,2022.0,200,13,3,1.3,0,33660.0,32500.0,1,170.0,0,0,0
3,123,2025.0,57,18,3,4.4,1,0.0,179900.0,0,449.0,1,1,0
13,27,2005.0,152,18,3,2.4,0,170000.0,12500.0,1,185.0,1,1,0
5,110,2023.0,95,4,3,1.2,0,40000.0,20800.0,1,132.0,1,0,0
5,110,2014.0,92,4,3,1.8,0,150000.0,11600.0,0,140.0,0,1,0
31,32,2019.0,327,4,3,1.6,1,54000.0,16400.0,1,110.0,0,1,0
11,34,2017.0,133,13,3,1.6,0,125922.0,13294.0,0,110.0,0,1,0
5,110,2016.0,92,2,3,1.8,1,142000.0,12400.0,0,140.0,1,0,0
28,51,2025.0,275,13,3,1.6,0,0.0,24360.0,2,120.0,0,0,0
4,101,2009.0,65,13,3,2.0,0,158000.0,7120.0,0,127.0,0,1,0
14,113,2019.0,183,13,3,1.6,0,75300.0,32800.0,2,154.0,0,0,0
29,0,2018.0,299,13,3,1.6,1,57000.0,16400.0,0,120.0,0,1,0
13,27,2007.0,154,13,3,2.4,0,195456.0,10500.0,1,185.0,0,0,0
36,63,2021.0,397,4,3,1.0,1,70000.0,20720.0,0,101.0,0,0,0
11,34,2019.0,134,21,3,1.5,0,50000.0,15120.0,2,123.0,0,1,0
11,34,2022.0,136,4,3,1.5,1,12000.0,22400.0,0,123.0,0,1,0
18,69,2011.0,207,18,3,2.4,0,160000.0,8500.0,1,170.0,1,1,0
36,96,2025.0,398,21,3,1.4,1,0.0,35280.0,2,150.0,0,0,0
13,47,2016.0,157,4,3,1.8,1,70000.0,21500.0,1,132.0,0,0,0
29,0,2018.0,293,13,3,1.6,0,87028.0,20000.0,1,120.0,0,1,0
36,97,2024.0,400,13,3,1.0,1,10000.0,11200.0,0,110.0,0,1,0
5,110,2024.0,95,13,3,1.2,1,0.0,23436.0,0,132.0,1,0,0
11,37,1994.0,138,13,3,4.0,0,196000.0,8000.0,1,110.0,1,0,0
13,27,2014.0,152,13,3,2.4,1,145000.0,25000.0,1,185.0,1,0,0
31,32,2017.0,327,18,3,1.6,1,148000.0,13600.0,0,110.0,0,1,0
31,13,2017.0,318,3,2,2.0,0,106453.0,13584.0,2,110.0,0,1,0
11,54,2020.0,142,2,2,2.5,1,70796.0,34400.0,1,123.0,1,0,0
5,110,2018.0,92,21,3,1.8,1,66000.0,19200.0,1,140.0,1,1,0
13,47,2018.0,157,22,3,1.8,1,87028.0,28000.0,1,154.0,0,0,0
3,125,2011.0,60,18,3,3.0,0,125000.0,37000.0,0,306.0,1,0,0
2,124,2024.0,22,4,3,1.5,1,0.0,36950.0,0,185.0,0,0,0
25,17,2020.0,257,4,3,1.3,0,65000.0,44000.0,1,163.0,1,0,0
25,57,2013.0,268,18,3,3.0,0,153000.0,39500.0,1,110.0,1,0,0
11,34,2017.0,130,4,3,1.5,1,65000.0,14800.0,1,123.0,0,1,0
5,110,2025.0,95,2,3,1.2,0,0.0,22507.0,2,132.0,1,0,0
14,26,2025.0,164,21,3,1.6,1,0.0,35000.0,2,115.0,0,0,0
29,0,2019.0,296,4,3,1.6,1,80000.0,16000.0,1,150.0,1,1,0
21,90,2015.0,228,13,3,1.6,0,86000.0,16500.0,1,132.0,0,0,0
25,17,2016.0,255,13,3,1.6,0,157000.0,32000.0,1,211.0,1,0,0
11,34,2013.0,134,22,3,2.0,0,148000.0,11040.0,0,143.0,0,1,0
29,0,2025.0,292,13,3,1.0,1,0.0,25680.0,2,120.0,0,1,0
36,63,2024.0,397,13,3,1.0,1,1000.0,23200.0,0,116.0,0,1,0
28,51,2023.0,275,13,3,1.6,1,10200.0,26400.0,0,120.0,0,0,0
1,75,2025.0,13,13,3,2.0,1,0.0,84008.0,2,245.0,1,0,0
5,110,2025.0,95,21,3,1.2,0,0.0,29756.0,2,132.0,1,0,0
4,104,2024.0,73,4,3,1.5,1,0.0,29500.0,0,127.0,1,0,0
35,46,2019.0,375,4,0,2.8,1,91500.0,43500.0,1,177.0,1,1,0
2,121,2024.0,21,13,3,1.5,0,0.0,27000.0,0,148.0,1,0,0
13,47,2019.0,157,4,3,1.8,1,120000.0,24999.0,0,154.0,0,0,0
5,110,2025.0,92,22,3,1.2,1,0.0,24400.0,2,132.0,1,0,0
31,32,2015.0,324,13,3,1.6,0,174000.0,12900.0,0,110.0,0,1,0
5,110,2025.0,91,13,3,1.2,0,0.0,22494.0,2,132.0,1,0,0
35,25,2025.0,369,4,3,2.0,1,0.0,38000.0,0,170.0,0,0,0
18,23,2013.0,199,18,3,2.4,1,146000.0,14700.0,1,170.0,0,0,0
14,86,2010.0,171,13,0,2.2,0,170000.0,12700.0,1,110.0,1,1,0
35,46,2012.0,374,13,0,3.0,0,142000.0,28000.0,1,171.0,1,1,0
36,63,2023.0,397,4,3,1.0,1,18000.0,24500.0,1,101.0,0,0,0
0,94,2024.0,3,22,3,2.0,0,0.0,86000.0,0,280.0,0,0,0
1,77,2018.0,16,4,3,3.0,1,92000.0,65000.0,1,333.0,1,0,0
21,89,2017.0,226,18,0,2.2,1,98000.0,28500.0,0,154.0,1,0,0
6,11,2019.0,110,22,3,1.6,1,63000.0,15920.0,0,165.0,0,0,0
36,96,2024.0,398,4,3,1.4,1,0.0,38392.0,2,150.0,0,0,0
31,32,2019.0,327,13,3,1.6,1,117000.0,15120.0,0,110.0,0,1,0
31,13,2019.0,320,13,3,2.0,1,84000.0,17520.0,0,110.0,0,1,0
21,90,2015.0,228,2,3,1.6,0,114000.0,15900.0,0,132.0,0,1,0
11,34,2018.0,136,5,3,1.5,1,125000.0,18000.0,1,123.0,0,1,0
5,110,2017.0,92,22,3,1.8,1,98000.0,19500.0,1,140.0,1,0,0
8,50,2018.0,115,4,3,2.4,1,62000.0,19600.0,0,170.0,1,0,0
35,25,2022.0,369,18,2,1.8,1,77000.0,30999.0,1,170.0,0,0,0
21,92,2025.0,233,4,3,1.6,1,0.0,55900.0,2,154.0,1,0,0
18,82,2025.0,208,13,3,1.3,1,0.0,30800.0,0,170.0,0,0,0
36,96,2022.0,398,5,3,1.4,1,20000.0,35500.0,0,150.0,0,0,0
36,97,2025.0,400,4,3,1.0,1,0.0,25120.0,2,110.0,0,0,0
18,23,2025.0,200,4,3,1.3,1,0.0,37520.0,2,272.0,0,0,0
6,11,2019.0,110,22,3,1.6,1,63000.0,15920.0,0,165.0,0,0,0
18,23,2024.0,201,18,0,2.0,1,0.0,47900.0,1,272.0,1,0,0
36,97,2024.0,400,2,3,1.0,1,0.0,27920.0,0,110.0,0,0,0
29,0,2017.0,296,4,3,1.6,0,74000.0,14300.0,2,150.0,1,1,0
6,11,2020.0,106,13,3,1.6,0,94000.0,16720.0,0,165.0,0,0,0
29,0,2018.0,293,13,3,1.6,0,110000.0,13840.0,0,120.0,0,1,0
18,82,2025.0,210,4,3,1.8,1,0.0,24000.0,2,170.0,0,0,0
5,110,2021.0,95,18,3,1.2,1,75000.0,21200.0,1,132.0,1,0,0
13,47,2015.0,157,4,3,1.8,0,160000.0,17600.0,1,132.0,0,0,0
5,110,2024.0,92,4,3,1.2,0,0.0,24800.0,0,132.0,1,0,0
35,81,2014.0,387,4,3,2.0,0,170000.0,19200.0,1,110.0,0,0,0
29,0,2017.0,299,13,3,1.6,1,105000.0,12392.0,1,120.0,0,1,0
11,34,2020.0,134,4,3,1.5,0,70200.0,16000.0,0,100.0,0,1,0
35,95,2017.0,393,4,0,2.8,1,74239.0,41000.0,1,204.0,1,0,0
35,46,2019.0,375,13,0,2.8,1,107000.0,41520.0,1,177.0,1,0,0
36,96,2025.0,398,21,3,1.4,1,0.0,36400.0,0,150.0,0,0,0
13,47,2016.0,157,4,3,1.8,1,97000.0,18500.0,1,132.0,0,0,0
36,97,2025.0,400,21,3,1.0,1,0.0,24792.0,2,110.0,0,0,0
29,0,2025.0,297,4,3,1.0,1,0.0,25200.0,2,120.0,0,0,0
36,97,2024.0,400,4,3,1.0,1,1111.0,21332.0,1,110.0,0,0,0
13,47,2020.0,157,13,3,1.8,1,88000.0,26800.0,0,154.0,0,0,0
14,113,2012.0,178,18,3,2.0,0,163000.0,12700.0,0,154.0,0,1,0
28,51,2020.0,277,13,3,1.6,0,62000.0,18800.0,0,120.0,0,1,0
13,47,2020.0,157,13,3,1.8,1,63000.0,28900.0,0,154.0,0,0,0
34,48,2025.0,357,26,3,1.5,1,0.0,41500.0,0,120.0,1,1,0
31,32,2019.0,327,13,3,1.6,1,135000.0,15999.0,2,110.0,0,1,0
28,51,2025.0,275,4,3,1.6,0,0.0,28000.0,0,120.0,0,0,0
36,107,2014.0,409,4,3,2.0,0,152000.0,16000.0,1,200.0,1,1,0
5,111,2024.0,96,21,0,2.8,1,1000.0,48948.0,2,200.0,1,0,0
11,34,2014.0,134,29,3,1.6,0,193000.0,11280.0,0,110.0,0,1,0
28,51,2021.0,275,21,3,1.6,1,55105.0,24400.0,0,120.0,0,0,0
31,13,2018.0,318,3,3,1.6,1,89000.0,16960.0,2,110.0,0,0,0
5,110,2013.0,92,22,4,1.8,1,145000.0,14000.0,0,140.0,1,0,0
11,34,2018.0,134,4,3,1.5,1,58000.0,15040.0,0,123.0,0,1,0
28,51,2019.0,276,4,3,1.6,1,65000.0,18800.0,1,120.0,1,0,0
18,15,2000.0,192,26,0,2.5,0,230000.0,8500.0,1,205.0,0,1,0
18,23,2021.0,198,13,0,2.0,1,30000.0,36900.0,0,272.0,1,1,0
11,34,2017.0,134,18,3,1.5,0,98000.0,15040.0,0,123.0,0,1,0
3,125,2013.0,60,18,3,3.0,1,120000.0,45000.0,1,306.0,1,0,0
13,47,2015.0,158,4,3,1.8,1,127000.0,18800.0,1,185.0,0,0,0
5,111,2020.0,98,4,0,2.8,1,64000.0,36800.0,1,200.0,1,0,0
11,34,2010.0,132,18,3,1.6,0,239500.0,7600.0,1,110.0,0,1,0
5,110,2025.0,95,13,3,1.2,0,0.0,17105.0,2,132.0,1,0,0
3,117,2018.0,34,4,3,2.0,1,67500.0,59000.0,1,231.0,1,1,0
36,63,2024.0,397,4,3,1.0,1,2000.0,23600.0,0,116.0,0,1,0
3,125,2016.0,62,13,3,4.4,0,150000.0,74900.0,0,449.0,1,0,0
28,130,2025.0,289,13,3,2.5,1,0.0,42944.0,2,110.0,1,0,0
6,11,2024.0,110,4,3,1.6,1,3500.0,23200.0,1,165.0,0,0,0
29,1,2019.0,303,22,3,1.6,1,57000.0,34900.0,0,165.0,1,0,0
25,19,2017.0,262,18,3,3.0,0,119000.0,56500.0,1,333.0,1,0,0
6,11,2018.0,110,4,3,1.2,1,94000.0,4600.0,0,165.0,0,0,0
18,42,2017.0,204,18,3,3.6,0,67100.0,45900.0,0,286.0,1,0,0
11,34,2014.0,136,4,3,1.6,0,171000.0,12500.0,1,110.0,0,1,0
36,108,2018.0,414,18,3,1.4,0,106000.0,20472.0,1,150.0,1,0,0
5,111,2025.0,99,13,0,2.8,1,0.0,48720.0,2,200.0,1,0,0
29,0,2024.0,292,4,3,1.0,1,0.0,24800.0,2,120.0,0,1,0
11,34,2018.0,134,2,4,1.5,0,105005.0,16400.0,2,123.0,0,1,0
31,52,2011.0,336,13,3,2.5,0,180000.0,9584.0,0,110.0,1,1,0
18,82,2025.0,210,18,3,1.8,1,0.0,26240.0,0,170.0,0,0,0
31,32,2019.0,327,22,3,1.6,1,68000.0,14240.0,0,110.0,0,1,0
10,4,2018.0,122,2,3,1.4,1,88000.0,16560.0,0,110.0,0,1,0
5,110,2014.0,92,22,3,1.8,0,136000.0,13200.0,1,140.0,0,1,0
31,33,2016.0,333,4,3,1.6,0,157000.0,17199.0,0,110.0,0,1,0
18,23,2019.0,197,13,3,2.4,1,65000.0,24000.0,1,170.0,1,1,0
5,110,2025.0,94,4,3,1.2,1,0.0,25761.0,2,132.0,1,0,0
22,36,2016.0,241,4,3,2.0,0,130000.0,43000.0,0,240.0,0,0,0
14,86,2016.0,172,13,3,2.4,0,56000.0,29600.0,0,110.0,0,0,0
11,34,2018.0,134,4,3,1.5,0,67000.0,18000.0,1,123.0,0,1,0
11,100,2024.0,144,4,3,1.8,1,0.0,34640.0,1,85.0,1,0,0
5,110,2025.0,95,13,3,1.2,0,0.0,25200.0,0,132.0,1,0,0
36,107,2012.0,409,2,3,2.0,0,140000.0,18400.0,0,200.0,1,0,0
11,8,2025.0,129,4,3,2.0,0,0.0,45600.0,2,110.0,1,0,0
11,34,2013.0,136,17,3,1.6,0,159000.0,12000.0,0,110.0,0,1,0
4,103,2018.0,70,21,3,1.6,1,105000.0,13500.0,1,110.0,0,1,0
3,123,2017.0,54,4,3,3.0,0,103000.0,57900.0,0,306.0,1,1,0
31,32,2015.0,327,4,3,2.0,1,141500.0,12800.0,1,143.0,0,1,0
5,110,2025.0,92,4,3,1.2,1,0.0,23357.0,2,132.0,1,0,0
11,34,2018.0,134,15,3,1.5,0,103000.0,7192.0,0,123.0,0,1,0
29,0,2025.0,292,18,3,1.0,1,0.0,25920.0,2,120.0,0,1,0
28,51,2025.0,276,4,3,1.6,1,0.0,29080.0,0,120.0,1,0,0
29,0,2021.0,298,4,3,1.6,1,59050.0,18399.0,0,120.0,0,1,0
1,73,2016.0,8,13,3,1.4,0,117500.0,22999.0,1,150.0,1,0,0
28,51,2020.0,275,4,3,1.6,1,55140.0,20800.0,2,120.0,0,0,0
31,32,2019.0,327,13,3,1.6,1,95688.0,15920.0,0,110.0,0,1,0
35,25,2025.0,370,2,3,2.0,1,0.0,34155.0,2,170.0,0,0,0
22,36,2017.0,240,4,3,2.0,0,120000.0,45000.0,0,240.0,0,0,0
11,100,2024.0,145,4,3,1.5,0,0.0,33440.0,0,143.0,1,0,0
11,34,2010.0,132,13,3,1.6,0,170000.0,9200.0,0,110.0,0,1,0
29,0,2016.0,293,4,3,1.6,0,133000.0,12400.0,0,120.0,0,1,0
31,32,2017.0,327,13,3,1.6,1,123827.0,13170.0,2,110.0,0,1,0
13,27,2005.0,152,18,3,2.4,0,202000.0,10500.0,1,185.0,1,0,0
28,51,2023.0,275,13,3,1.6,1,51450.0,23200.0,0,120.0,0,0,0
18,23,2019.0,199,4,3,2.4,1,86000.0,23000.0,0,170.0,0,1,0
31,33,2019.0,332,13,3,2.0,0,130000.0,14560.0,0,110.0,0,1,0
35,25,2022.0,369,13,2,1.8,1,43000.0,31600.0,0,170.0,0,0,0
31,32,2015.0,327,22,3,1.6,1,98000.0,13200.0,1,110.0,0,1,0
11,34,2006.0,137,18,3,2.0,0,143000.0,7200.0,1,143.0,1,1,0
11,34,2021.0,134,4,3,1.5,1,90000.0,18000.0,0,123.0,0,1,0
28,51,2023.0,275,13,3,1.6,1,10000.0,26800.0,0,120.0,0,0,0
27,58,1991.0,271,26,0,2.5,0,250000.0,11000.0,0,110.0,1,0,1
31,32,2013.0,326,4,3,2.0,0,165000.0,14000.0,0,138.0,1,1,0
36,96,2025.0,398,3,3,1.4,1,0.0,37200.0,2,150.0,0,0,0
1,75,2025.0,13,13,3,2.0,1,0.0,84002.0,2,245.0,1,0,0
31,13,2019.0,318,21,3,1.6,1,63000.0,19160.0,2,110.0,0,0,0
29,0,2025.0,297,4,3,1.0,1,0.0,17120.0,0,120.0,0,0,0
11,34,2013.0,134,4,3,2.0,0,161000.0,14000.0,0,143.0,0,1,0
13,27,2011.0,154,18,3,2.4,0,160000.0,12500.0,1,185.0,0,0,0
35,25,2022.0,369,21,3,2.0,1,55000.0,32000.0,0,170.0,0,0,0
36,63,2024.0,397,22,3,1.0,1,1111.0,24400.0,1,116.0,0,0,0
35,25,2022.0,369,18,3,2.0,1,40000.0,34200.0,1,170.0,0,0,0
31,52,2025.0,338,12,3,2.5,1,0.0,40800.0,0,110.0,1,0,0
13,47,2017.0,157,4,3,1.8,1,130000.0,17600.0,1,154.0,0,0,0
35,46,2007.0,374,18,0,3.0,1,195456.0,17200.0,1,171.0,1,0,0
13,27,2009.0,154,18,3,2.4,0,213000.0,13499.0,0,185.0,0,0,0
10,71,2025.0,125,13,3,1.3,0,0.0,22400.0,0,110.0,0,0,0
18,23,2019.0,199,13,3,2.4,1,92059.0,20792.0,2,170.0,0,1,0
3,117,2017.0,34,21,3,2.0,1,93000.0,29990.0,2,192.0,1,1,0
11,100,2022.0,145,4,3,1.5,0,46500.0,33000.0,0,143.0,0,0,0
6,11,2020.0,106,13,3,1.6,0,72000.0,16160.0,0,165.0,0,1,0
13,27,1999.0,155,13,3,2.0,0,247650.0,4000.0,1,148.0,1,1,0
36,63,2025.0,397,18,3,1.0,0,0.0,22920.0,2,101.0,0,0,0
11,37,1997.0,138,13,3,4.0,1,197500.0,12500.0,1,110.0,0,1,0
35,81,2017.0,387,21,3,2.0,1,120000.0,30400.0,0,110.0,1,0,0
28,51,2018.0,276,4,3,1.6,1,124000.0,9584.0,0,120.0,1,0,0
1,75,2019.0,13,2,3,2.0,0,75000.0,45000.0,1,250.0,1,0,0
30,14,2009.0,309,13,3,3.6,0,140000.0,20000.0,0,300.0,1,0,0
11,34,2017.0,133,4,3,1.5,0,60000.0,15600.0,0,123.0,0,1,0
6,11,2018.0,110,4,3,1.2,0,72000.0,13592.0,0,165.0,0,0,0
36,63,2025.0,397,21,3,1.0,1,0.0,27600.0,0,101.0,0,0,0
11,54,2012.0,143,18,3,2.5,0,160000.0,10160.0,0,180.0,1,1,0
29,0,2017.0,293,13,3,1.6,0,116000.0,13600.0,0,120.0,0,1,0
10,71,2024.0,125,4,3,1.3,1,0.0,20000.0,0,110.0,0,0,0
5,110,2025.0,92,22,3,1.2,1,0.0,14561.0,2,132.0,1,0,0
27,62,2000.0,273,2,0,2.5,0,230000.0,10400.0,1,110.0,1,0,0
18,22,2025.0,195,21,0,2.0,1,0.0,46800.0,2,272.0,1,0,0
31,13,2020.0,320,5,3,2.0,1,113400.0,17600.0,0,110.0,0,1,0
18,22,2024.0,195,13,0,2.0,0,0.0,47440.0,2,272.0,1,0,0
25,18,2019.0,258,4,3,2.0,1,40000.0,62000.0,0,390.0,1,0,0
6,10,2025.0,103,13,3,1.6,0,0.0,22392.0,2,120.0,0,1,0
36,96,2022.0,398,13,3,1.4,1,28654.0,29000.0,0,150.0,0,0,0
36,108,2025.0,414,13,3,2.0,1,0.0,44800.0,2,150.0,1,0,0
28,51,2018.0,275,13,3,1.6,1,84900.0,18000.0,0,120.0,0,0,0
18,23,2018.0,200,2,3,2.4,0,85000.0,25520.0,0,170.0,0,0,0
28,130,2025.0,289,4,3,2.5,1,0.0,51704.0,2,110.0,1,0,0
11,34,2013.0,134,18,3,2.0,0,186000.0,12000.0,1,143.0,0,1,0
28,51,2022.0,276,4,3,1.6,1,48000.0,23500.0,1,120.0,1,0,0
5,110,2019.0,92,13,3,1.8,1,75000.0,18720.0,0,140.0,1,1,0
36,96,2025.0,398,21,3,1.4,1,0.0,35196.0,2,150.0,0,0,0
28,130,2020.0,289,18,3,2.5,0,67000.0,37000.0,0,110.0,1,0,0
2,124,2025.0,25,4,3,1.5,1,0.0,37900.0,0,185.0,0,0,0
18,82,2025.0,209,18,3,1.3,1,0.0,32800.0,2,170.0,0,0,0
5,110,2020.0,95,21,3,1.2,1,122000.0,18800.0,0,132.0,1,0,0
18,23,2022.0,200,4,3,1.3,0,45000.0,31920.0,0,170.0,0,0,0
11,34,2016.0,130,21,3,1.6,0,125000.0,12990.0,0,110.0,0,1,0
18,82,2021.0,210,18,3,1.8,1,44000.0,24900.0,1,170.0,0,1,0
11,34,2019.0,130,2,3,1.5,0,44500.0,15600.0,2,123.0,0,1,0
14,86,2010.0,171,21,3,2.4,0,215000.0,11920.0,1,110.0,1,0,0
5,110,2021.0,92,13,3,1.2,1,109544.0,20000.0,0,132.0,1,0,0
3,120,2013.0,44,4,3,3.0,1,200000.0,28000.0,0,306.0,1,1,0
10,71,2025.0,124,21,3,1.0,1,0.0,24000.0,0,110.0,0,0,0
3,125,2025.0,60,2,2,3.0,1,3500.0,180000.0,2,381.0,1,0,0
5,110,2017.0,92,13,3,1.8,1,108000.0,16000.0,1,140.0,1,0,0
3,117,2023.0,34,18,3,2.0,0,0.0,62900.0,2,192.0,1,1,0
29,0,2019.0,293,13,3,1.6,1,70000.0,14800.0,1,120.0,0,1,0
36,97,2019.0,402,15,3,1.6,0,67245.0,20800.0,2,116.0,0,1,0
34,48,2000.0,358,4,3,1.3,0,172000.0,15400.0,0,110.0,1,1,0
28,51,2019.0,275,13,3,1.6,1,57000.0,20000.0,1,120.0,0,0,0
28,51,2018.0,276,18,3,1.6,1,50000.0,20400.0,1,120.0,1,0,0
31,32,2014.0,322,18,3,1.6,0,121000.0,11600.0,0,110.0,0,1,0
5,110,2017.0,92,21,3,1.8,1,110000.0,15840.0,0,140.0,1,0,0
3,117,2022.0,34,13,3,2.0,0,68900.0,49800.0,0,192.0,1,1,0
5,110,2022.0,95,4,3,1.2,0,81000.0,19920.0,0,132.0,1,0,0
5,110,2015.0,92,18,3,1.8,1,90000.0,14000.0,0,140.0,0,1,0
4,103,2018.0,70,13,3,1.6,1,85000.0,14000.0,0,110.0,0,1,0
13,47,2020.0,157,13,3,1.8,1,110000.0,23920.0,0,154.0,0,0,0
10,71,2024.0,125,18,3,1.3,1,1000.0,25000.0,0,110.0,0,0,0
35,25,2022.0,369,18,3,2.0,1,45000.0,28899.0,0,170.0,0,0,0
11,34,2020.0,136,13,3,1.5,1,67642.0,17600.0,0,123.0,0,0,0
3,123,2007.0,59,18,0,3.0,0,141565.0,19990.0,1,306.0,1,1,0
35,25,2022.0,369,4,2,1.8,1,55000.0,32500.0,0,170.0,0,0,0
11,8,2024.0,129,13,3,2.0,0,0.0,39600.0,1,110.0,1,0,0
21,90,2013.0,227,15,3,1.6,0,98000.0,13000.0,0,132.0,0,1,0
11,34,2015.0,134,13,3,1.6,0,118000.0,12800.0,0,110.0,0,1,0
35,46,2018.0,375,4,0,2.8,1,108000.0,41000.0,0,177.0,1,0,0
5,110,2021.0,95,21,3,1.2,1,56000.0,23120.0,0,132.0,1,0,0
5,110,2015.0,92,18,3,1.8,1,140000.0,13200.0,0,140.0,1,0,0
31,32,2018.0,327,18,3,1.6,1,87028.0,11040.0,0,110.0,0,1,0
21,92,2023.0,231,13,3,1.6,1,0.0,49000.0,0,132.0,0,0,0
35,25,2025.0,370,13,3,2.0,1,0.0,38960.0,0,170.0,0,0,0
35,95,2017.0,393,15,0,2.8,1,62000.0,40000.0,1,204.0,1,0,0
36,97,2025.0,400,21,3,1.0,1,0.0,28000.0,2,110.0,0,0,0
36,96,2024.0,399,18,3,1.4,1,0.0,35600.0,2,150.0,0,0,0
28,51,2018.0,275,18,3,1.6,1,104000.0,17600.0,1,120.0,0,1,0
35,25,2023.0,371,4,3,2.0,1,26000.0,30400.0,1,170.0,0,0,0
11,34,2014.0,134,4,3,2.0,0,100000.0,12480.0,1,143.0,0,1,0
14,86,2016.0,171,13,0,2.2,0,70000.0,31120.0,0,110.0,1,0,0
22,80,2010.0,246,18,3,5.0,0,105000.0,47000.0,0,110.0,0,0,0
35,46,2010.0,374,13,0,3.0,0,170000.0,18880.0,1,171.0,1,0,0
11,100,2023.0,144,4,3,1.8,0,0.0,36200.0,2,85.0,1,0,0
36,97,2022.0,400,5,3,1.0,0,45000.0,24800.0,1,110.0,0,0,0
6,12,2023.0,111,18,3,1.6,1,0.0,39200.0,2,110.0,0,0,0
18,82,2025.0,210,4,3,1.8,1,0.0,28336.0,2,170.0,0,0,0
6,11,2017.0,110,8,3,1.2,0,58500.0,12399.0,1,165.0,0,0,0
36,97,2019.0,400,2,3,1.6,1,90000.0,19992.0,1,110.0,0,0,0
8,50,2017.0,115,18,3,2.4,1,98000.0,16800.0,0,170.0,1,1,0
5,110,2015.0,92,13,3,1.8,1,76700.0,13760.0,0,140.0,0,1,0
34,44,2009.0,348,13,3,2.0,0,182000.0,11500.0,1,200.0,1,1,0
31,32,2012.0,327,22,3,1.6,0,160000.0,10320.0,0,110.0,0,1,0
36,96,2025.0,398,4,3,1.4,1,0.0,35480.0,2,150.0,0,0,0
31,32,2025.0,325,2,3,1.6,1,0.0,26000.0,0,115.0,1,1,0
21,90,2014.0,228,3,3,1.6,1,146000.0,14720.0,1,132.0,0,0,0
35,81,2018.0,387,4,3,2.0,1,134000.0,29500.0,1,110.0,1,1,0
35,81,2014.0,387,21,3,2.0,0,158000.0,23200.0,0,110.0,0,0,0
14,113,2017.0,174,13,3,2.0,1,105000.0,22500.0,1,154.0,0,1,0
5,110,2022.0,92,2,3,1.2,0,49500.0,21600.0,2,132.0,1,0,0
36,96,2022.0,398,4,3,1.4,1,30000.0,34500.0,1,150.0,0,0,0
28,130,2010.0,287,21,3,2.5,0,150000.0,11200.0,1,110.0,1,1,0
31,32,2015.0,322,18,3,1.6,0,89000.0,12800.0,1,110.0,0,1,0
3,123,2007.0,59,18,3,4.8,0,195456.0,25000.0,1,306.0,1,1,0
11,54,2011.0,142,4,3,2.5,0,129000.0,10320.0,1,123.0,1,0,0
5,111,2019.0,98,13,0,2.8,1,98000.0,30800.0,0,200.0,1,0,0
4,103,2018.0,71,21,3,1.6,1,93000.0,15800.0,1,127.0,1,0,0
29,0,2017.0,299,18,3,1.6,1,65000.0,12720.0,0,120.0,0,1,0
14,113,2015.0,178,4,3,2.0,0,134000.0,15700.0,1,154.0,0,1,0
5,110,2018.0,92,18,3,1.8,1,83000.0,16800.0,1,140.0,1,1,0
3,123,2008.0,59,21,0,3.0,0,177000.0,18000.0,1,306.0,1,1,0
5,111,2025.0,96,13,0,2.8,0,0.0,52000.0,2,200.0,1,0,0
29,1,2024.0,303,13,3,1.6,0,9000.0,46100.0,1,165.0,1,0,0
5,110,2024.0,95,18,3,1.2,1,1000.0,22400.0,2,132.0,1,0,0
11,34,2023.0,134,4,3,1.5,0,50000.0,21600.0,1,123.0,0,1,0
36,96,2025.0,398,13,3,1.4,1,0.0,35360.0,2,150.0,0,0,0
28,51,2025.0,276,4,3,1.6,1,0.0,29600.0,0,120.0,1,0,0
14,26,2023.0,164,13,3,1.6,1,0.0,34000.0,0,115.0,0,0,0
31,33,2017.0,333,13,3,2.0,1,160520.0,13600.0,2,110.0,0,1,0
3,122,2017.0,51,4,3,2.0,1,80000.0,41900.0,1,245.0,1,0,0
6,10,2025.0,103,13,3,1.0,1,0.0,22320.0,0,120.0,0,0,0
36,63,2024.0,397,13,3,1.0,1,5200.0,23520.0,1,116.0,0,0,0
4,101,2015.0,65,2,3,1.6,1,118400.0,6300.0,0,125.0,0,1,0
36,63,2025.0,397,13,3,1.0,1,0.0,27200.0,2,101.0,0,0,0
31,32,2013.0,322,2,3,1.6,0,140000.0,11440.0,0,110.0,0,1,0
11,54,2016.0,142,4,3,2.0,1,137000.0,20990.0,0,143.0,1,0,0
36,97,2024.0,400,13,3,1.0,1,1111.0,25600.0,1,110.0,0,1,0
28,51,2025.0,275,22,3,1.6,0,0.0,28400.0,2,120.0,0,0,0
5,110,2014.0,92,13,3,1.8,0,160000.0,12000.0,1,140.0,0,1,0
1,75,2020.0,13,13,3,2.0,0,92000.0,60000.0,0,252.0,1,0,0
11,37,1997.0,138,13,3,4.0,1,260000.0,7500.0,1,110.0,1,1,0
11,8,2025.0,129,4,3,1.5,1,0.0,39938.0,2,110.0,1,0,0
5,110,2017.0,92,21,3,1.8,1,90000.0,20000.0,1,140.0,1,0,0
35,81,2009.0,382,18,3,2.4,0,162000.0,16500.0,1,257.0,1,0,0
14,113,2025.0,180,4,3,2.0,1,0.0,48900.0,0,154.0,0,0,0
2,121,2025.0,21,2,3,1.5,1,0.0,26200.0,2,148.0,1,0,0
21,92,2019.0,231,18,3,2.0,1,119000.0,24400.0,0,154.0,0,0,0
8,50,2011.0,115,4,3,2.4,0,111000.0,13200.0,0,170.0,1,0,0
31,13,2018.0,318,3,3,1.6,1,78000.0,17500.0,1,110.0,0,0,0
5,35,2023.0,82,4,3,1.5,0,16000.0,29600.0,1,105.0,0,0,0
31,33,2017.0,332,13,3,1.6,0,81000.0,14320.0,0,110.0,0,1,0
28,51,2022.0,277,13,3,1.6,0,19400.0,23000.0,1,120.0,0,1,0
13,47,2018.0,157,21,3,1.8,1,119000.0,19500.0,0,154.0,0,0,0
28,51,2021.0,276,2,3,1.6,1,34000.0,26500.0,0,120.0,1,0,0
5,110,2025.0,92,4,3,1.2,1,0.0,25496.0,2,132.0,1,0,0
3,123,2010.0,54,18,3,3.0,0,244000.0,22000.0,0,306.0,1,1,0
5,110,2015.0,92,22,3,1.8,1,110000.0,15800.0,0,140.0,0,1,0
3,117,2024.0,34,13,3,2.0,0,0.0,85000.0,0,192.0,1,1,0
11,54,2016.0,142,4,3,2.0,1,90444.0,20000.0,1,143.0,1,0,0
5,110,2018.0,92,4,3,1.8,1,101600.0,14800.0,2,140.0,1,1,0
25,18,2018.0,258,13,3,2.0,1,83000.0,47500.0,0,367.0,1,0,0
1,75,2016.0,13,2,3,3.0,0,77000.0,39700.0,1,272.0,1,0,0
35,46,2024.0,375,13,0,2.8,0,8000.0,54400.0,1,177.0,1,0,0
5,110,2015.0,92,13,3,1.8,1,112000.0,13900.0,1,140.0,0,1,0
28,51,2018.0,275,4,3,1.6,1,102000.0,18800.0,0,120.0,0,0,0
2,121,2024.0,20,4,3,1.5,1,0.0,27500.0,2,148.0,0,0,0
29,0,2017.0,293,13,3,1.6,0,100000.0,12900.0,0,120.0,0,1,0
1,75,2021.0,13,13,3,2.0,1,42000.0,61500.0,1,252.0,1,0,0
13,47,2017.0,158,4,3,1.8,1,120000.0,18500.0,1,175.0,0,0,0
5,110,2023.0,95,13,3,1.2,0,0.0,23922.0,0,132.0,1,1,0
11,34,2019.0,134,4,3,1.5,0,75000.0,17600.0,0,100.0,0,1,0
31,32,2016.0,327,4,3,1.6,1,109000.0,15200.0,1,110.0,0,1,0
1,76,2024.0,14,13,3,2.0,1,0.0,90000.0,0,245.0,1,0,0
36,107,2012.0,409,2,3,2.0,0,118000.0,18500.0,1,200.0,1,1,0
18,23,2025.0,200,4,3,1.3,1,600.0,42500.0,0,272.0,0,0,0
36,63,2021.0,397,4,3,1.0,1,107256.0,18240.0,0,101.0,0,0,0
36,96,2024.0,398,21,3,1.4,1,7000.0,30960.0,1,150.0,0,0,0
1,75,2025.0,13,18,3,2.0,1,0.0,82800.0,2,252.0,1,0,0
5,111,2025.0,99,13,0,2.8,1,0.0,46000.0,2,207.0,1,0,0
36,63,2025.0,397,2,3,1.0,1,0.0,30000.0,2,101.0,0,0,0
35,46,2016.0,375,18,0,2.8,1,175000.0,36000.0,0,177.0,1,0,0
6,11,2022.0,106,4,3,1.6,0,50000.0,23000.0,1,165.0,0,0,0
18,42,2013.0,204,13,3,3.6,1,100000.0,38000.0,0,286.0,1,0,0
36,97,2020.0,402,2,3,1.6,0,62000.0,20000.0,1,116.0,0,1,0
11,34,2012.0,132,13,3,1.6,0,165000.0,9680.0,0,110.0,0,1,0
29,0,2024.0,297,13,3,1.0,1,5000.0,31600.0,0,120.0,0,0,0
26,24,2024.0,269,22,3,1.6,1,0.0,51900.0,0,192.0,0,0,0
6,11,2020.0,110,13,3,1.6,1,102000.0,16000.0,1,165.0,0,0,0
4,103,2019.0,71,22,3,1.6,1,45400.0,16800.0,0,127.0,1,0,0
14,113,2025.0,181,21,3,2.0,0,0.0,48000.0,2,154.0,0,0,0
5,6,1998.0,78,26,0,2.8,0,220000.0,7040.0,0,160.0,0,1,0
28,51,2023.0,275,13,3,1.6,1,10200.0,26400.0,0,120.0,0,0,0
29,0,2024.0,292,18,3,1.0,1,0.0,26800.0,2,120.0,0,1,0
11,34,2013.0,134,22,0,1.5,0,123000.0,10560.0,0,90.0,0,1,0
35,25,2024.0,371,4,3,2.0,1,7500.0,32900.0,1,170.0,0,0,0
18,42,2016.0,205,13,3,6.4,0,75000.0,75000.0,2,465.0,1,0,0
5,110,2025.0,92,18,3,1.2,1,0.0,20760.0,2,132.0,1,0,0
13,47,2019.0,157,13,3,1.8,1,120000.0,21200.0,2,154.0,0,0,0
28,51,2023.0,275,21,3,1.6,1,55000.0,27600.0,0,120.0,0,0,0
36,96,2022.0,398,13,3,1.4,1,13900.0,33000.0,1,150.0,0,0,0
11,34,2010.0,132,18,3,1.6,0,137000.0,8800.0,0,110.0,0,1,0
14,26,2024.0,165,13,3,1.6,1,0.0,28500.0,1,115.0,0,0,0
28,51,2025.0,275,13,3,1.6,0,0.0,24440.0,2,120.0,0,0,0
11,34,2017.0,134,18,3,1.5,0,98000.0,17000.0,1,123.0,0,1,0
31,32,2015.0,330,13,3,1.6,1,145000.0,12800.0,0,110.0,0,1,0
1,74,2025.0,10,13,3,2.0,1,0.0,66800.0,2,190.0,1,0,0
18,23,2020.0,199,18,3,2.4,1,114000.0,24000.0,0,170.0,0,1,0
36,97,2024.0,400,22,3,1.0,0,0.0,23200.0,2,110.0,0,1,0
11,34,2015.0,130,4,3,1.6,0,83000.0,6800.0,0,110.0,0,1,0
36,63,2021.0,397,13,3,1.0,1,53000.0,23760.0,1,101.0,0,0,0
5,110,2024.0,94,4,3,1.2,1,8000.0,33000.0,0,132.0,0,0,0
28,51,2018.0,275,18,3,1.6,1,71000.0,18400.0,1,120.0,0,0,0
10,71,2024.0,125,21,3,1.3,1,0.0,28493.0,2,110.0,0,0,0
29,0,2025.0,297,18,3,1.0,1,0.0,28000.0,2,120.0,0,0,0
21,92,2018.0,231,13,3,2.0,1,110000.0,26000.0,1,154.0,0,0,0
18,82,2025.0,208,4,3,1.3,1,0.0,28960.0,2,170.0,0,0,0
29,0,2025.0,292,13,3,1.0,1,0.0,11192.0,2,120.0,0,1,0
17,38,2020.0,191,13,3,2.0,0,33000.0,64900.0,0,110.0,0,0,0
29,0,2017.0,296,4,3,1.6,1,100000.0,13000.0,1,150.0,1,1,0
10,71,2025.0,124,4,3,1.0,1,0.0,21600.0,2,110.0,0,0,0
11,100,2021.0,144,4,3,1.5,0,67000.0,28792.0,0,85.0,1,0,0
5,110,2024.0,94,4,3,1.2,1,1000.0,28412.0,2,132.0,0,0,0
13,27,2004.0,152,21,3,2.4,0,272000.0,12000.0,0,185.0,1,1,0
11,34,2017.0,134,4,3,1.5,0,50000.0,16240.0,1,123.0,0,1,0
35,55,2005.0,379,13,0,3.0,0,300000.0,20800.0,0,265.0,0,1,0
28,129,2005.0,285,1,0,2.8,0,303000.0,11000.0,1,123.0,1,1,0
21,92,2024.0,231,13,3,1.6,0,0.0,48000.0,0,132.0,0,0,0
36,63,2025.0,397,13,3,1.0,1,0.0,22560.0,2,101.0,0,0,0
29,0,2025.0,292,4,3,1.0,1,4300.0,26400.0,1,120.0,0,1,0
11,100,2025.0,144,4,3,1.8,1,0.0,39560.0,0,85.0,1,0,0
31,32,2015.0,327,18,3,1.6,1,118400.0,14640.0,1,110.0,0,1,0
18,42,2015.0,203,18,3,3.6,0,164000.0,43500.0,0,286.0,1,0,0
30,56,2017.0,313,21,3,3.0,1,98000.0,103000.0,1,340.0,0,1,0
5,111,2021.0,98,18,0,2.8,0,89681.0,36000.0,0,200.0,1,0,0
28,51,2018.0,275,18,3,1.6,1,67000.0,21000.0,0,120.0,0,0,0
35,95,2023.0,393,13,0,2.8,1,70000.0,45000.0,1,204.0,0,0,0
6,12,2021.0,111,13,3,1.6,1,30000.0,29500.0,1,110.0,0,0,0
5,110,2021.0,95,22,3,1.2,1,42000.0,20000.0,1,132.0,1,1,0
35,46,2011.0,374,4,0,3.0,0,160000.0,28000.0,1,171.0,1,1,0
5,110,2025.0,94,18,3,1.2,1,0.0,24532.0,2,132.0,1,0,0
35,81,2012.0,382,22,3,2.4,0,170000.0,16720.0,0,257.0,0,0,0
11,34,2016.0,134,4,3,1.6,0,134000.0,14500.0,0,110.0,0,1,0
15,112,1999.0,186,26,0,3.1,0,278500.0,10500.0,1,110.0,0,1,0
8,50,2013.0,115,13,3,2.4,0,122000.0,13500.0,0,170.0,1,0,0
11,34,2017.0,133,21,3,1.6,0,87000.0,15200.0,0,123.0,0,1,0
5,110,2017.0,92,13,3,1.8,1,109000.0,17200.0,0,140.0,1,0,0
29,0,2019.0,299,15,3,1.6,1,87000.0,18039.0,0,120.0,0,1,0
11,34,2018.0,136,4,3,1.5,1,90000.0,16800.0,0,123.0,0,1,0
35,95,2025.0,393,4,0,2.8,1,0.0,56950.0,2,204.0,1,0,0
28,51,2024.0,275,13,3,1.6,1,0.0,26720.0,2,120.0,0,0,0
29,1,2022.0,303,4,0,2.0,0,48000.0,43000.0,0,300.0,1,0,0
6,11,2018.0,109,13,3,1.2,0,54000.0,14400.0,0,165.0,0,0,0
4,101,2014.0,65,4,3,2.0,0,133000.0,8700.0,1,138.0,0,1,0
29,0,2021.0,296,22,3,1.6,0,41000.0,7960.0,1,150.0,1,1,0
29,0,2021.0,299,4,3,1.6,1,32500.0,19200.0,1,120.0,0,1,0
31,13,2018.0,318,13,3,2.0,1,89000.0,16240.0,0,110.0,0,1,0
28,51,2022.0,276,22,3,1.6,1,60000.0,29500.0,0,120.0,1,0,0
13,47,2017.0,157,4,3,1.8,1,78000.0,21500.0,0,154.0,0,0,0
35,81,2013.0,387,18,3,2.0,0,218000.0,15920.0,2,110.0,0,1,0
14,113,2017.0,178,18,0,2.0,0,118000.0,25400.0,0,154.0,1,0,0
31,32,2017.0,328,7,2,1.6,0,84154.0,12768.0,2,110.0,0,1,0
27,66,2025.0,274,13,3,2.5,1,0.0,54500.0,2,184.0,1,0,0
36,107,2012.0,409,13,3,2.0,0,118000.0,16800.0,0,200.0,1,0,0
0,94,2019.0,0,4,3,2.0,0,110000.0,41500.0,0,200.0,1,0,0
31,32,2017.0,327,13,3,1.6,1,137000.0,13520.0,1,110.0,0,1,0
36,97,2020.0,400,4,3,1.6,1,85000.0,21800.0,1,110.0,0,0,0
36,97,2025.0,400,21,3,1.0,1,0.0,20640.0,2,110.0,0,0,0
35,95,2011.0,391,18,0,3.0,1,160000.0,31000.0,1,171.0,1,1,0
36,63,2022.0,397,13,3,1.0,1,11500.0,22400.0,1,101.0,0,0,0
21,92,2019.0,231,4,3,2.0,1,106300.0,23600.0,0,154.0,0,0,0
18,42,2017.0,205,18,3,6.4,0,80000.0,87000.0,1,465.0,1,0,0
31,33,2018.0,333,18,3,2.0,0,127000.0,15200.0,0,110.0,0,1,0
1,75,2012.0,13,13,3,2.0,0,211000.0,16000.0,0,211.0,1,1,0
1,75,2011.0,13,13,3,2.0,0,146000.0,19500.0,1,211.0,1,0,0
14,113,2019.0,182,4,3,2.0,1,54000.0,26900.0,2,154.0,0,0,0
28,51,2018.0,276,13,3,1.6,1,91000.0,22000.0,0,120.0,1,0,0
29,0,2017.0,296,15,3,1.6,1,92000.0,13440.0,0,150.0,1,1,0
28,51,2018.0,275,18,3,1.6,1,104151.0,19500.0,0,120.0,0,0,0
11,54,2013.0,142,13,3,1.6,0,177000.0,15000.0,0,180.0,1,0,0
31,32,2025.0,325,13,3,1.6,1,0.0,30296.0,0,115.0,1,1,0
5,110,2023.0,95,4,3,1.2,0,34452.0,22560.0,0,132.0,1,0,0
3,122,2021.0,53,18,3,3.0,0,77000.0,80000.0,0,306.0,1,0,0
36,97,2025.0,400,4,3,1.0,0,0.0,23200.0,2,110.0,0,1,0
6,11,2021.0,110,22,3,1.6,1,47000.0,19200.0,0,165.0,0,0,0
29,0,2017.0,299,29,3,1.6,1,95000.0,12640.0,0,120.0,0,1,0
4,101,2012.0,65,8,3,2.0,0,145000.0,8000.0,0,127.0,0,1,0
11,34,2012.0,132,18,3,1.6,0,150000.0,9692.0,0,110.0,0,1,0
5,110,2025.0,92,13,3,1.2,1,0.0,25922.0,2,132.0,1,0,0
32,5,2012.0,344,13,3,2.3,0,155000.0,14000.0,1,150.0,0,1,0
36,63,2025.0,397,2,3,1.0,1,0.0,23432.0,2,101.0,0,0,0
31,32,2013.0,322,4,3,1.6,0,153000.0,10800.0,1,110.0,0,1,0
9,30,2025.0,116,18,2,1.6,1,0.0,69216.0,0,300.0,0,0,0
28,51,2019.0,276,4,3,1.6,1,45000.0,21800.0,0,120.0,1,0,0
11,54,2012.0,142,4,3,2.5,0,183000.0,12800.0,1,110.0,1,0,0
35,46,2014.0,374,4,0,3.0,1,193000.0,28000.0,1,171.0,1,1,0
31,13,2018.0,320,4,3,2.0,0,104000.0,16480.0,0,110.0,0,1,0
31,32,2017.0,327,4,3,1.6,1,117000.0,14400.0,1,110.0,0,1,0
5,110,2023.0,92,4,3,1.2,1,35756.0,23600.0,2,132.0,1,0,0
31,13,2017.0,318,4,3,2.0,1,50000.0,18300.0,0,110.0,0,1,0
31,32,2025.0,325,15,3,1.6,1,0.0,22040.0,2,115.0,1,1,0
11,54,2011.0,143,2,3,2.5,0,138000.0,10990.0,0,180.0,1,1,0
35,46,2016.0,375,13,0,2.8,1,109000.0,34900.0,1,177.0,1,0,0
1,75,2018.0,13,18,3,2.0,0,90000.0,45900.0,0,250.0,1,0,0
31,13,2018.0,318,4,3,2.0,1,96000.0,14000.0,1,110.0,0,1,0
25,21,2008.0,265,18,3,5.0,0,150000.0,18000.0,1,110.0,1,0,0
36,97,2025.0,400,13,3,1.0,1,0.0,26880.0,2,110.0,0,0,0
35,3,1994.0,364,22,0,2.8,0,199000.0,25000.0,1,110.0,1,1,0
28,51,2018.0,276,18,3,1.6,1,59000.0,21900.0,1,120.0,1,0,0
36,97,2025.0,400,21,3,1.0,1,0.0,22600.0,2,110.0,0,1,0
36,63,2025.0,397,4,3,1.0,1,0.0,22720.0,2,101.0,0,0,0
5,111,2025.0,96,4,0,2.8,0,0.0,48948.0,2,200.0,1,0,0
1,73,2014.0,8,18,3,2.0,0,85000.0,22000.0,0,170.0,1,0,0
35,46,2022.0,376,18,0,2.8,0,57000.0,50400.0,1,177.0,1,0,0
36,107,2012.0,409,4,3,2.0,1,155000.0,18500.0,1,200.0,1,0,0
10,71,2025.0,124,22,3,1.0,1,0.0,22880.0,2,110.0,0,0,0
5,110,2017.0,92,4,3,1.8,1,98000.0,13200.0,0,140.0,1,0,0
28,51,2018.0,275,18,3,1.6,1,71000.0,18400.0,1,120.0,0,0,0
10,4,2019.0,122,4,3,1.4,0,79000.0,19000.0,1,110.0,0,1,0
5,110,2021.0,95,13,3,1.2,1,70000.0,24800.0,0,132.0,1,0,0
11,34,2014.0,136,5,3,1.6,0,180000.0,11920.0,0,110.0,0,1,0
5,110,2017.0,92,13,3,1.8,0,143000.0,14880.0,1,140.0,1,0,0
11,54,2016.0,142,13,3,2.0,1,82000.0,21500.0,1,143.0,1,0,0
11,34,2015.0,136,13,3,2.0,0,112000.0,12800.0,1,143.0,0,1,0
28,51,2019.0,275,22,3,1.6,1,76000.0,20000.0,0,120.0,0,0,0
6,10,2025.0,103,22,3,1.0,1,2000.0,24400.0,1,120.0,0,0,0
31,32,2011.0,327,13,3,1.6,0,185000.0,8900.0,1,110.0,0,1,0
5,110,2017.0,92,13,3,1.8,1,126000.0,13440.0,0,140.0,1,0,0
11,34,2018.0,136,4,3,1.5,1,116000.0,16000.0,0,123.0,0,1,0
25,17,2025.0,255,13,3,2.0,0,0.0,76700.0,0,224.0,1,0,0
11,34,2011.0,132,13,3,2.0,0,149000.0,9520.0,0,143.0,0,1,0
35,25,2023.0,369,21,3,2.0,1,22000.0,32500.0,1,170.0,0,0,0
31,32,2012.0,327,2,3,2.0,0,175000.0,12000.0,1,143.0,1,1,0
18,82,2022.0,208,13,3,1.8,1,20000.0,27800.0,0,170.0,0,0,0
28,130,2025.0,289,13,3,2.5,1,0.0,53718.0,0,110.0,1,0,0
6,11,2021.0,110,4,3,1.6,1,34000.0,21000.0,1,165.0,0,0,0
3,117,2016.0,32,18,3,2.0,1,140000.0,27200.0,1,231.0,1,1,0
18,23,2023.0,200,2,3,1.3,1,0.0,49990.0,0,170.0,0,0,0
36,96,2025.0,398,13,3,1.4,1,0.0,29832.0,2,150.0,0,0,0
28,51,2021.0,278,4,3,1.6,0,44600.0,24720.0,0,120.0,0,0,0
28,51,2019.0,276,17,3,1.6,1,98465.0,20120.0,2,120.0,1,0,0
1,72,2025.0,5,21,3,1.5,0,0.0,47900.0,2,150.0,1,0,0
31,32,2017.0,327,13,3,2.0,1,98000.0,15200.0,1,143.0,0,1,0
5,110,2025.0,92,26,3,1.2,1,0.0,23920.0,2,132.0,1,0,0
35,25,2022.0,371,4,3,2.0,0,91000.0,26000.0,0,170.0,0,0,0
5,110,2017.0,92,18,3,1.8,1,92000.0,14800.0,1,140.0,1,1,0
18,23,2025.0,200,13,3,1.3,1,0.0,40800.0,2,272.0,0,0,0
31,32,2025.0,329,21,3,1.3,1,0.0,23555.0,2,155.0,1,0,0
11,34,2009.0,132,5,3,1.6,0,230000.0,7600.0,0,110.0,0,1,0
18,23,2019.0,198,4,3,2.4,1,96000.0,26000.0,2,170.0,1,0,0
2,124,2024.0,24,4,3,1.5,1,0.0,37900.0,2,185.0,0,0,0
14,113,2014.0,178,13,3,2.0,0,130000.0,13600.0,1,154.0,0,0,0
11,34,2018.0,134,21,3,1.5,0,91000.0,16800.0,1,123.0,0,1,0
29,0,2017.0,296,4,3,1.6,1,95000.0,14400.0,1,150.0,1,1,0
5,110,2017.0,92,22,3,1.8,1,76000.0,13600.0,1,140.0,1,0,0
13,47,2016.0,157,4,3,1.8,1,98784.0,20600.0,2,132.0,0,0,0
6,11,2021.0,106,18,3,1.6,0,59050.0,18400.0,0,165.0,0,0,0
11,34,2016.0,134,5,3,1.6,0,137000.0,14000.0,0,110.0,0,1,0
35,95,2025.0,393,4,0,2.8,1,0.0,57600.0,0,204.0,1,0,0
29,0,2021.0,296,13,3,1.6,0,48000.0,19600.0,0,150.0,1,1,0
5,110,2017.0,92,4,3,1.8,1,66000.0,17600.0,1,140.0,1,0,0
28,51,2019.0,275,13,3,1.6,1,74000.0,18240.0,1,120.0,0,0,0
35,46,2014.0,374,18,3,2.7,1,160000.0,27040.0,0,171.0,0,1,0
35,25,2023.0,369,4,2,1.8,1,30000.0,38900.0,0,170.0,0,0,0
11,34,2017.0,134,4,3,1.6,0,111000.0,15120.0,0,110.0,0,1,0
31,32,2017.0,327,22,3,2.0,1,162000.0,12800.0,2,143.0,0,1,0
4,105,2017.0,74,4,3,2.0,1,78000.0,14500.0,1,110.0,0,1,0
5,35,2020.0,82,22,3,1.5,0,74000.0,24000.0,1,105.0,0,0,0
11,54,2014.0,142,4,3,1.6,0,155000.0,13600.0,0,180.0,1,0,0
18,23,2017.0,200,4,3,2.4,0,78000.0,29000.0,0,170.0,0,0,0
28,51,2025.0,276,4,3,1.6,1,0.0,30308.0,0,120.0,1,0,0
29,0,2017.0,293,13,3,1.6,0,103000.0,12472.0,0,120.0,0,1,0
18,23,2025.0,201,4,3,2.0,1,0.0,43200.0,2,272.0,1,0,0
18,82,2017.0,210,18,2,1.8,0,138576.0,12952.0,2,170.0,0,1,0
3,123,2024.0,56,18,3,3.0,0,0.0,180000.0,2,306.0,1,1,0
28,51,2020.0,275,21,3,1.6,1,102000.0,17900.0,1,120.0,0,1,0
9,31,2023.0,121,18,0,1.6,1,39200.0,47500.0,2,300.0,1,0,0
18,42,2008.0,203,18,0,3.0,0,227282.0,21000.0,1,286.0,1,0,0
5,111,2025.0,99,13,0,2.8,1,0.0,47120.0,2,200.0,1,0,0
5,110,2018.0,92,18,3,1.8,1,85000.0,16400.0,1,140.0,1,1,0
11,34,2020.0,134,2,3,1.5,0,73726.0,17760.0,2,123.0,0,1,0
35,46,2002.0,372,21,0,3.0,0,250000.0,15000.0,0,171.0,1,1,0
29,0,2025.0,297,18,3,1.0,1,0.0,34800.0,0,120.0,0,0,0
5,110,2025.0,95,13,3,1.2,0,0.0,27360.0,2,132.0,1,0,0
36,96,2022.0,398,13,3,1.4,1,90000.0,32500.0,0,150.0,0,0,0
28,51,2018.0,275,13,3,1.6,1,74100.0,16400.0,1,120.0,0,0,0
3,120,2025.0,47,13,3,3.0,0,0.0,137500.0,0,398.0,1,1,0
31,32,2014.0,326,4,3,2.0,0,130000.0,11920.0,0,138.0,0,1,0
13,47,2022.0,157,13,3,1.8,0,60000.0,30000.0,1,185.0,0,0,0
35,95,2025.0,393,4,0,2.8,1,0.0,56800.0,2,204.0,1,0,0
36,96,2025.0,398,13,3,1.4,1,0.0,29600.0,2,150.0,0,0,0
30,14,2013.0,309,13,3,3.6,0,93000.0,46900.0,0,300.0,1,0,0
3,123,2025.0,55,13,2,3.0,0,0.0,179900.0,0,306.0,1,1,0
36,63,2025.0,397,13,3,1.0,1,0.0,21592.0,2,101.0,0,1,0
36,96,2023.0,398,21,3,1.4,1,0.0,31120.0,0,150.0,0,0,0
18,23,2019.0,198,13,3,2.4,1,93000.0,23800.0,0,170.0,1,0,0
35,95,2017.0,393,13,0,2.8,1,108000.0,38500.0,1,177.0,1,1,0
28,51,2025.0,275,13,3,1.6,0,0.0,24440.0,2,120.0,0,0,0
18,23,2025.0,200,18,3,1.3,1,0.0,43000.0,0,272.0,0,0,0
31,32,2013.0,326,4,3,2.0,0,120000.0,11600.0,1,138.0,0,1,0
28,51,2021.0,276,18,3,1.6,1,22300.0,26200.0,2,120.0,1,0,0
3,125,2013.0,60,4,3,3.0,1,127000.0,44000.0,0,306.0,1,0,0
14,113,2018.0,176,4,3,2.0,1,140000.0,21500.0,1,154.0,0,0,0
29,1,2022.0,303,13,3,1.6,1,25000.0,39000.0,1,300.0,1,0,0
11,34,2020.0,130,4,3,1.5,1,90000.0,16500.0,0,123.0,0,1,0
36,96,2024.0,398,18,3,1.4,1,1111.0,30800.0,1,150.0,0,0,0
36,63,2025.0,397,13,3,1.0,1,0.0,28640.0,2,101.0,0,0,0
13,27,2010.0,154,18,3,2.4,0,236000.0,13000.0,1,185.0,1,0,0
10,71,2024.0,125,4,3,1.3,1,0.0,22088.0,2,110.0,0,1,0
14,26,2024.0,164,13,3,1.6,1,0.0,31120.0,0,115.0,0,0,0
11,34,2017.0,134,21,3,1.6,0,132000.0,12900.0,0,110.0,0,1,0
11,34,2016.0,130,13,3,1.6,0,98000.0,14320.0,0,110.0,0,1,0
18,82,2025.0,209,13,3,1.3,1,0.0,28960.0,2,170.0,0,0,0
1,75,2011.0,13,4,3,2.0,0,114500.0,23000.0,1,211.0,1,0,0
5,110,2025.0,95,22,3,1.2,0,0.0,17760.0,2,132.0,1,0,0
35,25,2022.0,369,13,2,1.8,1,45000.0,33600.0,0,170.0,0,0,0
35,25,2022.0,369,4,2,1.8,1,65000.0,30400.0,0,170.0,0,0,0
31,13,2017.0,318,4,3,2.0,0,99800.0,15840.0,1,110.0,0,1,0
3,125,2013.0,60,13,0,3.0,1,98000.0,46000.0,1,245.0,1,0,0
18,23,2024.0,200,13,3,1.3,1,9000.0,34000.0,1,170.0,0,0,0
6,10,2025.0,103,22,3,1.6,1,0.0,19811.0,2,120.0,0,1,0
31,13,2017.0,318,21,3,2.0,0,101250.0,18320.0,2,110.0,0,1,0
31,32,2018.0,327,15,3,2.0,1,140000.0,14880.0,1,143.0,1,1,0
18,15,2010.0,193,4,3,3.7,1,113500.0,23000.0,1,205.0,0,0,0
35,81,2013.0,382,4,3,2.0,1,175000.0,20800.0,0,200.0,0,0,0
4,102,2019.0,69,2,3,1.5,1,102000.0,14400.0,1,127.0,1,1,0
11,34,2007.0,132,18,3,1.6,0,200000.0,8000.0,1,110.0,0,1,0
13,47,2024.0,158,13,3,1.8,1,0.0,35235.0,0,121.0,0,0,0
14,113,2008.0,179,21,3,2.0,0,254000.0,7800.0,1,154.0,0,1,0
25,17,2019.0,255,13,3,1.6,0,79000.0,42000.0,0,156.0,1,0,0
2,121,2023.0,21,22,3,1.5,1,0.0,27500.0,2,148.0,1,0,0
36,97,2025.0,400,22,3,1.0,1,0.0,26560.0,2,110.0,0,0,0
28,51,2019.0,276,21,3,1.6,1,56236.0,12000.0,0,120.0,1,0,0
3,117,2012.0,34,13,3,2.0,0,155000.0,18000.0,1,150.0,1,1,0
13,47,2020.0,158,4,3,1.8,0,49000.0,26900.0,1,175.0,0,0,0
11,34,2018.0,134,4,3,1.5,0,68200.0,15440.0,0,123.0,0,1,0
5,110,2025.0,91,4,3,1.2,0,0.0,22494.0,2,132.0,1,0,0
31,13,2020.0,320,22,3,2.0,1,128430.0,18120.0,0,110.0,0,1,0
10,71,2023.0,126,21,3,1.0,0,0.0,27040.0,2,110.0,0,0,0
36,107,2009.0,409,18,3,2.0,0,168000.0,11900.0,1,200.0,1,0,0
28,51,2017.0,276,18,3,1.6,1,80000.0,22000.0,1,120.0,1,0,0
36,97,2025.0,400,13,3,1.0,1,0.0,25600.0,0,110.0,0,0,0
5,110,2022.0,92,4,3,1.2,0,59000.0,23500.0,0,132.0,1,0,0
21,90,2011.0,227,3,3,1.6,0,168000.0,11040.0,0,132.0,0,1,0
18,69,2013.0,207,21,3,2.4,0,140000.0,11600.0,0,170.0,1,0,0
2,124,2024.0,24,22,3,1.5,1,0.0,39700.0,0,185.0,0,0,0
29,0,2018.0,293,18,3,1.6,0,60000.0,17000.0,1,120.0,0,1,0
29,0,2021.0,296,22,3,1.6,0,19400.0,21000.0,1,150.0,1,1,0
28,51,2018.0,275,21,3,1.6,1,110000.0,18200.0,0,120.0,0,0,0
3,117,2012.0,34,13,3,1.8,0,113500.0,18000.0,1,192.0,1,1,0
11,34,2019.0,136,2,3,2.0,1,79000.0,22320.0,1,143.0,0,0,0
13,47,2017.0,157,4,3,1.8,1,130000.0,21000.0,1,154.0,0,0,0
11,34,2009.0,132,18,3,2.0,0,200000.0,6720.0,1,143.0,0,1,0
3,125,2016.0,60,13,3,3.0,1,71000.0,72500.0,0,306.0,1,0,0
3,125,2018.0,60,13,3,3.0,0,108000.0,70000.0,0,306.0,1,0,0
5,110,2024.0,95,4,3,1.2,1,0.0,28614.0,2,132.0,1,0,0
4,101,2011.0,66,13,3,2.0,0,115000.0,9520.0,0,127.0,1,1,0
18,116,1997.0,215,22,3,4.0,0,220000.0,35500.0,0,284.0,1,1,1
36,107,2013.0,409,13,3,2.0,0,137000.0,16000.0,1,200.0,1,1,0
5,110,2025.0,92,4,3,1.2,1,0.0,25440.0,2,132.0,1,0,0
35,46,2021.0,375,18,0,2.8,1,41000.0,50000.0,1,177.0,1,0,0
1,75,2024.0,13,13,3,2.0,1,0.0,82800.0,2,252.0,1,0,0
4,101,2013.0,65,22,3,2.0,0,129000.0,9592.0,0,127.0,0,1,0
4,101,2011.0,66,5,3,2.0,0,140000.0,8400.0,0,127.0,1,1,0
21,92,2019.0,231,22,3,2.0,1,56800.0,24000.0,1,154.0,0,0,0
11,34,2013.0,136,22,3,1.6,0,140000.0,16000.0,1,110.0,0,1,0
36,107,2025.0,409,13,3,2.0,0,0.0,50000.0,0,200.0,1,0,0
31,13,2020.0,319,21,3,1.6,0,100562.0,16000.0,2,110.0,1,1,0
31,32,2024.0,329,15,3,1.3,1,0.0,23200.0,1,155.0,1,1,0
31,33,2019.0,332,13,3,2.0,0,79000.0,16000.0,1,110.0,0,1,0
36,96,2025.0,398,4,3,1.4,1,0.0,30092.0,2,150.0,0,0,0
11,34,2019.0,134,17,3,1.5,0,36000.0,18400.0,1,123.0,0,1,0
31,32,2021.0,327,13,3,1.6,1,50000.0,16800.0,1,110.0,0,1,0
14,26,2025.0,164,13,3,1.6,1,0.0,31500.0,0,115.0,0,0,0
14,113,2025.0,184,13,3,1.6,1,0.0,58000.0,0,154.0,1,0,0
5,91,2025.0,90,2,3,1.8,1,0.0,27774.0,2,105.0,1,0,0
2,121,2025.0,21,4,3,1.5,1,0.0,28200.0,2,148.0,1,0,0
4,105,2018.0,74,15,3,2.0,0,90000.0,14400.0,0,110.0,0,1,0
18,23,2024.0,200,18,3,1.3,1,0.0,34500.0,0,170.0,0,0,0
28,51,2021.0,275,13,3,1.6,1,39200.0,20640.0,0,120.0,0,0,0
31,32,2016.0,327,4,3,1.6,1,130000.0,13500.0,1,110.0,0,1,0
36,96,2024.0,398,21,3,1.4,1,0.0,36500.0,0,150.0,0,0,0
18,82,2019.0,210,26,3,1.8,0,78000.0,20400.0,0,170.0,0,0,0
3,120,2012.0,44,5,3,3.0,1,145000.0,25800.0,1,306.0,1,1,0
5,110,2017.0,92,18,3,1.8,0,75000.0,14700.0,1,140.0,0,1,0
5,110,2018.0,92,13,3,1.8,1,72000.0,17760.0,1,140.0,1,1,0
6,10,2025.0,103,13,3,1.6,1,0.0,21783.0,2,120.0,0,1,0
35,81,2011.0,382,13,3,2.4,1,173000.0,15900.0,0,257.0,1,0,0
29,1,2019.0,303,13,0,2.0,1,70000.0,34000.0,0,165.0,1,0,0
31,32,2012.0,328,18,3,2.0,0,214000.0,10400.0,1,138.0,0,1,0
11,34,2016.0,130,4,3,1.6,0,130000.0,13815.0,1,110.0,0,1,0
10,71,2025.0,125,13,3,1.3,0,0.0,20792.0,2,110.0,0,1,0
11,34,2020.0,130,4,3,1.5,1,70796.0,19120.0,0,123.0,0,1,0
13,47,2016.0,158,4,3,1.8,0,115000.0,17520.0,0,175.0,0,0,0
29,0,2017.0,296,18,3,1.6,1,50720.0,15200.0,0,150.0,1,1,0
36,63,2020.0,397,13,3,1.0,0,111000.0,22000.0,0,101.0,0,0,0
5,6,2006.0,78,26,0,2.8,0,200000.0,8000.0,1,160.0,0,1,0
31,33,2016.0,333,4,3,2.0,0,120000.0,13440.0,1,110.0,0,1,0
14,113,2011.0,178,13,3,2.0,0,136400.0,12800.0,0,154.0,0,1,0
11,100,2021.0,145,13,3,1.5,1,57000.0,26400.0,2,143.0,1,0,0
14,113,2008.0,178,13,0,2.0,0,232000.0,7920.0,0,154.0,0,0,0
11,54,2018.0,142,13,3,2.0,1,141000.0,24000.0,0,143.0,1,0,0
3,120,2007.0,44,4,0,3.0,0,192000.0,12000.0,1,306.0,1,1,0
8,50,2012.0,114,2,3,2.4,0,114500.0,12100.0,1,170.0,1,0,0
31,32,2015.0,327,21,3,2.0,1,122500.0,13200.0,1,143.0,0,1,0
1,72,2025.0,5,18,3,1.4,0,0.0,51690.0,0,150.0,1,0,0
18,23,2021.0,198,4,3,2.4,1,65000.0,25200.0,1,170.0,1,1,0
5,110,2018.0,92,21,3,1.8,1,91000.0,16000.0,0,140.0,1,1,0
6,11,2024.0,106,22,3,1.6,1,0.0,21520.0,0,165.0,0,1,0
28,59,2011.0,281,13,3,3.5,1,150630.0,14900.0,1,260.0,1,0,0
5,110,2021.0,95,18,3,1.2,1,90000.0,24000.0,0,132.0,1,0,0
36,63,2025.0,397,4,3,1.0,1,0.0,20520.0,0,101.0,0,0,0
31,32,2012.0,324,22,3,1.6,0,160000.0,10000.0,0,110.0,0,1,0
28,51,2021.0,276,21,3,1.6,1,61932.0,24000.0,2,120.0,1,0,0
6,11,2018.0,110,13,3,1.2,0,118000.0,11600.0,1,165.0,0,0,0
18,22,2023.0,195,4,0,2.0,0,0.0,40800.0,0,272.0,1,0,0
36,63,2025.0,397,13,3,1.0,1,0.0,24792.0,2,101.0,0,0,0
3,125,2010.0,62,13,3,4.4,0,170000.0,50000.0,1,555.0,1,0,0
4,101,2012.0,65,13,3,2.0,0,185000.0,9200.0,0,138.0,0,1,0
13,47,2020.0,158,4,3,1.8,0,40000.0,28500.0,1,175.0,0,0,0
11,34,2010.0,132,29,3,2.0,0,99800.0,10080.0,1,143.0,0,1,0
11,34,2013.0,136,4,3,2.0,0,211800.0,12000.0,1,143.0,0,1,0
6,10,2025.0,103,8,3,1.0,1,10000.0,25600.0,0,120.0,0,0,0
18,42,2008.0,203,21,0,3.0,0,180000.0,15040.0,0,286.0,1,0,0
31,13,2017.0,320,13,3,2.0,0,65000.0,19000.0,0,110.0,0,1,0
25,57,2012.0,266,13,3,3.5,1,123000.0,31000.0,1,110.0,1,0,0
1,75,2012.0,11,13,0,2.0,0,138000.0,22500.0,1,170.0,1,0,0
29,0,2020.0,299,13,3,1.6,0,115000.0,15500.0,1,120.0,0,1,0
11,34,2019.0,136,4,3,2.0,1,108000.0,18000.0,1,170.0,0,1,0
4,104,2023.0,72,8,3,1.5,0,14500.0,23000.0,2,110.0,0,1,0
11,34,2012.0,132,18,3,1.6,0,134000.0,8800.0,1,110.0,0,1,0
18,23,2025.0,200,4,3,1.3,1,0.0,42100.0,2,272.0,0,0,0
35,46,2017.0,375,4,0,2.8,1,100000.0,36000.0,1,177.0,1,0,0
6,11,2022.0,106,13,3,1.6,0,30000.0,17840.0,0,165.0,0,1,0
11,34,2009.0,132,13,3,1.6,0,169000.0,6800.0,1,110.0,0,1,0
5,35,2021.0,81,4,3,1.5,0,30000.0,25900.0,0,110.0,0,0,0
4,103,2017.0,70,4,3,1.6,1,54000.0,14800.0,1,110.0,0,1,0
11,34,2018.0,136,18,3,1.5,1,87028.0,12800.0,0,123.0,0,1,0
34,115,1995.0,362,13,3,1.6,0,329000.0,6900.0,1,120.0,1,1,1
36,97,2024.0,400,13,3,1.0,1,0.0,29592.0,2,110.0,0,0,0
3,118,2025.0,35,13,3,2.0,1,0.0,85000.0,0,205.0,1,0,0
5,111,2024.0,96,2,0,2.8,1,0.0,51200.0,1,200.0,1,0,0
5,110,2023.0,95,4,3,1.2,0,19000.0,26000.0,0,132.0,1,0,0
11,34,2018.0,134,17,3,1.5,0,62275.0,18048.0,2,123.0,0,1,0
14,26,2024.0,164,21,3,1.5,1,0.0,31120.0,0,115.0,0,0,0
36,63,2024.0,397,13,3,1.0,1,1000.0,23800.0,1,116.0,0,0,0
11,34,2010.0,132,22,3,1.6,0,230000.0,7120.0,1,110.0,0,1,0
5,110,2024.0,95,4,3,1.2,1,4500.0,30000.0,1,132.0,1,0,0
36,96,2025.0,398,4,3,1.4,1,0.0,29196.0,2,150.0,0,0,0
11,100,2025.0,144,4,3,1.8,1,1000.0,39920.0,0,85.0,1,0,0
28,51,2025.0,275,4,3,1.6,0,0.0,28000.0,0,120.0,0,0,0
11,8,2025.0,129,26,3,2.0,0,0.0,45600.0,2,110.0,1,0,0
1,72,2021.0,5,4,3,2.0,0,70000.0,39900.0,0,252.0,1,0,0
5,110,2016.0,92,4,3,1.8,1,95000.0,15500.0,0,140.0,1,0,0
29,0,2018.0,299,4,3,1.6,1,65000.0,16800.0,0,120.0,0,1,0
13,27,2024.0,152,13,3,1.5,0,0.0,59500.0,2,185.0,0,0,0
36,96,2024.0,398,4,3,1.4,1,1111.0,27440.0,1,150.0,0,0,0
13,47,2017.0,158,21,3,1.8,1,74536.0,21500.0,0,175.0,0,0,0
25,18,2016.0,258,18,3,2.0,1,109000.0,53900.0,1,367.0,1,0,0
14,113,2010.0,178,13,0,2.0,0,260000.0,8900.0,1,154.0,1,1,0
5,110,2015.0,92,18,3,1.8,1,110000.0,11200.0,1,140.0,0,1,0
28,51,2024.0,279,18,3,1.6,0,0.0,32290.0,0,120.0,0,0,0
2,124,2025.0,23,2,3,1.5,0,0.0,39312.0,0,185.0,0,0,0
21,92,2016.0,231,4,3,2.0,0,96000.0,22400.0,0,154.0,1,1,0
28,51,2025.0,276,22,3,1.6,1,0.0,28360.0,2,120.0,1,0,0
28,130,2007.0,286,5,3,2.5,0,199000.0,13000.0,1,257.0,1,1,0
36,96,2022.0,398,3,3,1.4,1,45000.0,29000.0,1,150.0,0,0,0
29,0,2025.0,297,13,3,1.0,1,0.0,34000.0,0,120.0,0,0,0
31,32,2019.0,327,13,3,1.6,1,79000.0,14400.0,1,110.0,0,1,0
4,101,2015.0,65,4,3,1.6,1,182000.0,11000.0,1,125.0,0,1,0
18,42,2008.0,203,13,3,4.7,0,193000.0,13800.0,1,286.0,1,0,0
28,51,2025.0,276,22,3,1.6,1,0.0,28440.0,2,120.0,1,0,0
5,44,2002.0,86,21,3,2.0,0,199000.0,10400.0,0,200.0,1,1,0
36,107,2018.0,409,18,3,2.0,0,50000.0,34900.0,0,200.0,1,0,0
36,107,2019.0,409,4,3,2.0,1,60500.0,32500.0,1,200.0,1,0,0
5,110,2025.0,95,4,3,1.2,0,0.0,25120.0,2,132.0,1,0,0
37,128,2012.0,421,4,3,3.0,1,185000.0,23500.0,1,304.0,1,0,0
14,113,2024.0,176,2,3,2.0,1,0.0,48000.0,0,154.0,0,0,0
18,82,2023.0,210,18,3,1.8,1,35000.0,25200.0,1,170.0,0,0,0
18,23,2018.0,198,13,3,2.4,1,90000.0,24500.0,1,170.0,1,1,0
18,69,2011.0,207,18,3,2.0,0,155000.0,10500.0,1,156.0,0,1,0
14,113,2012.0,178,21,3,2.0,0,169000.0,14900.0,1,154.0,0,0,0
11,100,2022.0,145,13,3,1.5,0,27000.0,28800.0,0,143.0,0,0,0
28,130,2019.0,289,4,3,2.5,1,80000.0,31120.0,0,110.0,1,0,0
31,32,2015.0,327,22,3,1.6,1,160000.0,14400.0,0,110.0,0,1,0
5,110,2023.0,92,4,3,1.2,1,30000.0,23500.0,1,132.0,1,0,0
25,18,2018.0,258,13,3,2.0,1,105000.0,64500.0,0,367.0,1,0,0
3,125,2009.0,61,4,3,4.4,0,182427.0,39000.0,0,407.0,1,0,0
31,32,2013.0,326,26,3,2.0,0,178000.0,12000.0,1,138.0,1,1,0
36,63,2025.0,397,4,3,1.0,1,0.0,21520.0,2,101.0,0,1,0
6,10,2025.0,103,4,3,1.0,1,0.0,11600.0,2,120.0,0,0,0
35,95,2025.0,393,13,0,2.8,1,1000.0,69000.0,2,204.0,1,0,0
28,51,2025.0,276,22,3,1.6,1,0.0,28400.0,2,120.0,1,0,0
18,23,2021.0,199,13,3,2.4,1,120000.0,22880.0,0,170.0,0,1,0
36,96,2024.0,398,4,3,1.4,1,1111.0,30400.0,1,150.0,0,0,0
28,51,2019.0,275,13,3,1.6,1,31900.0,20000.0,0,120.0,0,0,0
36,63,2025.0,397,13,3,1.0,1,0.0,27784.0,2,101.0,0,0,0
35,46,2006.0,374,18,0,3.0,1,225000.0,19500.0,1,171.0,1,0,0
35,25,2024.0,369,13,3,2.0,1,4000.0,35920.0,1,170.0,0,0,0
28,51,2021.0,275,21,3,1.6,1,86000.0,19920.0,0,120.0,0,0,0
31,32,2012.0,324,13,3,1.6,0,120000.0,10400.0,0,110.0,0,1,0
31,32,2014.0,322,2,3,1.6,0,98000.0,12900.0,0,110.0,0,1,0
11,100,2024.0,144,8,3,1.8,1,0.0,34000.0,1,85.0,1,0,0
11,34,2012.0,132,4,3,1.6,0,188000.0,10000.0,0,110.0,0,1,0
24,61,2018.0,250,4,3,1.8,0,89000.0,13600.0,1,110.0,0,1,0
13,27,2017.0,154,4,3,2.4,1,115000.0,22400.0,1,175.0,0,0,0
18,82,2020.0,208,18,3,1.8,1,60000.0,27000.0,0,170.0,0,0,0
6,11,2018.0,109,13,3,1.2,0,62000.0,16000.0,0,165.0,0,0,0
14,86,2009.0,171,21,3,2.7,0,167000.0,13500.0,0,110.0,1,0,0
5,111,2017.0,98,13,0,2.8,1,86000.0,28400.0,1,200.0,1,0,0
31,32,2019.0,327,13,3,1.6,1,60000.0,15000.0,0,110.0,0,1,0
5,110,2025.0,92,22,3,1.2,1,0.0,24401.0,2,132.0,1,0,0
31,32,2018.0,327,18,3,1.6,1,69900.0,14790.0,0,110.0,0,1,0
5,110,2017.0,92,4,3,1.8,1,98000.0,14800.0,1,140.0,1,0,0
36,96,2024.0,398,21,3,1.4,1,0.0,31992.0,0,150.0,0,0,0
28,51,2025.0,275,13,3,1.6,0,0.0,24440.0,2,120.0,0,0,0
1,76,2024.0,14,13,3,2.0,1,0.0,102000.0,0,245.0,1,0,0
18,82,2024.0,208,13,3,1.3,1,0.0,29600.0,2,175.0,0,0,0
18,23,2024.0,200,18,3,1.3,1,0.0,39120.0,2,170.0,0,0,0
11,34,2014.0,134,4,3,1.6,0,177000.0,10000.0,1,110.0,0,1,0
11,34,2017.0,130,18,3,2.0,1,100000.0,16400.0,0,170.0,1,1,0
11,34,2015.0,130,13,3,1.6,0,90500.0,12800.0,0,110.0,0,1,0
36,96,2025.0,398,13,3,1.4,1,0.0,36792.0,2,150.0,0,0,0
11,34,2016.0,133,4,3,1.6,0,133000.0,12800.0,2,110.0,0,1,0
21,90,2014.0,230,4,3,1.6,0,105000.0,11600.0,0,132.0,0,0,0
3,118,2018.0,37,2,3,2.0,0,90000.0,48490.0,0,205.0,1,0,0
34,115,2017.0,360,21,3,1.6,1,134000.0,17000.0,1,120.0,1,0,0
21,89,2011.0,226,18,3,2.4,1,194000.0,15500.0,0,163.0,1,0,0
10,4,2018.0,122,13,3,1.4,1,62000.0,7600.0,0,110.0,0,1,0
28,51,2020.0,275,4,3,1.6,1,55140.0,20800.0,2,120.0,0,0,0
5,110,2025.0,95,13,3,1.2,0,0.0,27840.0,2,132.0,1,0,0
21,89,2019.0,226,4,3,2.4,1,126131.0,26500.0,1,154.0,0,0,0
31,32,2013.0,326,26,3,2.0,0,120000.0,11920.0,0,138.0,1,1,0
6,11,2021.0,110,4,3,1.6,1,34000.0,18800.0,0,165.0,0,0,0
37,128,2018.0,420,4,3,2.5,1,117000.0,34500.0,0,304.0,1,0,0
29,0,2019.0,296,13,3,1.6,1,56000.0,10400.0,0,150.0,1,1,0
31,52,2014.0,337,18,3,2.5,0,180000.0,11600.0,0,110.0,0,1,0
14,113,2012.0,178,13,3,2.0,0,220000.0,11500.0,0,154.0,0,0,0
14,26,2022.0,164,13,3,1.6,0,22000.0,22800.0,1,115.0,0,0,0
6,11,2022.0,106,18,3,1.6,1,52000.0,19600.0,1,165.0,0,1,0
36,96,2022.0,398,13,3,1.4,1,37000.0,31900.0,0,150.0,0,0,0
1,75,2024.0,13,21,3,2.0,1,0.0,82800.0,2,252.0,1,0,0
11,34,2012.0,132,3,3,1.6,0,120000.0,10400.0,0,110.0,0,1,0
18,23,2021.0,199,13,3,2.4,1,57000.0,22400.0,0,170.0,0,1,0
18,82,2020.0,208,4,3,1.8,1,50000.0,22240.0,0,170.0,0,0,0
11,100,2022.0,144,3,3,1.5,0,51000.0,30400.0,1,143.0,0,0,0
13,27,2008.0,154,18,3,2.4,0,291000.0,9500.0,0,185.0,0,0,0
5,6,1993.0,77,2,3,4.3,0,243218.0,6900.0,0,160.0,0,1,0
31,52,2024.0,335,22,3,2.5,1,0.0,37520.0,0,257.0,1,0,0
18,23,2023.0,200,13,3,1.3,1,28000.0,36500.0,1,170.0,0,0,0
18,23,2025.0,200,13,3,1.3,1,0.0,22240.0,2,272.0,0,0,0
11,8,2025.0,129,4,3,2.0,0,0.0,45600.0,2,110.0,1,0,0
6,10,2025.0,103,4,3,1.0,1,0.0,25840.0,0,120.0,0,0,0
35,55,2018.0,380,18,3,4.0,0,87028.0,72900.0,2,265.0,0,0,0
29,0,2025.0,297,13,3,1.0,1,0.0,30296.0,2,120.0,0,0,0
36,63,2025.0,397,21,3,1.0,1,0.0,27600.0,0,101.0,0,0,0
11,34,2020.0,134,2,3,1.5,0,85353.0,18400.0,0,123.0,0,0,0
11,34,2018.0,134,13,3,1.5,0,70000.0,17200.0,0,123.0,0,1,0
36,96,2024.0,398,13,3,1.4,1,4000.0,36800.0,1,150.0,0,0,0
13,47,2016.0,158,13,3,1.8,1,85000.0,20300.0,0,175.0,0,0,0
21,90,2014.0,228,13,3,1.6,1,91000.0,12960.0,0,132.0,0,0,0
36,63,2025.0,397,4,3,1.0,1,0.0,28720.0,0,101.0,0,0,0
5,110,2023.0,92,4,3,1.2,1,16000.0,24800.0,1,132.0,1,0,0
35,25,2024.0,369,4,3,2.0,1,0.0,39000.0,1,170.0,0,0,0
21,89,2012.0,226,13,3,2.4,1,110000.0,16500.0,0,185.0,0,0,0
6,11,2024.0,107,18,3,1.6,1,0.0,24083.0,0,165.0,0,0,0
5,110,2019.0,92,4,3,1.8,1,49000.0,19120.0,0,140.0,1,1,0
32,60,2001.0,346,2,0,2.9,1,170000.0,8240.0,1,110.0,0,1,0
8,50,2010.0,113,8,3,2.7,1,166532.0,13500.0,1,170.0,1,0,0
29,0,2025.0,297,18,3,1.0,1,0.0,32880.0,2,120.0,0,0,0
21,92,2013.0,231,4,3,2.0,0,150000.0,14000.0,0,163.0,0,0,0
18,82,2022.0,210,18,3,1.8,1,45000.0,26400.0,0,170.0,0,0,0
36,97,2025.0,400,21,3,1.0,1,0.0,27485.0,0,110.0,0,0,0
11,34,2017.0,130,4,3,1.6,1,98000.0,16800.0,0,110.0,0,1,0
29,0,2025.0,297,13,3,1.0,1,1000.0,31600.0,0,120.0,0,0,0
36,96,2025.0,398,4,3,1.4,1,0.0,30080.0,2,150.0,0,0,0
28,51,2018.0,276,17,3,1.6,1,62000.0,21500.0,1,120.0,1,0,0
29,0,2019.0,296,13,3,1.6,1,70000.0,16640.0,0,150.0,1,1,0
5,110,2017.0,92,13,3,1.8,1,108000.0,17000.0,0,140.0,1,0,0
18,82,2025.0,208,18,3,1.3,1,0.0,30400.0,0,170.0,0,0,0
31,32,2013.0,322,4,3,1.6,0,140000.0,7500.0,0,110.0,0,1,0
36,63,2022.0,397,4,3,1.0,1,59200.0,23000.0,0,101.0,0,0,0
18,23,2025.0,200,13,3,1.3,1,0.0,36720.0,0,272.0,0,0,0
28,51,2018.0,276,18,3,1.6,1,60000.0,20720.0,0,120.0,1,0,0
3,117,2016.0,32,4,3,2.0,1,109000.0,33700.0,1,231.0,1,1,0
11,34,2015.0,134,18,3,1.6,0,99000.0,12800.0,0,110.0,0,1,0
10,71,2024.0,126,22,3,1.0,1,0.0,25440.0,0,110.0,0,0,0
28,51,2019.0,275,13,3,1.6,1,101000.0,21200.0,1,120.0,0,0,0
19,126,2024.0,219,13,3,1.5,1,1111.0,30880.0,0,257.0,1,0,0
25,17,2016.0,256,18,3,1.6,0,125000.0,31500.0,0,156.0,1,1,0
11,34,2011.0,132,21,3,1.6,0,140000.0,8760.0,0,110.0,0,1,0
18,23,2021.0,199,18,3,2.4,1,109000.0,23000.0,1,170.0,0,0,0
28,51,2018.0,276,4,3,1.6,1,124000.0,9584.0,0,120.0,1,0,0
29,0,2024.0,297,13,3,1.0,1,0.0,36400.0,0,120.0,0,0,0
31,32,2015.0,327,13,3,1.6,1,138000.0,13800.0,0,110.0,0,1,0
18,69,2012.0,206,18,3,2.4,0,211000.0,13000.0,0,170.0,1,0,0
36,108,2025.0,414,13,3,2.0,1,0.0,44720.0,2,150.0,1,0,0
18,22,2022.0,195,13,3,2.0,0,19800.0,49900.0,0,272.0,1,0,0
11,34,2018.0,130,4,3,1.5,1,74000.0,16400.0,1,123.0,0,1,0
5,110,2025.0,94,4,3,1.2,1,0.0,29680.0,0,132.0,1,0,0
36,96,2025.0,398,13,3,1.4,1,0.0,34320.0,2,150.0,0,0,0
3,125,2009.0,61,13,3,4.4,0,150000.0,40000.0,1,407.0,1,0,0
2,124,2023.0,24,8,3,1.5,1,0.0,38900.0,2,185.0,0,1,0
29,0,2018.0,296,13,3,1.6,1,90000.0,15000.0,1,150.0,1,1,0
5,110,2017.0,92,13,3,1.8,1,96000.0,14000.0,1,140.0,1,0,0
31,32,2020.0,327,13,3,1.6,1,99589.0,16400.0,0,110.0,0,1,0
28,51,2024.0,275,13,3,1.6,1,0.0,26720.0,2,120.0,0,0,0
35,55,2013.0,380,18,3,4.0,0,220000.0,35000.0,0,265.0,0,0,0
5,110,2025.0,92,4,3,1.2,1,0.0,26400.0,0,132.0,1,0,0
11,34,2017.0,134,4,3,1.5,0,100000.0,14300.0,0,123.0,0,1,0
28,51,2025.0,275,13,3,1.6,0,0.0,24440.0,0,120.0,0,0,0
3,125,2022.0,64,4,3,3.0,0,23000.0,164900.0,0,306.0,1,0,0
35,81,2016.0,387,18,3,2.0,1,105000.0,24800.0,1,110.0,0,0,0
3,123,2017.0,57,13,3,4.4,1,97700.0,72000.0,0,449.0,1,1,0
29,0,2019.0,296,15,3,1.6,1,40700.0,15992.0,1,150.0,1,1,0
5,110,2017.0,92,13,3,1.8,1,109000.0,15120.0,1,140.0,1,1,0
18,82,2025.0,210,18,3,1.8,1,0.0,24720.0,2,170.0,0,0,0
36,108,2024.0,414,4,3,2.0,1,0.0,46240.0,0,150.0,0,0,0
1,78,2020.0,17,13,3,3.0,0,69700.0,115000.0,0,340.0,1,0,0
6,11,2024.0,110,13,3,1.6,1,0.0,23500.0,1,165.0,0,0,0
5,110,2016.0,92,4,3,1.8,1,103000.0,13200.0,0,140.0,1,0,0
29,0,2024.0,297,13,3,1.2,1,10000.0,30320.0,2,120.0,0,0,0
11,54,2017.0,141,4,3,2.0,0,111888.0,23500.0,1,143.0,1,0,0
31,32,2015.0,327,18,3,1.6,0,118400.0,9440.0,1,110.0,0,1,0
4,103,2017.0,70,18,3,1.6,1,99500.0,13600.0,1,110.0,0,1,0
18,82,2019.0,208,18,3,1.8,1,62500.0,21400.0,1,170.0,0,0,0
18,23,2023.0,200,4,3,1.3,1,31000.0,29592.0,0,170.0,0,0,0
29,0,2018.0,296,13,3,1.6,1,74000.0,15900.0,1,150.0,1,1,0
29,1,2022.0,303,21,0,2.0,0,8100.0,47200.0,0,300.0,1,0,0
1,72,2024.0,5,18,3,2.0,0,0.0,53500.0,2,252.0,1,0,0
5,110,2021.0,92,15,3,1.2,1,68000.0,19200.0,0,132.0,1,0,0
35,25,2024.0,369,13,2,1.8,1,0.0,38400.0,0,170.0,0,0,0
18,23,2021.0,197,13,3,2.4,1,47000.0,28800.0,0,170.0,1,1,0
28,51,2025.0,276,22,3,1.6,1,0.0,28360.0,2,120.0,1,0,0
36,63,2024.0,397,2,3,1.0,1,0.0,21200.0,1,116.0,0,1,0
18,42,2016.0,203,13,3,3.6,1,97500.0,34000.0,1,286.0,1,0,0
11,34,2019.0,134,4,3,1.5,1,64000.0,15120.0,0,100.0,0,1,0
13,27,2024.0,151,13,2,2.0,0,0.0,74900.0,0,148.0,1,0,0
4,105,2018.0,75,21,3,2.0,1,89000.0,16900.0,0,127.0,1,0,0
35,55,2013.0,380,13,3,4.0,0,220000.0,34500.0,0,265.0,0,0,0
31,32,2018.0,327,13,3,1.6,1,71000.0,16400.0,1,110.0,0,1,0
23,114,2021.0,249,21,2,2.5,0,85000.0,36900.0,0,110.0,0,0,0
3,117,2017.0,34,13,3,2.0,1,150000.0,25800.0,0,192.0,1,1,0
13,47,2024.0,157,4,3,1.5,1,0.0,39500.0,2,121.0,0,0,0
36,96,2022.0,398,13,3,1.4,1,90500.0,31960.0,1,150.0,0,0,0
34,44,2007.0,348,18,3,2.0,0,135000.0,16200.0,1,200.0,1,1,0
36,96,2025.0,398,13,3,1.4,1,0.0,28800.0,2,150.0,0,0,0
36,63,2025.0,397,22,3,1.0,1,0.0,17592.0,2,101.0,0,0,0
5,110,2016.0,92,18,3,1.8,1,109000.0,20000.0,1,140.0,1,0,0
5,110,2023.0,95,22,3,1.2,0,0.0,22800.0,0,132.0,1,0,0
36,96,2024.0,398,13,3,1.4,1,6000.0,36400.0,0,150.0,0,0,0
11,34,2018.0,134,2,3,1.5,0,86000.0,14320.0,2,123.0,0,1,0
14,113,2019.0,182,18,3,2.0,1,69000.0,25800.0,0,154.0,0,0,0
18,23,2021.0,198,2,3,2.4,1,47000.0,45000.0,1,170.0,1,1,0
11,34,2022.0,136,22,3,1.5,1,35000.0,19600.0,0,123.0,0,1,0
36,96,2025.0,398,21,3,1.4,1,0.0,35160.0,2,150.0,0,0,0
13,47,2018.0,158,4,3,1.8,1,116000.0,20600.0,1,185.0,0,0,0
36,96,2025.0,398,4,3,1.4,1,0.0,23283.0,0,150.0,0,0,0
4,101,2011.0,65,4,3,2.0,0,205000.0,8800.0,1,138.0,0,1,0
31,13,2018.0,318,17,3,1.6,1,50000.0,15600.0,1,110.0,0,0,0
36,63,2025.0,397,4,3,1.0,1,0.0,22100.0,0,101.0,0,0,0
29,0,2020.0,299,13,3,1.6,0,45000.0,17120.0,0,120.0,0,1,0
31,13,2019.0,318,4,3,1.6,1,115000.0,18240.0,0,110.0,0,0,0
5,110,2015.0,92,4,3,1.8,1,130000.0,12800.0,0,140.0,1,0,0
21,89,2009.0,226,5,0,2.5,0,182427.0,8720.0,1,140.0,1,0,0
5,110,2017.0,92,4,3,1.8,1,75000.0,16000.0,1,140.0,1,0,0
36,97,2023.0,400,4,3,1.0,1,50175.0,21600.0,0,110.0,0,1,0
18,23,2023.0,200,18,3,1.3,1,48037.0,35304.0,1,170.0,0,0,0
3,120,2018.0,44,4,3,3.0,1,85000.0,93000.0,1,306.0,1,0,0
29,0,2025.0,292,4,3,1.0,1,0.0,11840.0,2,120.0,0,1,0
18,82,2025.0,209,4,3,1.3,1,0.0,29600.0,2,170.0,0,0,0
5,110,2024.0,95,21,3,1.2,1,0.0,21120.0,2,132.0,1,0,0
36,97,2024.0,400,4,3,1.0,1,1000.0,24880.0,0,110.0,0,1,0
3,120,2012.0,44,13,0,2.0,1,179000.0,19600.0,0,184.0,1,1,0
5,110,2024.0,95,18,3,1.2,1,0.0,25855.0,0,132.0,1,0,0
11,100,2025.0,144,13,3,1.8,1,0.0,36044.0,2,85.0,1,0,0
31,32,2013.0,322,26,3,1.6,0,120000.0,10800.0,0,110.0,0,1,0
4,103,2016.0,70,4,3,1.6,1,130000.0,14000.0,1,110.0,0,1,0
31,32,2018.0,327,13,3,1.6,1,56000.0,14000.0,2,110.0,0,1,0
18,23,2025.0,200,13,3,1.3,1,0.0,36792.0,2,272.0,0,0,0
10,71,2025.0,125,4,3,1.3,0,0.0,10000.0,2,110.0,0,0,0
35,46,2017.0,375,18,0,2.8,1,131000.0,40000.0,1,177.0,1,0,0
11,100,2024.0,144,4,3,1.8,1,0.0,39000.0,1,85.0,1,0,0
36,97,2025.0,400,4,3,1.0,1,0.0,25280.0,0,110.0,0,0,0
11,34,2017.0,134,4,3,1.6,0,99000.0,14500.0,0,110.0,0,1,0
18,22,2024.0,195,13,3,1.3,1,0.0,46942.0,2,272.0,0,0,0
11,54,2021.0,141,4,2,2.5,0,49000.0,30000.0,1,143.0,0,0,0
18,82,2025.0,208,13,3,1.3,1,0.0,28880.0,0,170.0,0,0,0
14,113,2019.0,182,13,3,2.0,1,100000.0,24900.0,2,154.0,0,0,0
1,72,2020.0,5,4,3,1.0,0,74000.0,31500.0,0,150.0,1,0,0
25,18,2019.0,258,18,3,2.0,1,60000.0,60000.0,0,390.0,1,0,0
36,97,2019.0,400,4,3,1.6,0,67000.0,22000.0,1,110.0,0,0,0
36,97,2025.0,400,13,3,1.0,1,0.0,29600.0,0,110.0,0,0,0
5,110,2015.0,92,21,3,1.8,1,90000.0,13200.0,0,140.0,0,1,0
28,51,2025.0,275,13,3,1.6,0,0.0,24360.0,2,120.0,0,0,0
18,23,2019.0,197,13,3,2.4,1,47400.0,23600.0,0,170.0,1,1,0
18,23,2025.0,200,13,3,1.3,1,0.0,41840.0,2,272.0,0,0,0
4,103,2016.0,70,13,3,1.6,1,160000.0,11000.0,1,110.0,0,1,0
18,116,2014.0,217,13,3,3.6,0,90000.0,41900.0,0,284.0,1,1,1
29,0,2018.0,296,15,3,1.6,1,68000.0,16900.0,1,150.0,1,1,0
3,125,2013.0,60,4,3,3.0,1,116000.0,40000.0,1,306.0,1,0,0
36,97,2019.0,400,13,3,1.6,0,93000.0,21600.0,0,110.0,0,0,0
5,110,2015.0,92,18,3,1.8,1,155000.0,12960.0,0,140.0,0,1,0
25,21,2009.0,265,4,3,3.5,0,175000.0,20900.0,0,110.0,1,0,0
35,25,2025.0,369,4,3,2.0,1,0.0,43200.0,1,170.0,0,0,0
18,82,2018.0,210,18,3,1.8,1,50000.0,18500.0,1,170.0,0,1,0
18,82,2022.0,210,4,3,1.8,1,60000.0,20400.0,0,170.0,0,1,0
18,23,2025.0,200,18,3,1.3,1,0.0,34612.0,2,272.0,0,0,0
8,50,2011.0,115,13,3,2.4,1,172000.0,13900.0,1,170.0,1,0,0
13,27,2016.0,154,13,3,2.4,1,127000.0,21520.0,0,175.0,0,0,0
3,120,2012.0,44,18,3,3.0,1,149000.0,25900.0,1,306.0,1,1,0
11,34,2020.0,134,18,3,1.5,0,41700.0,17520.0,0,123.0,0,1,0
31,32,2015.0,327,4,3,1.6,1,160000.0,12000.0,1,110.0,0,1,0
28,51,2022.0,275,13,3,1.6,1,20668.0,24400.0,2,120.0,0,0,0
11,34,2014.0,134,4,0,1.5,0,130000.0,14000.0,0,90.0,0,1,0
13,47,2016.0,158,13,3,1.8,1,116000.0,21000.0,1,175.0,0,0,0
31,32,2020.0,327,22,3,1.6,1,73000.0,15600.0,0,110.0,0,1,0
11,8,2025.0,129,26,3,2.0,0,0.0,47200.0,0,110.0,1,0,0
4,101,2014.0,65,13,3,2.0,0,142000.0,11600.0,0,138.0,0,1,0
13,27,2012.0,154,21,3,2.4,0,155000.0,15920.0,0,185.0,0,0,0
3,118,2023.0,36,18,3,2.0,1,26200.0,75000.0,1,205.0,1,0,0
11,34,2013.0,133,4,3,1.6,0,194000.0,8640.0,1,110.0,0,1,0
18,23,2023.0,200,18,3,1.3,0,55000.0,30400.0,0,170.0,0,0,0
5,110,2015.0,92,13,3,1.8,1,105000.0,14500.0,0,140.0,1,0,0
29,0,2017.0,293,13,3,1.6,0,150000.0,11760.0,0,120.0,0,1,0
31,32,2024.0,329,21,3,1.3,1,0.0,27840.0,0,155.0,1,1,0
11,34,2018.0,136,22,3,1.5,1,108600.0,8000.0,0,123.0,0,1,0
11,34,2012.0,132,5,3,1.6,0,140000.0,10400.0,0,110.0,0,1,0
31,32,2013.0,326,18,3,2.0,0,110000.0,12000.0,1,138.0,1,1,0
5,110,2021.0,92,4,3,1.2,1,69500.0,20400.0,1,132.0,1,0,0
31,13,2018.0,318,4,3,1.6,1,65905.0,17520.0,2,110.0,0,0,0
36,96,2021.0,398,21,3,1.4,1,36000.0,30800.0,1,150.0,0,0,0
36,63,2025.0,397,13,3,1.0,1,0.0,27192.0,2,101.0,0,0,0
18,82,2025.0,212,4,3,1.3,1,0.0,33592.0,2,170.0,1,0,0
13,47,2019.0,157,4,3,1.8,1,61658.0,24800.0,1,154.0,0,0,0
14,86,2012.0,171,4,0,2.2,1,211000.0,16000.0,1,110.0,1,0,0
5,35,2023.0,83,4,3,1.5,1,11200.0,33600.0,1,105.0,1,0,0
14,113,2018.0,182,13,3,2.0,1,60000.0,28000.0,1,154.0,0,0,0
18,42,1998.0,203,5,3,5.2,0,290000.0,9300.0,1,286.0,1,1,0
11,100,2022.0,144,4,3,1.5,1,44000.0,32000.0,0,143.0,0,0,0
18,42,2012.0,203,2,3,3.6,1,120000.0,25000.0,1,286.0,1,0,0
28,59,2012.0,281,5,3,3.5,0,151700.0,15000.0,1,260.0,1,0,0
14,113,2020.0,182,13,3,2.0,0,106400.0,27920.0,2,154.0,0,0,0
29,0,2016.0,299,13,3,1.6,0,90000.0,14500.0,0,120.0,0,1,0
14,113,2024.0,181,4,3,2.0,1,0.0,47900.0,0,154.0,0,0,0
11,34,2015.0,134,4,3,1.6,0,78000.0,12800.0,0,110.0,0,1,0
36,96,2024.0,398,13,3,1.4,1,0.0,38240.0,2,150.0,0,0,0
35,46,2016.0,375,13,0,2.8,1,53000.0,40000.0,1,177.0,1,0,0
3,123,2010.0,54,13,3,3.0,0,194000.0,19400.0,2,306.0,1,1,0
5,110,2025.0,95,4,3,1.2,0,0.0,22241.0,2,132.0,1,0,0
5,110,2019.0,92,21,3,1.8,1,132000.0,16400.0,0,140.0,1,1,0
5,110,2015.0,92,13,3,1.8,0,123000.0,13200.0,0,140.0,0,1,0
28,51,2025.0,275,22,3,1.6,0,0.0,25200.0,2,120.0,0,0,0
35,46,2025.0,375,13,0,2.8,1,1000.0,64000.0,1,177.0,1,0,0
2,124,2023.0,24,22,3,1.5,1,0.0,38900.0,2,185.0,0,1,0
18,22,2025.0,195,4,0,2.0,1,0.0,47440.0,2,272.0,1,0,0
14,113,2008.0,179,8,3,2.0,0,204000.0,8800.0,0,154.0,0,1,0
31,32,2013.0,326,21,3,2.0,0,210000.0,11500.0,1,138.0,1,1,0
28,51,2021.0,276,4,3,1.6,1,60000.0,26900.0,0,120.0,1,0,0
6,11,2020.0,106,22,3,1.6,0,49000.0,17520.0,0,165.0,0,1,0
3,117,2019.0,34,4,3,2.0,1,53500.0,40500.0,1,192.0,1,1,0
6,11,2024.0,106,4,3,1.6,0,7000.0,23600.0,0,165.0,0,0,0
11,34,2013.0,136,4,3,2.0,0,172000.0,8800.0,0,143.0,0,1,0
18,82,2021.0,210,18,3,1.8,1,51000.0,20640.0,2,170.0,0,1,0
14,113,2013.0,178,26,3,2.0,0,139000.0,16000.0,1,154.0,1,0,0
31,32,2018.0,327,4,3,2.0,1,85000.0,18400.0,1,143.0,1,1,0
18,23,2017.0,198,22,3,2.4,1,67500.0,24000.0,1,170.0,1,0,0
18,82,2025.0,208,4,3,1.3,1,0.0,29832.0,2,170.0,0,0,0
4,101,2011.0,65,4,3,2.0,0,160000.0,9500.0,0,127.0,0,1,0
36,97,2021.0,402,2,3,1.6,1,90000.0,24000.0,0,116.0,0,0,0
5,110,2025.0,92,13,3,1.2,1,0.0,26640.0,2,132.0,1,0,0
11,100,2022.0,144,28,3,1.5,0,42000.0,29600.0,0,143.0,0,0,0
35,25,2021.0,369,4,2,1.8,1,42000.0,31600.0,0,170.0,0,0,0
36,97,2025.0,400,4,3,1.0,1,0.0,19200.0,2,110.0,0,0,0
28,51,2017.0,275,2,3,1.6,1,86000.0,18000.0,2,120.0,0,1,0
18,42,2013.0,204,18,3,3.6,1,125500.0,28500.0,1,286.0,1,0,0
11,34,2017.0,134,5,3,1.6,0,85000.0,14000.0,2,110.0,0,1,0
35,95,2022.0,393,13,0,2.8,1,68000.0,46400.0,1,177.0,1,0,0
13,27,2013.0,154,15,3,2.4,0,140000.0,15999.0,0,185.0,0,0,0
14,113,2017.0,174,13,3,2.0,1,105000.0,22500.0,1,154.0,0,1,0
4,103,2018.0,71,4,3,1.6,0,114500.0,13520.0,2,127.0,1,1,0
11,34,2018.0,130,13,3,1.5,1,73000.0,17200.0,0,123.0,0,1,0
36,63,2023.0,397,13,3,1.0,1,27000.0,23200.0,1,101.0,0,0,0
27,66,2007.0,274,18,3,2.4,0,206000.0,9600.0,1,170.0,1,0,0
6,10,2025.0,103,13,3,1.0,1,0.0,22568.0,2,120.0,0,0,0
28,51,2019.0,275,13,3,1.6,1,101100.0,20760.0,2,120.0,0,0,0
25,20,2011.0,263,2,3,2.5,0,136000.0,22900.0,0,231.0,1,0,0
1,72,2025.0,5,13,3,1.5,0,0.0,49000.0,2,150.0,1,0,0
0,94,2022.0,3,22,3,2.0,0,41000.0,56500.0,0,280.0,0,0,0
21,89,2010.0,226,18,3,2.4,0,210000.0,15000.0,1,185.0,1,0,0
5,110,2022.0,95,18,3,1.2,0,52954.0,22900.0,0,132.0,1,0,0
5,111,2020.0,98,13,0,2.8,1,106000.0,31200.0,1,200.0,1,0,0
13,47,2015.0,158,13,3,1.8,1,170000.0,16400.0,0,185.0,0,0,0
28,51,2025.0,275,13,3,1.6,0,0.0,24440.0,2,120.0,0,0,0
4,101,2015.0,65,4,3,1.6,1,99293.0,9600.0,2,125.0,0,1,0
8,50,2017.0,115,18,3,2.4,1,137300.0,19992.0,0,170.0,1,1,0
2,124,2019.0,23,18,3,1.5,0,102000.0,16800.0,1,185.0,0,0,0
6,11,2024.0,107,13,3,1.6,1,8900.0,23200.0,1,165.0,0,0,0
35,25,2025.0,369,13,3,2.0,1,0.0,43500.0,0,170.0,0,0,0
35,25,2023.0,371,4,3,2.0,1,40000.0,28720.0,0,170.0,0,0,0
1,78,2025.0,17,13,3,3.0,1,0.0,178000.0,0,340.0,1,0,0
14,113,2008.0,178,13,0,2.0,0,270000.0,8500.0,1,154.0,0,0,0
18,82,2025.0,212,4,3,1.3,1,0.0,34320.0,2,170.0,1,0,0
18,42,2019.0,204,13,3,3.6,0,90000.0,56900.0,0,286.0,1,0,0
5,111,2025.0,99,2,0,2.8,1,0.0,46400.0,2,200.0,1,0,0
13,47,2018.0,157,21,3,1.8,1,87028.0,19040.0,2,154.0,0,0,0
6,11,2020.0,106,18,3,1.6,0,63000.0,15920.0,0,165.0,0,1,0
31,13,2017.0,318,21,3,2.0,0,109000.0,16700.0,0,110.0,0,1,0
29,0,2018.0,299,4,3,1.6,1,82000.0,14560.0,1,120.0,0,1,0
36,97,2020.0,403,2,3,1.6,1,90000.0,21500.0,1,110.0,0,1,0
29,0,2018.0,293,4,3,1.6,0,45000.0,14320.0,0,120.0,0,1,0
28,51,2022.0,276,22,3,1.6,1,57000.0,25500.0,0,120.0,1,0,0
11,100,2025.0,144,13,3,1.8,1,0.0,36800.0,2,85.0,1,0,0
18,82,2025.0,209,4,3,1.3,1,0.0,31600.0,2,170.0,0,0,0
35,46,2016.0,375,15,0,2.8,1,118000.0,35200.0,0,177.0,1,0,0
11,100,2023.0,145,4,3,1.5,0,2000.0,36500.0,0,85.0,1,0,0
11,34,2017.0,136,13,3,2.0,1,81705.0,15200.0,0,143.0,0,1,0
31,32,2012.0,327,13,3,1.6,0,205000.0,8800.0,1,110.0,0,1,0
25,18,2019.0,258,4,3,2.0,1,99000.0,50000.0,0,390.0,1,0,0
35,25,2023.0,366,22,3,2.0,1,41000.0,34000.0,0,170.0,0,0,0
31,32,2018.0,327,13,3,1.6,1,56000.0,14000.0,2,110.0,0,1,0
36,96,2025.0,398,21,3,1.4,1,1111.0,31600.0,0,150.0,0,0,0
6,11,2021.0,106,18,3,1.6,0,45000.0,16000.0,0,165.0,0,1,0
35,46,2012.0,374,13,0,3.0,0,104500.0,29000.0,1,171.0,1,1,0
6,10,2025.0,103,13,3,1.6,1,0.0,21440.0,2,120.0,0,1,0
36,96,2021.0,398,4,3,1.4,1,93793.0,26320.0,1,150.0,0,0,0
31,32,2020.0,327,13,3,2.0,1,45000.0,20700.0,1,143.0,1,1,0
5,111,2016.0,98,4,0,2.8,0,154000.0,23600.0,1,200.0,1,0,0
31,32,2012.0,324,2,3,1.6,0,174000.0,9200.0,1,110.0,0,1,0
31,32,2019.0,327,4,3,2.0,1,60000.0,18400.0,0,143.0,0,1,0
31,32,2013.0,322,18,3,1.6,0,130000.0,11200.0,0,110.0,0,1,0
13,47,2019.0,157,18,3,1.8,1,63900.0,23999.0,1,154.0,0,0,0
31,32,2013.0,327,13,3,2.0,0,176000.0,11800.0,0,143.0,1,1,0
18,23,2025.0,200,4,3,1.3,1,0.0,37076.0,2,272.0,0,0,0
14,26,2017.0,163,4,3,1.6,0,96000.0,17200.0,0,115.0,0,0,0
18,42,2014.0,203,4,3,3.6,1,87100.0,34900.0,0,286.0,1,0,0
11,34,2018.0,134,4,3,1.5,0,117000.0,16720.0,0,123.0,0,1,0
6,11,2022.0,106,13,3,1.6,1,14900.0,24800.0,1,165.0,0,1,0
11,54,2020.0,141,18,2,2.5,0,59000.0,26880.0,0,143.0,0,0,0
18,42,2014.0,203,13,3,3.6,1,87000.0,33200.0,1,286.0,1,0,0
36,97,2019.0,402,21,3,1.6,0,52000.0,21520.0,0,116.0,0,0,0
18,22,2024.0,195,13,0,2.0,0,0.0,52714.0,2,272.0,1,0,0
18,23,2022.0,200,4,3,1.3,1,29350.0,31840.0,1,170.0,0,0,0
34,48,2022.0,357,13,3,1.5,1,17000.0,38500.0,0,120.0,1,0,1
29,0,2017.0,296,13,3,1.6,1,98000.0,12720.0,0,150.0,1,1,0
29,0,2018.0,296,13,3,1.6,0,64500.0,14400.0,2,150.0,1,1,0
36,108,2025.0,414,2,3,2.0,1,0.0,45520.0,2,150.0,1,0,0
11,34,2013.0,134,13,3,2.0,0,146000.0,11160.0,0,143.0,0,1,0
5,110,2024.0,92,13,3,1.2,0,0.0,24784.0,2,132.0,1,0,0
18,82,2025.0,209,13,3,1.3,1,0.0,31120.0,2,170.0,0,0,0
2,124,2023.0,24,13,3,1.5,1,0.0,38900.0,2,185.0,0,1,0
11,34,2015.0,136,22,3,2.0,0,123000.0,15840.0,0,143.0,0,1,0
31,32,2011.0,327,2,3,1.6,0,126000.0,10000.0,1,110.0,0,1,0
18,42,2000.0,203,13,0,3.1,0,217000.0,9600.0,1,286.0,1,1,0
29,1,2019.0,303,4,3,1.6,1,87018.0,29900.0,0,165.0,1,0,0
5,110,2024.0,92,13,3,1.2,0,0.0,24800.0,0,132.0,1,0,0
6,11,2018.0,110,18,3,1.2,0,68000.0,20000.0,1,165.0,0,0,0
29,0,2025.0,297,18,3,1.0,1,0.0,27647.0,2,120.0,0,0,0
36,97,2020.0,402,13,3,1.6,1,38000.0,22400.0,0,116.0,0,0,0
35,46,2018.0,375,13,0,2.8,1,81000.0,40500.0,1,177.0,1,0,0
8,50,2010.0,113,13,3,2.7,1,196000.0,11500.0,1,170.0,1,0,0
35,46,2023.0,375,13,0,2.8,1,22000.0,51000.0,1,177.0,1,0,0
35,25,2025.0,369,2,2,1.8,1,1000.0,38000.0,1,170.0,0,0,0
5,110,2025.0,95,2,3,1.2,0,0.0,18400.0,2,132.0,1,0,0
4,102,2020.0,68,4,3,1.5,1,121752.0,15510.0,0,127.0,0,1,0
31,32,2013.0,322,13,3,1.6,0,160000.0,11500.0,1,110.0,0,1,0
3,117,2022.0,34,4,3,2.0,0,58000.0,44000.0,1,192.0,1,1,0
8,50,2010.0,113,18,3,2.7,1,125000.0,5760.0,1,170.0,1,0,0
5,110,2025.0,92,22,3,1.2,1,0.0,24360.0,2,132.0,1,0,0
29,0,2024.0,292,2,3,1.0,1,0.0,27464.0,2,120.0,0,1,0
35,25,2025.0,369,22,2,1.8,1,501.0,39600.0,0,170.0,0,0,0
29,0,2020.0,293,13,3,1.6,1,46000.0,14319.0,2,120.0,0,1,0
18,23,2024.0,199,4,3,1.3,1,0.0,32000.0,0,170.0,0,0,0
18,82,2018.0,210,18,3,1.8,1,85000.0,16800.0,1,170.0,0,1,0
31,32,2012.0,327,2,3,2.0,0,138000.0,12900.0,1,143.0,1,1,0
5,111,2017.0,98,22,0,2.8,1,117000.0,30990.0,2,200.0,1,0,0
18,82,2018.0,208,22,3,2.4,1,90000.0,21000.0,0,170.0,0,0,0
35,46,2019.0,375,13,0,2.8,1,84700.0,42240.0,0,177.0,1,0,0
36,97,2025.0,400,21,3,1.0,1,1111.0,28800.0,1,110.0,0,0,0
3,123,2010.0,54,13,3,3.0,0,137000.0,24700.0,1,306.0,1,1,0
11,54,2021.0,142,13,2,2.0,1,49000.0,38500.0,1,143.0,1,0,0
11,34,2016.0,134,13,3,1.6,0,102000.0,15800.0,1,110.0,0,1,0
31,33,2018.0,333,13,3,2.0,1,110000.0,17200.0,0,110.0,0,1,0
3,117,2013.0,34,17,3,2.0,0,115000.0,25000.0,1,184.0,1,1,0
36,108,2024.0,414,13,3,2.0,1,0.0,45760.0,0,150.0,0,0,0
3,123,2025.0,55,13,3,4.4,1,0.0,181900.0,0,449.0,1,1,0
36,96,2022.0,398,13,3,1.4,1,55600.0,33500.0,1,150.0,0,0,0
31,33,2020.0,332,18,3,2.0,0,97000.0,17500.0,0,110.0,0,1,0
28,51,2021.0,276,13,3,1.6,1,77000.0,29500.0,0,120.0,1,0,0
29,0,2018.0,299,4,3,1.6,1,55000.0,15200.0,0,120.0,0,1,0
31,52,2013.0,336,18,3,2.5,0,140000.0,10000.0,1,110.0,1,1,0
11,34,2016.0,134,22,3,1.6,0,80000.0,13440.0,0,110.0,0,1,0
36,63,2025.0,397,2,3,1.0,1,0.0,23200.0,2,101.0,0,0,0
36,96,2022.0,398,4,3,1.4,1,80000.0,33200.0,0,150.0,0,0,0
29,0,2025.0,297,13,3,1.0,1,0.0,31800.0,2,120.0,0,0,0
5,110,2019.0,92,21,3,1.8,1,72000.0,16800.0,2,140.0,1,1,0
29,0,2019.0,299,4,3,1.6,1,61230.0,14400.0,1,120.0,0,1,0
21,89,2009.0,226,8,0,2.5,0,207000.0,14000.0,1,170.0,1,0,0
29,0,2017.0,299,4,3,1.6,1,94000.0,13600.0,0,120.0,0,1,0
14,113,2015.0,178,4,3,2.0,0,118400.0,15500.0,0,154.0,0,1,0
5,110,2025.0,92,13,3,1.2,1,0.0,26400.0,0,132.0,1,0,0
18,22,2025.0,195,13,3,1.3,1,0.0,40800.0,0,272.0,0,0,0
31,32,2012.0,328,13,3,2.0,0,155000.0,11000.0,1,138.0,0,1,0
14,26,2025.0,164,13,3,1.6,1,0.0,35000.0,0,115.0,0,0,0
11,100,2022.0,144,5,2,1.5,0,35381.0,28928.0,2,143.0,0,0,0
3,125,2012.0,60,4,3,3.0,0,105000.0,41000.0,1,306.0,1,0,0
36,63,2025.0,397,4,3,1.0,1,0.0,28720.0,0,101.0,0,0,0
11,34,2020.0,134,2,3,1.5,0,86000.0,18000.0,0,123.0,0,1,0
19,126,2024.0,221,13,3,1.5,1,0.0,29520.0,0,110.0,0,0,0
5,110,2025.0,95,4,3,1.2,0,0.0,21601.0,2,132.0,1,0,0
11,34,2018.0,133,22,3,1.5,0,70000.0,16900.0,0,123.0,0,1,0
5,110,2019.0,92,13,3,1.8,1,32000.0,17280.0,0,140.0,1,1,0
36,109,2016.0,417,4,0,3.0,1,150000.0,42900.0,0,240.0,0,0,0
11,100,2025.0,144,13,3,1.8,1,0.0,36560.0,0,85.0,1,0,0
18,23,2025.0,200,13,3,1.3,1,1100.0,34320.0,0,272.0,0,0,0
36,97,2025.0,400,2,3,1.0,0,1000.0,24000.0,1,110.0,0,0,0
5,110,2014.0,92,21,3,1.8,0,103000.0,15000.0,1,140.0,0,1,0
21,92,2017.0,231,18,3,2.0,1,130000.0,19920.0,0,154.0,0,1,0
11,34,2016.0,133,22,3,1.6,0,58500.0,14000.0,0,110.0,0,1,0
11,34,2015.0,136,4,3,2.0,0,90000.0,14000.0,0,143.0,0,1,0
31,32,2014.0,330,13,3,1.6,0,166000.0,10800.0,2,110.0,0,1,0
11,54,2011.0,143,13,3,2.5,0,172000.0,12500.0,0,180.0,1,1,0
31,32,2014.0,330,18,3,1.6,0,139878.0,12300.0,1,110.0,0,1,0
13,47,2020.0,157,13,3,1.8,1,86000.0,28000.0,0,154.0,0,0,0
13,47,2018.0,157,13,3,1.8,1,81000.0,22790.0,0,154.0,0,0,0
37,128,2024.0,422,18,2,2.0,1,0.0,107100.0,0,462.0,1,0,0
28,51,2025.0,276,22,3,1.6,1,0.0,28360.0,2,120.0,1,0,0
1,77,2024.0,16,13,3,3.0,1,0.0,153000.0,0,333.0,1,0,0
36,108,2025.0,414,13,3,2.0,1,0.0,46240.0,2,150.0,1,0,0
36,97,2025.0,400,4,3,1.0,1,0.0,24960.0,2,110.0,0,0,0
11,100,2025.0,144,4,3,1.8,1,0.0,37240.0,2,85.0,1,0,0
11,34,2017.0,134,3,3,1.6,0,93000.0,14000.0,0,110.0,0,1,0
36,96,2025.0,398,13,3,1.4,1,0.0,30400.0,2,150.0,0,0,0
31,32,2015.0,327,13,3,1.6,1,105000.0,14000.0,0,110.0,0,1,0
1,72,2021.0,5,13,3,1.0,0,25000.0,39500.0,0,150.0,1,0,0
35,81,2010.0,382,18,3,2.4,0,260000.0,13700.0,1,257.0,1,0,0
28,51,2018.0,275,13,3,1.6,1,131000.0,17200.0,1,120.0,0,0,0
6,11,2022.0,110,4,3,1.6,1,45000.0,24960.0,2,165.0,0,0,0
11,34,2020.0,134,21,3,1.5,0,68000.0,17400.0,1,123.0,0,1,0
3,117,2024.0,32,4,3,2.0,0,0.0,82000.0,0,231.0,1,1,0
28,51,2018.0,275,18,3,1.6,1,87028.0,21500.0,1,120.0,0,0,0
22,36,2021.0,240,4,2,2.0,0,47000.0,100000.0,1,240.0,0,0,0
18,23,2025.0,200,13,3,1.3,1,0.0,33968.0,2,272.0,0,0,0
35,25,2023.0,371,22,3,2.0,1,67000.0,31000.0,0,170.0,0,0,0
6,11,2019.0,106,18,3,1.6,0,116624.0,15440.0,0,165.0,0,1,0
20,120,2025.0,222,13,3,1.5,1,0.0,26800.0,0,398.0,1,0,0
36,63,2024.0,397,22,3,1.0,1,1111.0,24800.0,1,116.0,0,0,0
36,97,2025.0,400,4,3,1.0,1,0.0,29600.0,2,110.0,0,0,0
31,32,2020.0,327,13,3,2.0,1,77849.0,16800.0,1,143.0,0,1,0
3,118,2025.0,37,13,3,2.0,1,1000.0,98000.0,0,205.0,1,0,0
5,110,2016.0,92,22,3,1.8,1,83985.0,13440.0,0,140.0,0,1,0
4,102,2019.0,69,13,3,1.5,0,79000.0,13760.0,0,127.0,1,1,0
4,104,2025.0,73,13,3,1.5,1,0.0,24000.0,0,127.0,1,0,0
5,111,2025.0,99,13,0,2.8,1,0.0,46784.0,2,200.0,1,0,0
11,100,2021.0,144,13,3,1.5,1,100200.0,26500.0,0,85.0,1,0,0
31,32,2016.0,327,4,3,2.0,1,109000.0,12800.0,0,143.0,0,1,0
28,51,2021.0,275,5,3,1.6,0,82000.0,18900.0,0,120.0,0,1,0
1,73,2017.0,8,4,3,1.4,0,99000.0,31500.0,1,150.0,1,0,0
5,110,2017.0,92,22,3,1.8,1,110000.0,15840.0,1,140.0,1,0,0
31,13,2019.0,318,21,3,1.6,1,83920.0,19200.0,2,110.0,0,0,0
22,80,2008.0,247,18,0,3.6,0,234000.0,30000.0,1,110.0,0,0,0
6,11,2018.0,110,4,3,1.2,0,100000.0,15160.0,0,165.0,0,0,0
5,110,2017.0,92,22,3,1.8,1,91000.0,18400.0,1,140.0,1,0,0
28,51,2025.0,277,22,3,1.6,1,2000.0,25520.0,2,120.0,0,1,0
5,111,2025.0,99,13,0,2.8,1,0.0,41600.0,2,200.0,1,0,0
3,117,2019.0,32,18,3,2.0,0,102000.0,39900.0,1,231.0,1,1,0
1,75,2012.0,11,13,3,2.0,0,200000.0,17520.0,1,170.0,1,0,0
11,34,2018.0,134,2,3,1.5,1,83000.0,17500.0,0,123.0,0,1,0
29,0,2025.0,292,4,3,1.0,1,0.0,25680.0,2,120.0,0,1,0
18,82,2025.0,210,13,3,1.8,1,0.0,24479.0,2,170.0,0,0,0
21,92,2012.0,231,18,3,2.0,0,174000.0,16900.0,0,163.0,0,0,0
31,32,2017.0,327,4,3,1.6,0,86000.0,15600.0,0,110.0,0,1,0
11,34,2022.0,134,21,3,1.5,0,16807.0,19720.0,2,123.0,0,1,0
31,32,2025.0,329,4,3,1.3,1,0.0,22400.0,2,155.0,1,0,0
4,103,2017.0,70,4,3,1.6,1,125000.0,13840.0,0,110.0,0,1,0
36,63,2023.0,397,13,3,1.0,1,17000.0,22800.0,1,101.0,0,0,0
11,100,2024.0,144,13,3,1.8,1,0.0,37999.0,1,85.0,1,0,0
31,13,2018.0,318,4,3,1.6,1,104600.0,15440.0,0,110.0,0,0,0
36,63,2023.0,397,13,3,1.0,1,22000.0,20000.0,1,101.0,0,1,0
21,89,2007.0,226,18,3,3.8,0,196000.0,13000.0,1,170.0,1,0,0
35,46,2017.0,375,4,0,2.8,1,98000.0,38000.0,1,177.0,1,0,0
11,34,2019.0,134,21,3,1.5,0,69000.0,16200.0,1,123.0,0,1,0
2,124,2023.0,24,22,3,1.5,1,0.0,38900.0,2,185.0,0,1,0
25,18,2017.0,258,18,3,2.0,1,93000.0,72000.0,2,367.0,1,0,0
5,110,2021.0,92,4,3,1.2,1,72261.0,21412.0,2,132.0,1,0,0
25,18,2017.0,258,15,3,2.0,1,60000.0,48900.0,1,367.0,1,0,0
31,32,2013.0,326,18,3,2.0,0,186500.0,11920.0,1,138.0,1,1,0
11,34,2018.0,136,2,3,2.0,1,101975.0,18760.0,2,170.0,0,1,0
18,42,2014.0,203,18,3,3.6,1,150000.0,28000.0,0,286.0,1,0,0
5,110,2021.0,92,4,3,1.2,1,75800.0,23600.0,2,132.0,1,0,0
28,51,2025.0,275,13,3,1.6,0,0.0,24400.0,2,120.0,0,0,0
5,110,2023.0,95,4,3,1.2,0,33000.0,26800.0,0,132.0,1,0,0
29,0,2018.0,293,13,3,1.6,0,69000.0,15700.0,0,120.0,0,1,0
31,32,2013.0,322,22,3,1.6,0,130000.0,10400.0,0,110.0,0,1,0
18,23,2022.0,200,13,3,1.3,1,81320.0,35500.0,1,170.0,0,0,0
18,23,2025.0,200,13,3,1.3,1,1300.0,36875.0,1,272.0,0,0,0
36,63,2025.0,397,13,3,1.0,1,0.0,25600.0,0,101.0,0,0,0
6,10,2025.0,103,13,3,1.0,1,0.0,26448.0,0,120.0,0,0,0
35,25,2023.0,369,18,2,1.8,1,72000.0,29440.0,1,170.0,0,0,0
18,23,2019.0,199,18,3,2.4,1,63000.0,22000.0,1,170.0,0,0,0
29,0,2017.0,292,4,3,1.6,0,68500.0,18000.0,1,120.0,0,1,0
4,101,2013.0,65,21,3,2.0,0,167000.0,11990.0,1,138.0,0,1,0
36,63,2025.0,397,4,3,1.0,1,0.0,21880.0,0,101.0,0,1,0
5,110,2018.0,92,21,3,1.8,1,62000.0,18500.0,0,140.0,1,1,0
11,34,2021.0,136,13,3,2.0,0,64200.0,21000.0,1,170.0,0,1,0
31,32,2012.0,322,18,3,1.6,0,198000.0,8000.0,1,110.0,0,1,0
36,107,2019.0,405,2,3,1.4,0,82900.0,28960.0,2,150.0,1,0,0
29,0,2025.0,297,4,3,1.0,1,0.0,25040.0,2,120.0,0,0,0
11,34,2022.0,136,4,3,1.5,1,43000.0,25999.0,1,123.0,0,1,0
11,34,2015.0,134,4,3,2.0,0,118400.0,13520.0,0,143.0,0,1,0
29,0,2025.0,293,13,3,1.0,1,0.0,18400.0,2,120.0,0,0,0
11,34,2011.0,132,13,3,1.6,0,240000.0,8200.0,1,110.0,0,1,0
29,0,2025.0,292,4,3,1.0,1,0.0,25680.0,2,120.0,0,1,0
35,81,2018.0,387,13,3,2.0,1,81000.0,32000.0,1,110.0,1,1,0
18,82,2025.0,209,4,3,1.3,1,0.0,31120.0,2,170.0,0,0,0
3,125,2018.0,60,4,3,3.0,0,112000.0,64000.0,0,306.0,1,0,0
13,47,2016.0,157,4,3,1.8,1,100000.0,24900.0,0,132.0,0,0,0
28,51,2025.0,276,2,3,1.6,1,0.0,28400.0,2,120.0,1,0,0
36,108,2024.0,414,13,3,2.0,1,0.0,44800.0,0,150.0,0,0,0
29,0,2017.0,293,4,3,1.6,0,77000.0,12600.0,1,120.0,0,1,0
18,42,2020.0,204,4,3,3.6,0,49500.0,63500.0,1,286.0,1,0,0
5,110,2024.0,95,18,3,1.2,1,1000.0,21647.0,2,132.0,1,0,0
5,110,2024.0,95,18,3,1.2,1,1000.0,20800.0,2,132.0,1,0,0
11,100,2024.0,144,18,3,1.8,1,3570.0,42000.0,1,85.0,1,0,0
5,110,2025.0,92,13,3,1.2,1,0.0,23200.0,2,132.0,1,0,0
5,110,2017.0,92,18,3,1.8,1,100000.0,13600.0,0,140.0,1,0,0
4,103,2018.0,71,22,3,1.6,1,74600.0,14800.0,1,127.0,1,1,0
11,34,2017.0,136,18,3,1.5,1,51000.0,15600.0,1,123.0,0,1,0
18,23,2024.0,200,2,3,1.3,1,0.0,31200.0,1,170.0,0,0,0
18,42,2011.0,203,18,3,3.6,1,120000.0,22000.0,1,286.0,1,0,0
11,34,2007.0,132,13,3,1.6,0,216000.0,7360.0,1,110.0,0,1,0
31,13,2018.0,318,13,3,2.0,1,87028.0,17584.0,0,110.0,0,1,0
29,0,2025.0,293,13,3,1.2,1,0.0,30120.0,0,120.0,0,0,0
36,63,2023.0,397,2,3,1.0,1,33000.0,24000.0,1,101.0,0,0,0
4,101,2016.0,65,13,3,1.6,0,122000.0,10080.0,0,125.0,0,1,0
29,0,2021.0,293,13,3,1.6,1,33000.0,19120.0,0,120.0,0,1,0
18,82,2024.0,208,18,3,1.3,1,0.0,29680.0,0,175.0,0,0,0
28,51,2019.0,276,22,3,1.6,0,79000.0,21900.0,0,120.0,1,0,0
18,23,2025.0,200,18,3,1.3,1,0.0,33600.0,2,272.0,0,0,0
11,100,2025.0,144,4,3,1.8,1,0.0,41200.0,0,85.0,1,0,0
31,32,2020.0,327,21,3,1.6,1,129000.0,15600.0,0,110.0,0,1,0
35,25,2025.0,369,4,2,1.8,1,10000.0,37560.0,1,170.0,0,0,0
25,20,2010.0,263,13,3,2.5,0,130000.0,15900.0,0,231.0,1,0,0
28,51,2025.0,275,13,3,1.6,0,500.0,29600.0,1,120.0,0,0,0
11,54,2017.0,142,13,3,2.0,1,89000.0,26000.0,0,143.0,1,0,0
5,110,2025.0,95,13,3,1.2,0,0.0,27440.0,2,132.0,1,0,0
5,110,2025.0,92,4,3,1.2,1,0.0,25521.0,2,132.0,1,0,0
3,125,2010.0,62,4,3,4.4,0,140000.0,53600.0,1,555.0,1,0,0
29,0,2025.0,297,4,3,1.0,1,1111.0,35200.0,0,120.0,0,0,0
35,25,2024.0,371,21,3,2.0,1,9800.0,33520.0,0,170.0,0,0,0
18,23,2025.0,200,18,3,1.3,1,0.0,37048.0,2,272.0,0,0,0
36,97,2025.0,400,21,3,1.0,1,0.0,28720.0,0,110.0,0,0,0
36,63,2025.0,397,2,3,1.0,1,0.0,29360.0,2,101.0,0,0,0
6,11,2019.0,110,2,3,1.6,1,76000.0,18000.0,1,165.0,0,0,0
36,97,2020.0,403,4,3,1.6,1,70796.0,22000.0,1,110.0,0,1,0
31,13,2017.0,318,4,3,2.0,0,75000.0,16000.0,0,110.0,0,1,0
31,32,2013.0,322,13,3,1.6,0,145000.0,11500.0,0,110.0,0,1,0
31,32,2018.0,327,13,3,2.0,1,114000.0,18000.0,0,143.0,1,1,0
11,100,2021.0,144,18,3,1.5,0,54000.0,27999.0,0,85.0,1,0,0
5,35,2019.0,83,4,3,1.5,1,70000.0,24000.0,1,105.0,1,1,0
36,107,2012.0,409,4,3,2.0,0,174000.0,15990.0,0,200.0,1,0,0
29,0,2018.0,293,21,3,1.6,0,111000.0,14640.0,1,120.0,0,1,0
5,111,2025.0,99,18,0,2.8,1,0.0,46160.0,2,200.0,1,0,0
5,110,2016.0,92,2,3,1.8,1,110000.0,14800.0,0,140.0,1,0,0
14,113,2016.0,174,4,3,2.0,1,109000.0,20400.0,1,154.0,0,1,0
31,32,2017.0,327,22,3,1.6,1,98000.0,7760.0,0,110.0,0,1,0
5,111,2025.0,99,21,0,2.8,1,0.0,47200.0,2,200.0,1,0,0
18,23,2023.0,200,4,3,1.3,1,0.0,36240.0,0,170.0,0,0,0
11,34,2005.0,132,22,3,1.6,0,230000.0,7120.0,0,110.0,0,1,0
6,11,2019.0,106,4,3,1.6,1,86000.0,15000.0,1,165.0,0,1,0
10,71,2025.0,125,18,3,1.3,0,0.0,23248.0,0,110.0,0,0,0
18,82,2019.0,208,18,3,1.8,1,74000.0,20700.0,0,170.0,0,0,0
14,113,2008.0,179,13,3,2.7,0,260000.0,9000.0,0,154.0,1,0,0
11,34,2013.0,134,13,3,1.6,0,101000.0,13000.0,0,110.0,0,1,0
18,23,2021.0,198,18,3,2.4,1,50000.0,26320.0,1,170.0,1,1,0
36,96,2025.0,398,3,3,1.4,1,0.0,35547.0,2,150.0,0,0,0
35,95,2019.0,393,18,0,2.8,0,32000.0,45900.0,0,204.0,1,0,0
30,14,2012.0,309,18,3,3.6,0,118000.0,40000.0,1,300.0,1,0,0
18,42,2017.0,204,4,3,3.6,0,100000.0,48000.0,0,286.0,1,0,0
36,108,2018.0,414,4,3,1.4,0,135000.0,26500.0,1,150.0,1,0,0
36,63,2025.0,397,29,3,1.0,1,0.0,26520.0,2,101.0,0,0,0
6,11,2024.0,107,13,3,1.6,1,10000.0,25300.0,0,165.0,0,0,0
36,63,2024.0,397,4,3,1.0,1,6000.0,26000.0,0,116.0,0,0,0
18,42,2001.0,203,18,0,3.1,0,268000.0,10500.0,1,286.0,1,1,0
21,92,2012.0,231,21,3,2.0,0,160000.0,14000.0,0,163.0,0,0,0
31,32,2017.0,327,21,3,1.6,1,87000.0,16146.0,0,110.0,0,1,0
18,69,2013.0,207,18,3,2.4,0,168000.0,14800.0,1,170.0,1,0,0
18,23,2022.0,200,4,3,1.3,0,32000.0,39000.0,0,170.0,0,0,0
29,0,2018.0,296,4,3,1.6,1,106000.0,13500.0,1,150.0,1,1,0
28,51,2024.0,277,13,3,1.6,1,4500.0,23600.0,1,120.0,0,1,0
3,117,2012.0,34,2,3,2.0,0,153000.0,19500.0,1,150.0,1,1,0
1,75,2012.0,13,13,3,2.0,0,98000.0,20900.0,1,211.0,1,0,0
31,32,2013.0,322,22,3,1.6,0,134000.0,10400.0,1,110.0,0,1,0
36,96,2024.0,398,21,3,1.4,1,1111.0,31600.0,1,150.0,0,0,0
8,50,2010.0,113,18,3,2.7,1,100000.0,12000.0,1,170.0,1,0,0
35,95,2012.0,391,26,0,3.0,1,175000.0,38500.0,1,171.0,1,1,0
18,82,2025.0,210,4,3,1.8,1,0.0,24312.0,0,170.0,0,0,0
11,34,2015.0,130,4,3,2.0,0,120000.0,14000.0,0,143.0,1,1,0
36,97,2025.0,400,4,3,1.0,1,0.0,30960.0,2,110.0,0,0,0
14,113,2018.0,180,2,3,2.0,1,105000.0,27000.0,1,154.0,0,0,0
0,94,2024.0,1,18,3,3.0,0,0.0,230000.0,0,510.0,0,0,0
14,113,2025.0,184,13,3,1.6,1,0.0,58000.0,0,154.0,1,0,0
36,108,2018.0,414,13,3,2.0,0,83000.0,29600.0,2,150.0,1,0,0
5,110,2025.0,94,18,3,1.2,1,0.0,27480.0,2,132.0,1,0,0
11,34,2016.0,136,4,3,1.6,0,160000.0,13200.0,0,110.0,0,1,0
18,23,2025.0,200,4,3,1.3,1,0.0,39920.0,2,272.0,0,0,0
31,32,2015.0,327,13,3,1.6,1,63800.0,14142.0,1,110.0,0,1,0
18,23,2025.0,200,13,3,1.3,1,0.0,37520.0,2,272.0,0,0,0
2,124,2018.0,23,4,3,1.5,1,116000.0,19920.0,0,185.0,0,0,0
1,73,2013.0,8,17,3,2.0,1,160000.0,20000.0,0,170.0,1,1,0
35,46,2025.0,375,18,0,2.8,1,0.0,55811.0,2,177.0,1,0,0
18,23,2020.0,198,13,0,2.0,1,60000.0,35900.0,0,272.0,1,1,0
5,110,2014.0,92,4,3,1.8,0,181000.0,15040.0,0,140.0,1,0,0
36,96,2024.0,398,4,3,1.4,1,0.0,29536.0,2,150.0,0,0,0
18,82,2024.0,209,13,3,1.3,1,1500.0,29512.0,2,175.0,0,0,0
11,34,2018.0,133,4,3,1.5,0,80000.0,17000.0,0,123.0,0,1,0
31,32,2017.0,327,4,3,1.6,1,150000.0,13600.0,1,110.0,0,1,0
10,71,2025.0,125,13,3,1.3,0,500.0,21200.0,0,110.0,0,1,0
35,25,2025.0,369,2,2,1.8,1,2025.0,41000.0,2,170.0,0,0,0
11,34,2014.0,130,13,3,1.6,0,140000.0,14319.0,0,110.0,0,1,0
4,105,2017.0,74,26,3,2.0,1,98000.0,14000.0,1,110.0,0,1,0
31,32,2014.0,322,13,3,1.6,0,100000.0,10400.0,1,110.0,0,1,0
6,10,2025.0,103,18,3,1.0,1,0.0,24480.0,0,120.0,0,0,0
11,34,2020.0,134,2,3,1.5,0,70796.0,17600.0,0,123.0,0,1,0
28,51,2021.0,276,13,3,1.6,1,40000.0,24800.0,0,120.0,1,0,0
29,0,2018.0,296,4,3,1.6,1,87028.0,17900.0,0,150.0,1,1,0
36,96,2025.0,398,5,3,1.4,1,0.0,35560.0,2,150.0,0,0,0
11,34,2017.0,134,13,3,1.6,0,108000.0,13600.0,0,110.0,0,1,0
29,1,2019.0,303,13,0,2.0,1,124000.0,26800.0,1,165.0,1,0,0
28,51,2022.0,275,22,3,1.6,1,55000.0,24400.0,0,120.0,0,0,0
11,34,2010.0,132,18,3,1.6,0,135800.0,8000.0,0,110.0,0,1,0
18,82,2017.0,210,4,3,1.8,1,145000.0,14400.0,1,170.0,0,1,0
31,13,2021.0,318,21,3,2.0,1,80000.0,21000.0,1,110.0,1,1,0
18,82,2019.0,210,18,3,1.8,0,87000.0,19000.0,0,170.0,0,0,0
18,23,2025.0,200,4,3,1.3,1,0.0,26720.0,2,272.0,0,0,0
11,8,2025.0,129,26,3,1.5,1,0.0,39938.0,2,110.0,1,0,0
35,95,2024.0,393,18,0,2.8,0,500.0,99500.0,0,204.0,1,0,0
29,0,2017.0,299,4,3,1.6,1,98400.0,11600.0,1,120.0,0,1,0
35,25,2025.0,371,4,3,2.0,1,0.0,31120.0,0,170.0,0,0,0
5,110,2016.0,92,2,3,1.8,1,93000.0,15120.0,0,140.0,0,1,0
36,97,2025.0,400,21,3,1.0,1,0.0,30640.0,0,110.0,0,0,0
31,32,2016.0,327,13,3,2.0,1,140000.0,15000.0,1,143.0,0,1,0
21,89,2016.0,226,4,0,2.2,1,112000.0,22800.0,1,132.0,0,0,0
36,63,2021.0,397,4,3,1.0,1,118000.0,18000.0,1,101.0,0,0,0
36,107,2011.0,409,21,3,2.0,0,200000.0,12500.0,1,200.0,1,1,0
32,60,1996.0,346,18,0,2.9,0,305000.0,4500.0,1,110.0,0,1,0
36,96,2024.0,398,18,3,1.4,1,0.0,38400.0,0,150.0,0,0,0
28,51,2023.0,277,4,3,1.6,0,29000.0,22160.0,0,120.0,0,1,0
11,34,2013.0,130,4,3,1.6,0,76800.0,13500.0,1,110.0,0,1,0
31,13,2018.0,318,4,3,1.6,1,53000.0,21000.0,0,110.0,0,0,0
11,100,2025.0,144,4,3,1.8,1,0.0,37240.0,2,85.0,1,0,0
28,51,2021.0,275,21,3,1.6,1,55000.0,25499.0,1,120.0,0,0,0
11,34,2016.0,134,4,0,1.5,0,113000.0,10392.0,1,90.0,0,1,0
11,34,2014.0,136,22,3,2.0,0,116800.0,13040.0,1,143.0,0,1,0
5,110,2018.0,92,13,3,1.8,0,124000.0,15200.0,1,140.0,1,1,0
35,95,2022.0,393,13,0,2.8,1,57500.0,54999.0,2,177.0,1,0,0
14,86,2008.0,171,13,3,2.7,0,223000.0,11300.0,0,110.0,1,1,0
37,128,2019.0,420,15,3,2.5,0,100000.0,39900.0,0,304.0,1,0,0
28,51,2019.0,275,21,3,1.6,1,93000.0,18000.0,1,120.0,0,0,0
22,36,2014.0,239,13,0,2.2,1,135000.0,41999.0,0,190.0,0,0,0
28,51,2025.0,277,13,3,1.6,1,0.0,23120.0,2,120.0,0,1,0
1,75,2019.0,13,2,3,3.0,0,125823.0,39200.0,0,272.0,1,0,0
29,0,2022.0,296,13,3,1.6,1,21000.0,11200.0,1,150.0,1,1,0
1,72,2025.0,5,4,3,1.5,0,0.0,50700.0,0,150.0,1,0,0
31,32,2015.0,322,18,3,1.6,0,152000.0,9200.0,1,110.0,0,1,0
31,13,2017.0,320,13,3,2.0,0,60000.0,15800.0,0,110.0,0,1,0
5,110,2021.0,92,22,3,1.2,1,59050.0,18000.0,0,132.0,1,0,0
28,51,2018.0,276,13,3,1.6,1,89000.0,20000.0,1,120.0,1,0,0
11,100,2021.0,145,4,3,1.5,1,39684.0,26400.0,2,143.0,1,0,0
31,32,2018.0,327,13,3,1.6,1,90000.0,14900.0,2,110.0,0,1,0
1,75,2020.0,13,2,3,2.0,0,30000.0,63000.0,0,225.0,1,0,0
4,101,2014.0,65,13,3,2.0,0,119000.0,9290.0,0,138.0,0,1,0
18,116,2019.0,216,2,3,3.6,1,32000.0,75999.0,0,284.0,1,0,0
5,110,2020.0,95,18,3,1.2,1,80000.0,17157.0,0,132.0,1,1,0
31,32,2016.0,327,21,3,1.6,1,126000.0,13280.0,0,110.0,0,1,0
11,34,2015.0,136,22,3,2.0,0,168787.0,12400.0,0,143.0,0,1,0
28,51,2018.0,276,21,3,1.6,1,65000.0,22000.0,0,120.0,1,0,0
35,25,2025.0,371,13,3,2.0,1,0.0,30260.0,2,170.0,0,0,0
28,51,2021.0,276,22,3,1.6,1,52000.0,26500.0,0,120.0,1,0,0
11,34,2013.0,133,21,3,1.6,0,174000.0,10800.0,0,110.0,0,1,0
18,23,2023.0,200,13,2,1.3,0,11038.0,28208.0,2,170.0,0,0,0
36,63,2025.0,397,13,3,1.0,1,0.0,27200.0,2,101.0,0,0,0
1,73,2021.0,8,4,3,1.4,0,90000.0,39900.0,0,150.0,1,0,0
29,0,2025.0,297,13,3,1.0,1,0.0,30800.0,2,120.0,0,0,0
4,101,2013.0,65,18,3,2.0,0,140000.0,9520.0,1,138.0,0,1,0
36,97,2021.0,403,18,3,1.6,0,71000.0,19600.0,0,110.0,0,1,0
5,110,2024.0,92,13,3,1.2,0,1000.0,27440.0,2,132.0,1,0,0
35,46,2021.0,375,13,0,2.8,1,110000.0,44000.0,0,177.0,1,0,0
18,23,2025.0,200,4,3,1.3,1,5000.0,38800.0,1,272.0,0,0,0
27,66,2025.0,274,4,3,2.5,1,0.0,53200.0,2,184.0,1,0,0
18,69,2012.0,207,18,3,2.4,0,167000.0,12690.0,0,170.0,1,0,0
11,34,2013.0,134,18,3,2.0,0,125000.0,12600.0,0,143.0,0,1,0
11,34,2011.0,132,18,0,1.4,0,145400.0,9500.0,1,123.0,0,1,0
31,32,2012.0,324,18,3,1.6,0,159500.0,12390.0,0,110.0,0,1,0
5,110,2017.0,92,22,3,1.8,1,95000.0,7920.0,0,140.0,1,0,0
35,46,2025.0,376,4,0,2.8,0,1111.0,68000.0,0,177.0,1,0,0
18,23,2025.0,200,4,3,1.3,1,0.0,31352.0,2,272.0,0,0,0
5,110,2020.0,95,4,3,1.2,1,65000.0,20400.0,0,132.0,1,0,0
28,51,2019.0,275,4,3,1.6,1,74000.0,20720.0,0,120.0,0,0,0
6,11,2019.0,110,21,3,1.6,1,142000.0,16500.0,0,165.0,0,1,0
5,110,2024.0,95,18,3,1.2,1,1000.0,22246.0,2,132.0,1,0,0
35,25,2022.0,369,18,2,1.8,1,70000.0,27200.0,0,170.0,0,0,0
11,34,2020.0,130,4,3,1.5,1,53565.0,18800.0,1,123.0,1,1,0
11,34,2011.0,132,5,3,1.6,0,184000.0,9200.0,0,110.0,0,1,0
14,113,2008.0,178,18,0,2.0,1,192000.0,10500.0,1,154.0,0,0,0
25,18,2018.0,261,4,3,3.0,0,100000.0,95000.0,2,367.0,1,0,0
31,32,2025.0,329,13,3,1.3,1,0.0,24792.0,2,155.0,1,1,0
31,13,2018.0,320,4,3,2.0,0,57000.0,14800.0,0,110.0,0,1,0
10,71,2025.0,125,4,3,1.3,0,0.0,22640.0,0,110.0,0,0,0
34,44,2008.0,350,21,0,2.0,1,214000.0,14800.0,1,170.0,1,1,0
10,71,2025.0,125,22,3,1.3,0,0.0,9300.0,0,110.0,0,0,0
13,27,2010.0,154,13,3,2.4,0,275000.0,11500.0,1,185.0,0,0,0
31,32,2018.0,327,18,3,2.0,1,96000.0,16224.0,0,143.0,0,1,0
10,71,2025.0,125,13,3,1.3,0,0.0,26379.0,0,110.0,0,0,0
18,82,2025.0,208,13,3,1.3,1,0.0,29600.0,2,170.0,0,0,0
35,25,2022.0,370,13,3,2.0,0,57000.0,31700.0,0,170.0,0,0,0
11,34,2014.0,133,22,3,1.6,0,138000.0,11040.0,1,110.0,0,1,0
34,115,1998.0,362,2,0,2.0,0,315000.0,5520.0,1,120.0,1,1,1
31,13,2018.0,318,22,3,2.0,1,76000.0,16800.0,0,110.0,0,1,0
18,82,2021.0,208,13,3,1.8,1,75000.0,21360.0,0,170.0,0,0,0
4,101,2011.0,65,13,3,2.0,0,120000.0,9520.0,2,127.0,0,1,0
18,23,2020.0,199,13,3,2.4,1,93000.0,23600.0,2,170.0,0,0,0
36,96,2025.0,398,13,3,1.4,1,0.0,29680.0,0,150.0,0,0,0
36,96,2025.0,398,3,3,1.4,1,0.0,29520.0,2,150.0,0,0,0
36,97,2025.0,400,13,3,1.0,1,0.0,28240.0,2,110.0,0,0,0
35,95,2024.0,389,4,0,2.8,0,0.0,55920.0,1,204.0,1,0,0
25,18,2021.0,258,13,3,2.0,0,42000.0,120000.0,0,367.0,1,0,0
29,0,2025.0,297,18,3,1.0,1,0.0,31760.0,0,120.0,0,0,0
5,110,2017.0,92,4,3,1.8,1,120000.0,19200.0,1,140.0,1,0,0
35,46,2001.0,377,5,0,3.0,0,246000.0,15800.0,0,171.0,1,1,0
6,10,2025.0,103,4,3,1.0,1,0.0,24400.0,2,120.0,0,0,0
2,121,2018.0,21,22,3,1.5,1,86500.0,16500.0,1,148.0,1,1,0
29,0,2025.0,292,13,3,1.0,1,0.0,25282.0,0,120.0,0,1,0
3,120,2017.0,41,18,3,2.0,0,98000.0,50000.0,2,245.0,1,1,0
36,96,2024.0,398,5,3,1.4,1,0.0,28560.0,1,150.0,0,0,0
35,46,2006.0,374,13,0,3.0,1,320000.0,17600.0,1,171.0,1,0,0
18,82,2021.0,208,13,3,1.8,1,17200.0,24000.0,1,170.0,0,0,0
14,113,2012.0,178,13,3,2.0,0,210000.0,12800.0,1,154.0,0,1,0
5,110,2024.0,92,4,3,1.2,0,1000.0,24000.0,2,132.0,1,0,0
36,108,2020.0,414,13,3,1.4,0,60000.0,28400.0,0,150.0,0,0,0
31,32,2014.0,330,21,3,2.0,0,159500.0,13200.0,1,138.0,1,1,0
18,82,2020.0,208,18,3,1.8,1,84000.0,22000.0,0,170.0,0,0,0
11,34,2018.0,134,15,3,1.5,0,95000.0,14800.0,0,123.0,0,1,0
31,13,2019.0,318,22,3,1.6,1,66000.0,20400.0,0,110.0,0,0,0
31,32,2015.0,327,18,3,1.6,1,84000.0,14000.0,0,110.0,0,1,0
25,18,2018.0,258,21,3,2.0,1,82947.0,48900.0,0,367.0,1,0,0
36,107,2009.0,409,13,3,2.0,0,191000.0,11000.0,1,200.0,1,1,0
10,71,2024.0,125,21,3,1.3,1,0.0,20960.0,2,110.0,0,0,0
18,23,2021.0,197,4,3,2.4,1,92000.0,29500.0,0,170.0,1,1,0
31,32,2014.0,322,4,3,1.6,1,138000.0,12000.0,1,110.0,0,1,0
14,26,2018.0,163,13,3,1.6,0,91000.0,20000.0,0,115.0,0,0,0
37,128,2014.0,421,18,3,3.0,0,90000.0,24500.0,0,304.0,1,0,0
10,71,2025.0,125,13,3,1.3,0,500.0,11200.0,0,110.0,0,1,0
6,12,2023.0,111,18,3,1.6,1,20000.0,36500.0,0,110.0,0,0,0
28,51,2021.0,277,4,3,1.6,0,67000.0,19120.0,2,120.0,0,1,0
29,1,2020.0,303,4,3,2.0,1,63000.0,34000.0,1,165.0,1,0,0
28,130,2008.0,289,15,3,2.5,1,230000.0,11200.0,1,110.0,1,0,0
28,51,2024.0,276,13,3,1.6,1,4700.0,28800.0,1,120.0,1,0,0
36,97,2021.0,403,4,3,1.6,0,120000.0,19120.0,0,110.0,0,1,0
14,113,2014.0,178,21,3,2.0,0,129500.0,16000.0,1,154.0,0,0,0
5,110,2015.0,92,22,3,1.8,1,138000.0,13900.0,0,140.0,1,0,0
3,117,2011.0,34,18,0,2.0,0,184000.0,15500.0,0,177.0,1,1,0
18,22,2024.0,195,2,3,1.3,0,0.0,40400.0,0,272.0,1,0,0
31,32,2025.0,329,21,3,1.3,1,0.0,25520.0,0,155.0,1,0,0
18,82,2018.0,208,18,3,1.8,1,64000.0,21900.0,1,170.0,0,0,0
36,107,2014.0,409,4,3,2.0,0,152000.0,17520.0,1,200.0,1,0,0
31,32,2023.0,327,4,3,1.6,0,10500.0,22000.0,1,110.0,0,1,0
22,80,2017.0,247,13,0,3.0,0,140000.0,69000.0,0,110.0,0,0,0
18,82,2024.0,209,4,3,1.3,1,0.0,30399.0,0,175.0,0,0,0
36,108,2019.0,414,4,3,1.4,0,71600.0,27000.0,1,150.0,0,0,0
6,10,2024.0,103,18,3,1.6,1,0.0,22320.0,2,120.0,0,1,0
14,113,2013.0,178,21,3,2.0,1,157000.0,16500.0,1,154.0,1,0,0
36,63,2024.0,397,13,3,1.0,1,0.0,20792.0,2,116.0,0,0,0
14,86,2011.0,171,13,3,2.4,0,160000.0,10900.0,1,110.0,1,0,0
11,34,2020.0,134,4,3,1.5,0,99000.0,18400.0,2,123.0,0,1,0
13,47,2016.0,157,13,3,1.8,1,146000.0,20000.0,1,132.0,0,0,0
1,75,2014.0,13,18,3,2.0,0,185000.0,21600.0,2,225.0,1,0,0
14,26,2025.0,164,13,3,1.5,1,0.0,35000.0,0,115.0,0,0,0
8,50,2017.0,115,13,3,2.4,1,97300.0,19592.0,2,170.0,1,1,0
35,25,2022.0,370,13,3,2.0,0,90000.0,31120.0,0,170.0,0,0,0
29,0,2021.0,296,4,3,1.6,0,68000.0,18600.0,0,150.0,1,1,0
35,25,2023.0,369,4,3,2.0,1,31000.0,30360.0,0,170.0,0,0,0
5,110,2020.0,95,4,3,1.2,1,105000.0,19600.0,1,132.0,1,0,0
13,47,2015.0,158,21,3,1.8,1,125000.0,18500.0,0,185.0,0,0,0
1,77,2013.0,16,13,3,3.0,0,144000.0,28500.0,1,333.0,1,0,0
13,47,2019.0,157,2,3,1.8,1,115000.0,22900.0,0,154.0,0,0,0
18,82,2025.0,209,18,3,1.3,1,0.0,31920.0,0,170.0,0,0,0
36,97,2020.0,400,4,3,1.6,0,74000.0,25500.0,1,110.0,0,0,0
6,11,2018.0,110,2,3,1.2,0,59000.0,14868.0,0,165.0,0,0,0
35,95,2025.0,389,4,0,2.8,0,1111.0,64800.0,1,204.0,1,0,0
6,10,2024.0,103,4,3,1.0,1,4000.0,21600.0,1,120.0,0,0,0
3,123,2008.0,58,18,0,3.0,0,170000.0,25000.0,1,306.0,1,1,0
5,111,2025.0,96,18,0,2.8,0,0.0,48948.0,2,200.0,1,0,0
11,34,2018.0,133,4,3,1.5,0,63700.0,15600.0,0,123.0,0,1,0
29,0,2025.0,292,13,3,1.0,1,0.0,20772.0,2,120.0,0,1,0
5,110,2021.0,95,22,3,1.2,1,62000.0,17200.0,2,132.0,1,0,0
31,33,2019.0,333,2,3,2.0,0,79000.0,16400.0,1,110.0,0,1,0
1,74,2025.0,9,13,3,2.0,0,1000.0,79500.0,1,190.0,1,0,0
31,13,2020.0,318,22,3,1.6,1,100000.0,18800.0,0,110.0,0,0,0
14,113,2013.0,178,4,3,2.0,0,164140.0,16000.0,1,154.0,1,1,0
1,72,2025.0,5,2,3,1.5,0,0.0,55000.0,2,150.0,1,0,0
1,75,2012.0,13,4,3,2.0,0,180000.0,17600.0,0,211.0,1,1,0
5,111,2020.0,98,21,0,2.8,1,55000.0,34800.0,0,200.0,1,0,0
31,32,2017.0,327,13,3,1.6,1,110000.0,16000.0,1,110.0,0,1,0
28,51,2018.0,275,4,3,1.6,1,87028.0,18000.0,1,120.0,0,0,0
28,51,2021.0,276,5,3,1.6,0,80000.0,24400.0,0,120.0,1,0,0
36,97,2021.0,402,13,3,1.6,1,59990.0,21592.0,1,116.0,0,0,0
5,110,2024.0,92,2,3,1.2,0,0.0,23912.0,2,132.0,1,0,0
29,0,2018.0,293,13,3,1.6,0,87028.0,19000.0,1,120.0,0,1,0
1,72,2021.0,5,1,3,1.4,0,110000.0,33000.0,0,150.0,1,0,0
35,25,2025.0,369,13,2,1.8,0,0.0,39760.0,0,170.0,0,0,0
3,117,2024.0,34,4,3,2.0,0,0.0,62900.0,2,192.0,1,1,0
3,125,2018.0,60,13,3,3.0,0,87028.0,88900.0,1,306.0,1,0,0
31,52,2018.0,335,4,3,2.5,1,116000.0,25600.0,1,211.0,1,0,0
11,34,2018.0,134,18,0,1.5,0,87028.0,20000.0,1,100.0,0,1,0
5,110,2016.0,92,21,3,1.8,0,80000.0,13600.0,0,140.0,0,1,0
36,63,2025.0,397,13,3,1.0,1,1000.0,26400.0,1,101.0,0,0,0
2,124,2025.0,26,18,3,1.5,1,0.0,45700.0,2,185.0,0,0,0
18,15,2013.0,193,18,3,3.7,0,150000.0,33000.0,1,205.0,0,0,0
36,96,2025.0,398,21,3,1.4,1,0.0,35600.0,2,150.0,0,0,0
29,0,2025.0,293,4,3,1.0,1,0.0,27920.0,2,120.0,0,0,0
36,63,2022.0,397,18,3,1.0,1,70000.0,23000.0,1,101.0,0,1,0
18,82,2025.0,208,13,3,1.3,1,0.0,30800.0,0,170.0,0,0,0
35,81,2018.0,387,4,3,2.5,1,47000.0,36000.0,1,110.0,1,1,0
11,34,2018.0,134,2,4,1.5,0,105005.0,16400.0,0,123.0,0,1,0
18,23,2020.0,199,21,3,2.4,1,76000.0,23840.0,0,170.0,0,1,0
5,110,2018.0,92,22,3,1.8,1,74500.0,15600.0,1,140.0,1,1,0
11,8,2021.0,129,13,3,1.5,1,61000.0,31900.0,1,110.0,1,0,0
36,97,2025.0,400,13,3,1.0,1,0.0,25000.0,2,110.0,0,0,0
36,107,2025.0,409,21,3,2.0,1,0.0,46400.0,2,200.0,1,1,0
18,23,2020.0,199,18,3,2.4,1,53000.0,25000.0,1,170.0,0,1,0
29,0,2018.0,299,13,3,1.6,1,110000.0,14800.0,1,120.0,0,1,0
5,110,2024.0,95,13,3,1.2,1,0.0,25856.0,0,132.0,1,0,0
36,107,2024.0,409,4,3,2.0,0,0.0,62320.0,0,200.0,1,0,0
13,47,2021.0,157,2,3,1.8,1,54000.0,26400.0,0,185.0,0,0,0
31,32,2017.0,327,13,3,1.6,1,119000.0,15200.0,1,110.0,0,1,0
31,32,2018.0,327,15,3,1.6,1,90000.0,17440.0,0,110.0,0,1,0
31,32,2025.0,329,13,3,1.3,1,0.0,16671.0,0,155.0,1,1,0
35,46,2021.0,375,15,0,2.8,1,59050.0,49999.0,0,177.0,1,0,0
36,63,2025.0,397,2,3,1.0,1,0.0,27192.0,2,101.0,0,0,0
36,96,2022.0,399,13,3,1.4,1,43000.0,36000.0,1,150.0,0,0,0
35,81,2013.0,387,18,3,2.0,0,218000.0,15920.0,2,110.0,0,1,0
18,82,2017.0,210,22,3,1.8,1,114000.0,16000.0,1,170.0,0,1,0
5,110,2021.0,92,4,3,1.2,1,75000.0,23900.0,0,132.0,1,0,0
18,42,2024.0,203,18,3,3.6,0,0.0,110000.0,1,293.0,1,0,0
29,0,2017.0,296,21,3,1.6,1,95000.0,13600.0,0,150.0,1,1,0
11,34,2013.0,136,13,3,1.6,0,97000.0,13000.0,1,110.0,0,1,0
18,116,2025.0,216,18,3,2.0,1,0.0,114900.0,0,272.0,1,0,0
36,108,2025.0,413,13,3,2.0,1,0.0,46400.0,2,150.0,1,0,0
14,113,2017.0,173,13,3,2.0,1,78120.0,20400.0,0,154.0,0,1,0
19,126,2024.0,219,13,3,1.5,1,5200.0,39500.0,0,257.0,1,0,0
11,34,2014.0,134,5,3,1.6,0,147000.0,11184.0,0,110.0,0,1,0
35,46,2016.0,375,13,0,2.8,1,109000.0,38000.0,1,177.0,1,1,0
14,113,2010.0,178,18,0,2.0,0,141000.0,12500.0,1,154.0,1,1,0
6,11,2022.0,106,18,3,1.6,1,30000.0,19840.0,0,165.0,0,0,0
6,11,2021.0,106,4,3,1.6,0,95000.0,16800.0,0,165.0,0,0,0
36,97,2025.0,400,2,3,1.0,1,0.0,32800.0,2,110.0,0,0,0
31,33,2016.0,333,18,3,1.6,0,105000.0,14320.0,2,110.0,0,1,0
3,117,2018.0,34,13,3,2.0,1,86000.0,37000.0,0,192.0,1,1,0
35,25,2022.0,369,13,3,2.0,1,59000.0,28720.0,1,170.0,0,0,0
10,71,2025.0,124,13,3,1.0,1,0.0,24000.0,0,110.0,0,0,0
13,27,2006.0,154,13,3,2.4,0,227000.0,9300.0,1,185.0,1,1,0
31,32,2015.0,327,18,3,1.6,1,152000.0,12400.0,1,110.0,0,1,0
29,0,2025.0,292,4,3,1.0,1,1500.0,26000.0,1,120.0,0,1,0
25,17,2016.0,255,21,3,1.6,0,76000.0,28000.0,1,156.0,1,0,0
36,97,2019.0,400,17,3,1.6,0,107000.0,22000.0,0,110.0,0,0,0
35,46,2019.0,375,15,0,2.8,1,37500.0,39600.0,0,177.0,1,0,0
5,110,2020.0,95,13,3,1.2,1,70796.0,26000.0,1,132.0,1,0,0
35,25,2021.0,370,4,3,2.0,1,85000.0,30400.0,1,170.0,0,0,0
36,107,2010.0,409,8,3,2.0,0,132000.0,13500.0,0,200.0,1,1,0
18,23,2024.0,197,13,3,1.3,0,0.0,31600.0,2,170.0,0,0,0
5,110,2023.0,95,4,3,1.2,0,36000.0,23120.0,0,132.0,1,0,0
35,95,2017.0,393,18,0,2.8,1,120000.0,37500.0,1,204.0,1,0,0
30,56,2016.0,311,4,3,2.0,0,64000.0,89000.0,0,252.0,1,1,0
3,117,2013.0,34,4,3,2.0,0,96500.0,22500.0,1,184.0,1,1,0
11,34,2005.0,132,18,3,1.6,0,289600.0,4960.0,1,110.0,0,1,0
6,11,2020.0,110,22,3,1.6,1,72000.0,16500.0,0,165.0,0,0,0
28,130,2019.0,289,18,3,2.5,1,90000.0,27700.0,1,110.0,1,0,0
18,23,2018.0,198,18,3,2.4,1,87028.0,21500.0,0,170.0,1,1,0
11,34,2018.0,133,21,3,1.5,0,114560.0,12720.0,2,123.0,0,1,0
31,32,2018.0,327,13,3,1.6,1,138000.0,15040.0,0,110.0,0,1,0
6,11,2020.0,110,4,3,1.6,1,88000.0,19040.0,0,165.0,0,0,0
1,72,2018.0,5,4,3,1.4,0,60340.0,27920.0,2,150.0,1,0,0
5,110,2025.0,95,22,3,1.2,0,0.0,23922.0,0,132.0,1,1,0
5,110,2016.0,92,4,3,1.8,1,90000.0,16300.0,1,140.0,1,0,0
36,63,2024.0,397,4,3,1.0,1,0.0,21520.0,2,116.0,0,0,0
35,46,2019.0,375,4,0,2.8,1,85000.0,43000.0,1,177.0,1,0,0
35,25,2025.0,369,18,2,1.8,1,0.0,43500.0,0,170.0,0,0,0
28,51,2017.0,276,2,3,1.6,1,134000.0,20000.0,0,120.0,1,0,0
3,125,2016.0,60,13,3,3.0,1,62000.0,79900.0,1,306.0,1,0,0
4,101,2013.0,65,13,3,2.0,0,120000.0,9840.0,1,127.0,0,1,0
3,125,2017.0,60,18,3,3.0,0,95000.0,63000.0,0,306.0,1,0,0
14,113,2016.0,178,4,3,2.0,1,68000.0,22400.0,0,154.0,0,0,0
11,34,2013.0,133,18,3,1.6,0,119000.0,10900.0,2,110.0,0,1,0
5,110,2017.0,92,13,3,1.8,1,114000.0,16800.0,1,140.0,1,1,0
36,96,2025.0,398,21,3,1.4,1,0.0,35800.0,2,150.0,0,0,0
11,34,2012.0,132,13,3,2.0,0,180000.0,10500.0,0,143.0,0,1,0
10,71,2024.0,126,13,3,1.0,1,0.0,24160.0,2,110.0,0,0,0
18,82,2022.0,210,4,3,1.8,1,16000.0,22800.0,0,170.0,0,1,0
36,107,2013.0,409,5,3,2.0,0,143000.0,17520.0,0,200.0,1,1,0
5,110,2015.0,92,18,3,1.8,1,92000.0,11920.0,1,140.0,0,1,0
29,0,2022.0,296,13,3,1.6,1,85000.0,20720.0,0,150.0,1,0,0
18,42,2020.0,204,18,3,3.6,0,80000.0,70000.0,1,286.0,1,0,0
3,117,2022.0,34,4,3,2.0,1,34000.0,46000.0,1,192.0,1,1,0
14,113,2024.0,176,13,3,2.0,1,0.0,48000.0,0,154.0,0,0,0
36,97,2020.0,403,13,3,1.6,1,99864.0,19840.0,2,110.0,0,1,0
13,27,2009.0,154,15,3,2.4,0,125000.0,12500.0,0,185.0,0,0,0
5,110,2014.0,92,13,3,1.8,0,120000.0,11920.0,0,140.0,0,1,0
4,101,2015.0,65,26,3,2.0,1,164000.0,11600.0,0,138.0,0,1,0
11,34,2022.0,134,13,3,1.5,0,8000.0,20000.0,0,123.0,0,1,0
11,34,2017.0,133,3,3,1.6,0,52000.0,15500.0,0,110.0,0,1,0
5,110,2025.0,95,21,3,1.2,0,0.0,20800.0,2,132.0,1,1,0
14,113,2017.0,180,18,3,2.0,1,103000.0,21760.0,0,154.0,0,0,0
31,33,2016.0,332,13,3,1.6,0,70000.0,14400.0,0,110.0,0,1,0
9,31,2022.0,119,13,2,1.6,1,30000.0,52500.0,1,300.0,1,0,0
5,110,2025.0,95,13,3,1.2,0,0.0,21440.0,2,132.0,1,0,0
11,100,2024.0,144,18,3,1.8,1,0.0,36000.0,1,85.0,1,0,0
18,23,2019.0,200,18,3,2.4,0,86000.0,28900.0,0,170.0,0,0,0
4,103,2017.0,70,22,3,1.6,1,61792.0,14400.0,0,110.0,0,1,0
29,0,2017.0,293,13,3,1.6,0,79000.0,11600.0,0,120.0,0,1,0
18,23,2025.0,200,4,3,1.3,1,0.0,30400.0,2,272.0,0,0,0
5,110,2016.0,92,2,3,1.8,1,57726.0,17200.0,1,140.0,1,0,0
36,107,2013.0,409,4,3,2.0,0,180000.0,17000.0,1,200.0,1,1,0
21,90,2015.0,228,13,3,1.6,0,86000.0,16500.0,1,132.0,0,0,0
29,0,2025.0,293,2,3,1.0,1,0.0,29344.0,0,120.0,0,0,0
30,56,2025.0,315,4,1,2.0,1,0.0,234000.0,2,265.0,1,1,0
6,11,2021.0,106,13,3,1.6,1,41000.0,17520.0,1,165.0,0,1,0
31,32,2025.0,329,13,3,1.3,1,0.0,24544.0,2,155.0,1,0,0
11,34,2018.0,136,21,3,2.0,1,117000.0,18320.0,0,170.0,0,1,0
35,46,2008.0,374,21,0,3.0,1,193000.0,21500.0,1,171.0,1,0,0
36,96,2025.0,398,13,3,1.4,1,0.0,29600.0,0,150.0,0,0,0
5,110,2023.0,92,18,3,1.2,1,18904.0,22960.0,2,132.0,1,0,0
11,34,2023.0,136,4,3,1.5,1,26000.0,24000.0,1,123.0,0,1,0
5,110,2017.0,92,22,3,1.8,1,85000.0,14400.0,1,140.0,0,1,0
18,23,2018.0,197,13,0,2.4,0,138000.0,23120.0,2,170.0,1,1,0
11,34,2016.0,130,4,3,1.6,0,119928.0,14400.0,0,110.0,0,1,0
11,34,2021.0,134,2,3,1.5,1,56000.0,16000.0,0,123.0,0,1,0
11,34,2005.0,132,22,4,1.6,0,250000.0,6800.0,0,110.0,0,1,0
36,96,2024.0,398,13,3,1.4,1,0.0,38320.0,0,150.0,0,0,0
28,51,2023.0,277,4,3,1.6,0,24495.0,22400.0,0,120.0,0,1,0
18,82,2018.0,210,22,3,1.8,1,62000.0,18240.0,0,170.0,0,0,0
3,120,2017.0,44,13,3,3.0,0,98000.0,54900.0,0,306.0,1,1,0
37,128,2019.0,420,13,3,2.5,0,86500.0,59000.0,0,304.0,1,0,0
18,82,2021.0,208,13,3,1.8,1,80901.0,23600.0,0,170.0,0,0,0
18,116,2019.0,216,4,3,3.6,1,52000.0,70000.0,0,284.0,1,0,0
3,123,2015.0,54,13,3,3.0,0,118400.0,41000.0,0,306.0,1,1,0
6,11,2025.0,110,4,3,1.6,1,0.0,25200.0,2,165.0,0,0,0
18,23,2021.0,200,4,3,2.4,0,80000.0,27600.0,2,170.0,0,0,0
3,118,2022.0,37,4,3,2.0,0,36000.0,62700.0,1,205.0,1,0,0
11,34,2017.0,133,2,3,1.6,0,99000.0,13520.0,0,110.0,0,1,0
6,11,2024.0,106,18,3,1.6,0,0.0,23200.0,2,165.0,0,1,0
3,117,2012.0,29,4,0,2.0,1,180000.0,15900.0,1,177.0,1,1,0
35,25,2023.0,371,4,3,2.0,1,54000.0,20000.0,0,170.0,0,0,0
36,96,2022.0,398,3,3,1.4,1,40000.0,31000.0,1,150.0,0,0,0
31,32,2018.0,327,22,3,1.6,0,141000.0,15440.0,0,110.0,0,1,0
5,111,2016.0,98,4,0,2.8,1,135000.0,23500.0,1,180.0,1,0,0
13,27,2011.0,154,18,3,2.4,0,224200.0,12900.0,0,185.0,0,0,0
29,1,2022.0,302,13,2,1.6,1,50700.0,49000.0,0,300.0,1,0,0
18,42,2015.0,204,13,3,3.6,1,118400.0,40500.0,1,286.0,1,0,0
35,46,2012.0,374,4,0,3.0,0,195000.0,29000.0,1,171.0,1,1,0
28,51,2021.0,275,5,3,1.6,0,52100.0,20400.0,0,120.0,0,1,0
11,54,2013.0,142,13,3,2.5,0,140000.0,13200.0,0,110.0,1,0,0
18,22,2025.0,195,4,3,1.3,1,0.0,28000.0,2,272.0,0,0,0
21,89,2017.0,226,4,3,2.4,1,117900.0,26320.0,0,154.0,1,1,0
18,23,2025.0,200,18,3,1.3,1,0.0,37992.0,0,272.0,0,0,0
5,110,2017.0,92,13,3,1.8,1,98000.0,12500.0,1,140.0,1,0,0
28,130,2025.0,289,4,3,2.5,1,0.0,50904.0,2,110.0,1,0,0
18,23,2025.0,200,18,3,1.3,1,0.0,36400.0,2,272.0,0,0,0
36,96,2024.0,398,2,3,1.4,1,1111.0,30400.0,1,150.0,0,0,0
18,116,2025.0,216,13,3,2.0,1,0.0,140000.0,0,272.0,1,0,1
28,51,2025.0,275,18,3,1.6,0,0.0,27512.0,2,120.0,0,0,0
35,81,2014.0,382,4,3,2.0,0,140000.0,22000.0,1,200.0,0,0,0
5,44,2001.0,87,26,0,2.0,1,246000.0,18000.0,1,170.0,1,1,0
12,45,2025.0,148,4,3,2.0,1,0.0,36500.0,0,200.0,0,0,1
11,34,2019.0,130,2,3,2.0,0,115000.0,21200.0,0,170.0,1,1,0
35,81,2022.0,387,18,2,2.5,0,27000.0,68880.0,0,110.0,1,0,0
29,0,2018.0,299,4,3,1.6,1,87028.0,15840.0,0,120.0,0,1,0
11,34,2020.0,136,2,2,1.5,0,45542.0,16824.0,2,123.0,0,1,0
5,111,2019.0,98,13,0,2.8,1,70000.0,33600.0,0,200.0,1,0,0
18,82,2025.0,209,21,3,1.3,1,0.0,30800.0,2,170.0,0,0,0
3,122,2016.0,53,2,3,3.0,1,109000.0,37500.0,0,306.0,1,0,0
11,34,2012.0,132,18,3,2.0,0,140000.0,10000.0,0,143.0,0,1,0
36,97,2025.0,400,4,3,1.0,1,0.0,30800.0,2,110.0,0,0,0
10,71,2025.0,125,4,3,1.3,0,0.0,9600.0,2,110.0,0,1,0
31,32,2024.0,329,15,3,1.3,1,0.0,23200.0,2,155.0,1,1,0
29,0,2025.0,292,13,3,1.0,1,3500.0,27900.0,1,120.0,0,1,0
5,110,2017.0,92,13,3,1.8,0,159000.0,13000.0,1,140.0,1,1,0
31,32,2017.0,327,4,3,1.6,1,94000.0,13800.0,0,110.0,0,1,0
3,117,2018.0,34,4,3,1.5,1,145400.0,28900.0,2,192.0,1,1,0
18,42,2016.0,205,18,3,6.4,0,95000.0,78000.0,1,465.0,1,0,0
10,71,2025.0,126,21,3,1.0,0,0.0,25280.0,2,110.0,0,0,0
31,32,2018.0,327,4,3,2.0,1,85000.0,18400.0,1,143.0,1,1,0
31,13,2019.0,320,21,3,2.0,1,91000.0,16900.0,2,110.0,0,1,0
10,71,2022.0,125,4,3,1.3,1,68000.0,19600.0,0,110.0,0,1,0
6,11,2023.0,110,13,3,1.6,0,0.0,25600.0,2,165.0,0,0,0
2,124,2024.0,23,1,3,1.5,1,0.0,34000.0,1,185.0,0,0,0
11,34,2016.0,130,13,3,1.6,0,98507.0,14867.0,0,110.0,0,1,0
25,18,2025.0,261,18,3,2.0,1,0.0,140000.0,0,367.0,1,0,1
36,97,2020.0,403,4,3,1.6,1,70000.0,18600.0,0,110.0,0,1,0
10,71,2024.0,125,22,3,1.3,1,0.0,25641.0,2,110.0,0,0,0
5,110,2017.0,92,4,3,1.8,1,110000.0,17900.0,0,140.0,1,0,0
6,10,2024.0,103,4,3,1.0,1,0.0,23040.0,2,120.0,0,0,0
31,32,2018.0,327,4,3,2.0,1,91000.0,17200.0,0,143.0,0,1,0
25,18,2018.0,258,18,3,2.0,1,110000.0,43000.0,1,367.0,1,0,0
14,113,2012.0,178,18,3,2.0,0,163000.0,12700.0,0,154.0,0,1,0
28,51,2021.0,276,13,3,1.6,1,40000.0,24800.0,0,120.0,1,0,0
14,26,2025.0,162,2,3,1.5,0,0.0,35920.0,0,115.0,0,0,0
18,23,2025.0,200,4,3,1.3,1,0.0,36400.0,2,272.0,0,0,0
25,20,2013.0,263,13,3,3.5,0,150000.0,27000.0,1,247.0,1,0,0
18,82,2018.0,208,2,3,1.8,1,97000.0,18800.0,1,170.0,0,0,0
5,110,2017.0,92,13,3,1.8,1,75000.0,14800.0,1,140.0,1,0,0
6,11,2022.0,106,13,3,1.6,0,58800.0,16400.0,1,165.0,0,0,0
29,0,2020.0,293,4,3,1.6,1,61000.0,15500.0,1,120.0,0,1,0
11,34,2014.0,130,18,3,1.6,0,106000.0,12800.0,0,110.0,0,1,0
11,54,2010.0,142,4,3,2.5,0,128000.0,12500.0,0,123.0,1,0,0
11,34,2018.0,134,4,3,1.5,0,72000.0,17560.0,0,123.0,0,1,0
14,113,2008.0,178,18,0,2.0,0,190000.0,9000.0,1,154.0,1,0,0
29,0,2019.0,295,4,3,1.6,0,109628.0,15920.0,2,120.0,0,1,0
18,23,2024.0,200,13,3,1.3,1,1500.0,31992.0,0,170.0,0,0,0
5,111,2025.0,99,18,0,2.8,1,0.0,46240.0,2,200.0,1,0,0
8,50,2017.0,115,21,3,2.4,1,97000.0,19192.0,2,170.0,1,1,0
4,102,2021.0,68,17,3,1.5,0,49521.0,14820.0,0,127.0,0,1,0
36,107,2018.0,409,18,3,2.0,0,50000.0,34900.0,0,200.0,1,0,0
18,116,2011.0,218,2,3,3.6,1,100000.0,45000.0,0,284.0,1,0,1
11,54,2013.0,143,4,3,2.5,0,90000.0,11200.0,0,180.0,1,1,0
18,82,2025.0,208,13,3,1.3,1,0.0,29520.0,2,170.0,0,0,0
18,23,2023.0,200,18,3,1.3,1,35000.0,35320.0,1,170.0,0,0,0
0,94,2025.0,3,22,3,2.0,1,0.0,86000.0,2,280.0,0,0,0
11,100,2024.0,144,13,3,1.8,1,0.0,38240.0,0,85.0,1,0,0
36,107,2012.0,409,18,3,2.0,0,97000.0,18500.0,0,200.0,1,1,0
14,26,2025.0,164,2,3,1.6,1,0.0,34000.0,0,115.0,0,0,0
6,11,2018.0,110,18,3,1.2,0,76000.0,13600.0,0,165.0,0,0,0
36,96,2025.0,398,13,3,1.4,1,0.0,22000.0,0,150.0,0,0,0
11,34,2017.0,130,4,3,1.6,1,115000.0,14000.0,0,110.0,0,1,0
10,71,2025.0,125,21,3,1.3,0,0.0,19840.0,2,110.0,0,1,0
18,23,2025.0,200,13,3,1.3,1,0.0,31920.0,2,272.0,0,0,0
36,107,2012.0,409,2,3,2.0,0,108000.0,23850.0,1,200.0,1,0,0
29,0,2020.0,293,22,3,1.6,0,68000.0,16160.0,2,120.0,0,1,0
25,17,2017.0,255,21,3,1.6,0,100000.0,30000.0,1,156.0,1,0,0
35,95,2012.0,391,18,0,3.0,0,105000.0,32000.0,1,171.0,1,1,0
31,52,2012.0,339,4,3,2.5,1,155000.0,13500.0,0,138.0,1,0,0
1,75,2009.0,13,13,3,2.0,0,220000.0,16000.0,1,211.0,1,1,0
13,47,2015.0,158,18,3,1.8,1,120000.0,18500.0,1,185.0,0,0,0
6,11,2017.0,110,4,3,1.2,0,106000.0,14000.0,0,165.0,0,0,0
18,15,1998.0,194,26,3,4.0,0,250000.0,13500.0,1,170.0,1,1,0
6,10,2024.0,103,4,3,1.0,1,4000.0,28000.0,1,120.0,0,0,0
31,32,2019.0,327,4,3,2.0,1,78000.0,16792.0,0,143.0,0,1,0
5,110,2023.0,95,4,3,1.2,0,18000.0,26000.0,1,132.0,1,0,0
35,46,2018.0,375,21,0,2.8,1,55000.0,45000.0,0,177.0,1,0,0
36,96,2025.0,398,5,3,1.4,1,0.0,37600.0,0,150.0,0,0,0
5,110,2018.0,92,18,3,1.8,1,80000.0,17592.0,0,140.0,1,1,0
18,23,2019.0,199,13,3,2.4,1,60000.0,24000.0,0,170.0,0,0,0
2,121,2024.0,21,22,3,1.5,1,0.0,27500.0,2,148.0,1,0,0
5,110,2024.0,95,22,3,1.2,1,0.0,22455.0,0,132.0,1,1,0
11,34,2021.0,136,4,3,1.5,0,27000.0,20720.0,0,123.0,0,1,0
13,47,2016.0,157,21,3,1.8,1,173000.0,17500.0,1,132.0,0,0,0
10,71,2025.0,125,4,3,1.3,0,0.0,26557.0,2,110.0,0,0,0
18,42,1999.0,203,18,0,3.1,0,111111.0,6500.0,1,286.0,1,1,0
35,25,2024.0,369,18,2,1.8,1,0.0,35120.0,0,170.0,0,0,0
36,107,2009.0,409,18,3,2.0,0,208700.0,14500.0,1,200.0,1,1,0
11,8,2021.0,129,15,3,1.5,1,20000.0,35500.0,0,110.0,1,0,0
35,95,2025.0,389,18,0,2.8,1,0.0,57245.0,2,204.0,1,0,0
14,113,2018.0,176,4,3,2.0,1,140000.0,21500.0,1,154.0,0,0,0
18,23,2025.0,200,4,3,1.3,1,0.0,37076.0,2,272.0,0,0,0
25,17,2017.0,255,13,3,1.6,0,58000.0,30900.0,0,156.0,1,0,0
35,81,2008.0,382,13,3,2.4,0,218000.0,13300.0,1,257.0,1,0,0
18,23,2025.0,200,4,3,1.3,1,0.0,37520.0,2,272.0,0,0,0
18,82,2018.0,210,13,3,1.8,1,60000.0,21500.0,0,170.0,0,1,0
11,34,2022.0,134,21,3,1.5,0,27000.0,19040.0,0,123.0,0,1,0
18,82,2025.0,209,18,3,1.3,1,0.0,34000.0,0,170.0,0,0,0
18,23,2019.0,198,18,3,2.4,1,97000.0,28500.0,0,170.0,1,0,0
35,25,2021.0,370,13,3,2.0,1,40000.0,27600.0,0,170.0,0,0,0
10,71,2023.0,125,13,3,1.3,1,0.0,23840.0,0,110.0,0,1,0
11,54,2011.0,142,4,3,2.5,0,200000.0,12500.0,1,123.0,1,0,0
1,75,2013.0,13,13,3,2.0,0,195000.0,17600.0,0,180.0,1,1,0
31,33,2018.0,333,4,3,1.6,0,105000.0,18799.0,0,110.0,0,1,0
36,108,2018.0,414,4,3,1.4,0,128300.0,26240.0,2,150.0,1,0,0
5,110,2025.0,92,21,3,1.2,1,0.0,26340.0,2,132.0,1,0,0
36,97,2025.0,400,13,3,1.0,1,0.0,30960.0,2,110.0,0,0,0
3,117,2010.0,29,13,0,2.0,0,214000.0,15900.0,1,177.0,1,1,0
11,34,2019.0,136,4,3,1.5,1,103000.0,15600.0,0,123.0,0,1,0
36,96,2025.0,398,21,3,1.4,1,0.0,38320.0,2,150.0,0,0,0
3,117,2022.0,34,13,3,2.0,1,16000.0,40000.0,1,192.0,1,1,0
13,27,2010.0,154,13,3,2.4,0,215000.0,14000.0,1,185.0,1,0,0
11,34,2015.0,130,22,3,1.6,0,143000.0,13700.0,0,110.0,0,1,0
18,42,2014.0,204,13,3,3.6,1,86000.0,37500.0,0,286.0,1,0,0
1,73,2019.0,8,13,3,2.0,0,82000.0,36000.0,0,220.0,1,0,0
5,111,2019.0,98,21,0,2.8,1,136000.0,32800.0,0,200.0,1,0,0
18,23,2020.0,198,4,3,2.4,1,40000.0,28000.0,0,170.0,1,1,0
11,34,2020.0,134,2,3,1.5,0,57000.0,17200.0,1,123.0,0,1,0
29,1,2019.0,303,4,3,1.6,1,32000.0,30500.0,1,165.0,1,0,0
36,96,2023.0,398,2,3,1.4,1,19000.0,29999.0,1,150.0,0,0,0
5,110,2018.0,92,13,3,1.8,1,124500.0,16300.0,1,140.0,1,1,0
13,47,2017.0,157,18,3,1.8,1,105475.0,20900.0,0,154.0,0,0,0
36,108,2019.0,414,18,3,1.4,1,133000.0,23999.0,2,150.0,0,0,0
6,11,2021.0,106,21,3,1.6,1,50000.0,18320.0,0,165.0,0,1,0
5,110,2016.0,92,4,3,1.8,1,179000.0,13000.0,1,140.0,1,0,0
36,63,2025.0,397,13,3,1.0,1,0.0,27600.0,2,101.0,0,0,0
10,71,2025.0,125,4,3,1.3,0,0.0,24800.0,2,110.0,0,0,0
3,123,2020.0,55,18,3,3.0,0,67000.0,130000.0,1,340.0,1,1,0
36,96,2025.0,398,2,3,1.4,1,0.0,30240.0,2,150.0,0,0,0
14,113,2017.0,175,13,3,2.0,0,128300.0,24240.0,2,154.0,0,0,0
35,81,2010.0,382,18,3,2.4,0,166000.0,13200.0,0,257.0,0,0,0
11,34,2015.0,134,4,3,2.0,0,150000.0,13900.0,0,143.0,0,1,0
5,111,2025.0,99,13,0,2.8,1,0.0,46800.0,2,200.0,1,0,0
18,23,2021.0,200,18,3,1.3,1,100100.0,26000.0,1,170.0,0,0,0
28,51,2018.0,275,13,3,1.6,1,90000.0,17520.0,0,120.0,0,0,0
14,113,2017.0,180,13,3,2.0,1,95000.0,27500.0,0,154.0,0,0,0
36,96,2023.0,398,13,3,1.4,1,21000.0,34400.0,0,150.0,0,0,0
4,103,2019.0,70,4,3,1.6,1,110000.0,13600.0,0,110.0,0,1,0
10,71,2025.0,124,4,3,1.0,1,0.0,25400.0,0,110.0,0,0,0
13,47,2024.0,158,4,3,1.5,1,0.0,32500.0,1,121.0,0,0,0
36,97,2020.0,402,22,3,1.6,1,39000.0,21600.0,0,116.0,0,0,0
14,113,2008.0,178,18,0,2.0,0,259000.0,8160.0,0,154.0,1,1,0
11,100,2025.0,144,13,3,1.8,1,0.0,37240.0,2,85.0,1,0,0
31,32,2012.0,324,13,3,1.6,0,153000.0,10800.0,1,110.0,0,1,0
4,105,2020.0,75,18,3,2.0,1,115000.0,16960.0,1,127.0,1,0,0
29,0,2025.0,297,13,3,1.0,1,0.0,31000.0,2,120.0,0,0,0
35,95,2025.0,393,13,0,2.8,1,0.0,56950.0,0,204.0,1,0,0
6,11,2020.0,110,22,3,1.6,1,96000.0,16800.0,1,165.0,0,0,0
36,96,2023.0,398,2,3,1.4,1,0.0,38000.0,0,150.0,0,0,0
11,34,2012.0,132,18,3,1.6,0,168000.0,9600.0,0,110.0,0,1,0
6,10,2024.0,103,22,3,1.0,1,0.0,23048.0,0,120.0,0,0,0
36,96,2022.0,398,13,3,1.4,1,45000.0,37600.0,0,150.0,0,0,0
11,34,2010.0,137,22,3,2.0,0,110000.0,10000.0,0,143.0,0,1,0
6,11,2019.0,110,13,3,1.6,1,70300.0,16200.0,2,165.0,0,0,0
21,92,2018.0,231,13,3,2.0,1,87028.0,22800.0,1,154.0,0,0,0
35,25,2024.0,369,4,2,1.8,1,5500.0,36560.0,1,170.0,0,0,0
18,23,2025.0,200,18,3,1.3,1,0.0,45000.0,0,272.0,0,0,0
5,110,2016.0,92,22,3,1.8,1,111354.0,15040.0,0,140.0,1,0,0
35,46,2012.0,374,4,0,3.0,0,155000.0,26500.0,1,171.0,1,1,0
31,32,2013.0,322,18,3,1.6,0,155000.0,9200.0,1,110.0,0,1,0
5,91,2025.0,90,2,3,1.8,1,0.0,27520.0,2,105.0,1,0,0
29,0,2025.0,297,13,3,1.0,1,1000.0,24800.0,0,120.0,0,0,0
36,63,2024.0,397,21,3,1.0,1,0.0,25760.0,0,116.0,0,0,0
36,63,2024.0,397,13,3,1.0,1,9171.0,24160.0,2,116.0,0,0,0
29,0,2017.0,292,13,3,1.6,0,142000.0,10160.0,0,120.0,0,1,0
2,124,2024.0,24,22,3,1.5,1,0.0,38900.0,2,185.0,0,0,0
31,32,2013.0,322,15,3,1.6,0,160000.0,11040.0,0,110.0,0,1,0
36,96,2025.0,398,21,3,1.4,1,0.0,31200.0,2,150.0,0,0,0
31,32,2017.0,327,15,3,1.6,1,58800.0,15920.0,1,110.0,0,1,0
28,51,2021.0,275,4,3,1.6,1,93000.0,18960.0,0,120.0,0,1,0
13,47,2017.0,157,4,3,1.8,1,57000.0,19440.0,1,154.0,0,0,0
31,52,2012.0,339,18,3,2.5,0,182000.0,12800.0,1,138.0,1,0,0
5,111,2025.0,96,13,0,2.8,0,0.0,47600.0,2,200.0,1,0,0
13,27,2010.0,152,21,3,2.4,0,264000.0,11600.0,0,185.0,1,0,0
35,81,2014.0,387,21,3,2.5,0,169000.0,24500.0,1,110.0,1,0,0
14,113,2009.0,178,13,0,2.0,0,256554.0,5960.0,1,154.0,1,1,0
3,120,2012.0,44,2,3,3.0,1,160000.0,25000.0,1,306.0,1,1,0
5,110,2025.0,94,4,3,1.2,1,0.0,20368.0,2,132.0,1,0,0
18,82,2024.0,210,4,3,1.8,1,3000.0,25000.0,0,175.0,0,1,0
29,0,2019.0,295,13,3,1.6,0,60000.0,15840.0,0,120.0,0,1,0
36,97,2025.0,400,2,3,1.0,1,0.0,28176.0,2,110.0,0,0,0
11,34,2020.0,134,2,3,1.5,0,61000.0,17490.0,0,123.0,0,1,0
31,32,2013.0,322,18,3,1.6,0,140000.0,9600.0,1,110.0,0,1,0
16,83,2025.0,189,18,3,1.5,1,0.0,17840.0,0,110.0,0,1,0
35,25,2023.0,369,4,2,1.8,1,23000.0,34720.0,1,170.0,0,0,0
5,110,2024.0,95,22,3,1.2,1,500.0,24900.0,0,132.0,1,1,0
13,47,2018.0,157,21,3,1.8,1,87028.0,23600.0,0,154.0,0,0,0
36,63,2025.0,397,8,3,1.0,1,0.0,27784.0,2,101.0,0,0,0
6,11,2018.0,110,4,3,1.2,1,59900.0,16000.0,2,165.0,0,0,0
35,25,2025.0,371,4,3,2.0,1,0.0,33600.0,0,170.0,0,0,0
25,19,2023.0,262,21,2,3.0,0,30000.0,160000.0,1,367.0,1,0,0
5,110,2015.0,92,4,3,1.8,1,119300.0,13510.0,0,140.0,0,1,0
28,129,2004.0,285,13,0,2.8,0,273000.0,12000.0,1,123.0,1,1,0
29,0,2017.0,293,21,3,1.6,0,112000.0,15000.0,1,120.0,0,1,0
25,21,2006.0,265,21,3,3.5,0,180000.0,21500.0,1,110.0,1,0,0
11,100,2025.0,144,4,3,1.8,1,0.0,37485.0,2,85.0,1,0,0
5,110,2024.0,95,21,3,1.2,1,1000.0,21360.0,2,132.0,1,0,0
6,10,2025.0,103,22,3,1.0,1,0.0,23862.0,2,120.0,0,0,0
29,0,2017.0,293,4,3,1.6,0,114653.0,12712.0,0,120.0,0,1,0
36,107,2013.0,406,2,0,2.0,0,155000.0,20440.0,1,140.0,1,0,0
11,34,2015.0,134,22,0,1.5,0,145000.0,9500.0,1,90.0,0,1,0
31,32,2013.0,326,18,3,2.0,0,120000.0,12499.0,0,138.0,0,1,0
35,55,2013.0,380,21,0,4.5,0,142000.0,79500.0,0,265.0,0,0,0
3,117,2021.0,34,4,3,2.0,0,60000.0,46000.0,0,192.0,1,1,0
36,96,2022.0,398,21,3,1.4,1,55000.0,31040.0,1,150.0,0,0,0
28,51,2020.0,277,4,3,1.6,0,70796.0,22500.0,0,120.0,0,1,0
36,96,2025.0,398,21,3,1.4,1,0.0,34560.0,2,150.0,0,0,0
5,35,2020.0,83,4,3,1.5,1,70000.0,26000.0,1,105.0,1,0,0
14,113,2013.0,178,13,3,2.0,0,147000.0,13440.0,0,154.0,0,0,0
35,95,2021.0,393,4,0,2.8,1,50000.0,48900.0,0,204.0,1,0,0
28,51,2019.0,276,13,3,1.6,1,87000.0,21200.0,0,120.0,1,0,0
36,96,2024.0,398,13,3,1.4,1,6800.0,39500.0,1,150.0,0,0,0
29,0,2016.0,293,4,3,1.6,0,89000.0,6621.0,0,120.0,0,1,0
3,123,2020.0,57,13,3,3.0,0,44000.0,116000.0,0,340.0,1,1,0
29,0,2024.0,293,4,3,1.0,1,0.0,28000.0,0,120.0,0,1,0
36,107,2014.0,409,13,3,2.0,0,78000.0,25000.0,1,200.0,1,0,0
8,50,2013.0,115,18,3,2.4,1,150000.0,13000.0,1,170.0,1,0,0
11,100,2021.0,144,15,3,1.5,0,18600.0,28000.0,1,85.0,1,0,0
6,10,2025.0,103,22,3,1.6,1,0.0,22800.0,0,120.0,0,1,0
35,46,2011.0,374,18,0,3.0,0,210000.0,22000.0,0,171.0,1,1,0
28,51,2017.0,275,13,3,1.6,1,100000.0,16800.0,1,120.0,0,1,0
6,12,2024.0,111,13,3,1.6,0,0.0,42000.0,0,110.0,0,0,0
36,96,2025.0,398,4,3,1.4,1,0.0,30000.0,2,150.0,0,0,0
18,22,2025.0,195,4,3,2.0,1,0.0,54400.0,2,272.0,1,0,0
18,23,2024.0,200,13,3,1.3,1,0.0,36400.0,2,170.0,0,0,0
1,77,2025.0,16,2,3,3.0,0,0.0,180000.0,2,333.0,1,0,0
29,0,2025.0,297,18,3,1.0,1,0.0,24800.0,0,120.0,0,0,0
10,71,2025.0,125,13,3,1.3,0,0.0,27200.0,2,110.0,0,0,0
18,23,2023.0,200,23,3,1.3,1,72000.0,27992.0,2,170.0,0,0,0
28,51,2020.0,276,22,3,1.6,0,88000.0,20000.0,0,120.0,1,0,0
35,81,2013.0,382,18,3,2.0,1,179000.0,22000.0,1,200.0,0,0,0
10,71,2025.0,124,22,3,1.0,1,0.0,25120.0,2,110.0,0,0,0
36,97,2022.0,400,13,3,1.0,0,77000.0,28000.0,0,110.0,0,0,0
35,95,2021.0,393,13,0,2.8,1,62000.0,43200.0,0,204.0,1,0,0
28,130,2025.0,289,13,3,2.5,1,0.0,50640.0,0,110.0,1,0,0
13,27,2017.0,154,13,3,2.4,1,157550.0,25500.0,0,175.0,0,0,0
3,117,2016.0,32,4,3,2.0,1,130000.0,30900.0,1,231.0,1,1,0
36,108,2018.0,414,18,3,2.0,0,50000.0,34900.0,0,150.0,1,0,0
1,73,2025.0,8,4,3,1.4,1,0.0,59000.0,0,150.0,1,0,0
28,51,2023.0,276,13,3,1.6,0,37000.0,29000.0,0,120.0,1,0,0
31,52,2010.0,336,18,3,2.5,0,150000.0,9040.0,0,110.0,1,1,0
31,32,2016.0,327,4,3,1.6,1,132000.0,14400.0,0,110.0,0,1,0
31,52,2013.0,336,4,3,2.5,0,134000.0,10960.0,0,110.0,1,1,0
5,110,2025.0,92,4,3,1.2,1,0.0,24960.0,2,132.0,1,0,0
36,96,2024.0,398,4,3,1.4,1,1111.0,35840.0,0,150.0,0,0,0
5,110,2017.0,92,22,3,1.8,1,83000.0,13440.0,0,140.0,0,1,0
3,123,2007.0,59,13,0,3.0,0,150000.0,15000.0,1,306.0,1,1,0
10,71,2025.0,125,13,3,1.3,0,10.0,22320.0,1,110.0,0,1,0
4,105,2016.0,74,4,3,2.0,1,117000.0,13200.0,1,110.0,0,1,0
5,110,2013.0,92,13,3,1.8,1,110320.0,12911.0,2,140.0,0,1,0
1,75,2020.0,13,13,3,2.0,0,56000.0,53000.0,0,252.0,1,0,0
36,96,2021.0,398,4,3,1.4,1,82000.0,27040.0,1,150.0,0,0,0
31,32,2013.0,322,4,3,1.6,0,140000.0,12240.0,0,110.0,0,1,0
11,34,2020.0,130,18,3,1.5,1,105000.0,18320.0,0,123.0,0,1,0
21,87,2025.0,224,18,3,1.5,1,0.0,38000.0,0,185.0,0,0,0
35,46,2016.0,375,4,0,2.8,1,64000.0,37900.0,0,177.0,1,1,0
29,0,2024.0,297,18,3,1.0,1,0.0,32000.0,0,120.0,0,0,0
29,0,2025.0,292,13,3,1.0,1,0.0,19200.0,2,120.0,0,1,0
5,110,2025.0,95,2,3,1.2,0,0.0,29200.0,2,132.0,1,0,0
29,0,2017.0,293,18,3,1.6,0,100000.0,14800.0,1,120.0,0,1,0
29,0,2025.0,293,4,3,1.0,1,0.0,29000.0,2,120.0,0,0,0
6,11,2018.0,110,18,3,1.2,0,85000.0,12700.0,0,165.0,0,0,0
11,34,2016.0,130,13,3,1.6,0,181000.0,12000.0,1,110.0,0,1,0
36,97,2025.0,400,22,3,1.0,1,0.0,26800.0,0,110.0,0,0,0
31,13,2018.0,318,5,3,1.6,1,89000.0,18800.0,0,110.0,0,0,0
18,116,2010.0,217,18,3,3.6,0,142000.0,36500.0,1,199.0,1,1,0
35,95,2021.0,393,13,0,2.8,1,66900.0,55000.0,1,204.0,1,0,0
3,120,2023.0,41,4,3,2.0,0,23000.0,85000.0,0,245.0,1,1,0
28,51,2021.0,276,4,3,1.6,1,45000.0,25600.0,1,120.0,1,0,0
29,0,2020.0,296,4,3,1.6,1,49500.0,19000.0,1,150.0,1,1,0
8,50,2015.0,113,13,3,3.6,0,91000.0,14400.0,0,280.0,1,0,0
35,81,2011.0,382,15,3,2.4,1,140000.0,18400.0,0,257.0,0,0,0
35,55,2012.0,380,4,3,4.0,1,155000.0,35000.0,1,265.0,0,0,0
5,35,2020.0,83,4,3,1.5,1,50000.0,26240.0,1,105.0,1,0,0
29,0,2018.0,296,4,3,1.6,1,89370.0,15200.0,2,150.0,1,1,0
11,8,2021.0,129,13,3,1.5,1,48000.0,32800.0,0,110.0,1,0,0
5,110,2019.0,92,21,3,1.8,1,91500.0,16200.0,1,140.0,0,1,0
37,128,2012.0,421,21,3,3.0,0,138100.0,16500.0,1,304.0,1,0,0
36,97,2025.0,400,4,3,1.0,1,0.0,31992.0,2,110.0,0,0,0
1,73,2013.0,8,21,3,2.0,1,115000.0,20000.0,0,170.0,1,1,0
10,71,2024.0,126,13,3,1.0,1,0.0,23920.0,0,110.0,0,0,0
29,0,2025.0,297,4,3,1.0,1,0.0,24960.0,2,120.0,0,0,0
11,34,2020.0,130,2,3,1.5,1,89000.0,17200.0,0,123.0,0,1,0
11,54,2012.0,142,18,3,2.5,0,154000.0,12800.0,2,110.0,1,0,0
18,82,2017.0,210,13,3,1.8,1,131000.0,16850.0,1,170.0,0,1,0
14,113,2012.0,178,13,3,2.0,0,185000.0,15000.0,1,154.0,0,1,0
36,96,2025.0,398,13,3,1.4,1,0.0,39920.0,0,150.0,0,0,0
18,23,2021.0,197,13,3,2.4,1,61000.0,27600.0,0,170.0,1,1,0
11,34,2013.0,134,3,3,1.6,0,134000.0,11040.0,1,110.0,0,1,0
18,23,2025.0,200,4,3,1.3,1,6000.0,36720.0,1,272.0,0,0,0
31,32,2019.0,327,13,3,2.0,1,105000.0,9440.0,2,143.0,0,1,0
11,34,2013.0,136,17,3,2.0,0,124425.0,12400.0,1,143.0,0,1,0
2,121,2023.0,21,13,3,1.5,1,0.0,29000.0,2,148.0,1,0,0
28,51,2021.0,275,18,3,1.6,1,75000.0,24000.0,1,120.0,0,0,0
18,116,2019.0,218,13,3,3.6,0,47653.0,64990.0,0,284.0,1,0,0
6,11,2020.0,110,4,3,1.6,1,100000.0,20000.0,1,165.0,0,0,0
3,117,2016.0,32,13,3,2.0,1,78000.0,34500.0,0,231.0,1,1,0
3,122,2018.0,51,21,3,2.0,1,87028.0,47000.0,1,245.0,1,0,0
6,11,2020.0,110,18,3,1.6,1,85500.0,16000.0,1,165.0,0,0,0
35,46,2022.0,375,4,0,2.8,1,88000.0,44800.0,0,177.0,1,0,0
36,97,2020.0,402,2,3,1.6,1,56000.0,20400.0,1,116.0,0,1,0
36,97,2025.0,400,4,3,1.0,1,0.0,30520.0,2,110.0,0,0,0
28,51,2025.0,275,13,3,1.6,0,0.0,25200.0,2,120.0,0,0,0
5,110,2024.0,94,13,3,1.2,1,0.0,21496.0,2,132.0,0,0,0
31,13,2020.0,319,21,3,1.6,0,100562.0,16000.0,2,110.0,1,1,0
31,32,2018.0,327,15,3,1.6,1,71400.0,14340.0,0,110.0,0,1,0
31,32,2016.0,327,18,3,1.6,1,117000.0,13200.0,0,110.0,0,1,0
1,72,2018.0,5,4,3,1.4,0,98000.0,30000.0,1,150.0,1,0,0
28,51,2017.0,275,4,3,1.6,1,54000.0,18240.0,0,120.0,0,0,0
29,0,2017.0,293,13,3,1.6,0,80000.0,11840.0,0,120.0,0,1,0
11,34,2011.0,132,18,3,1.6,0,170000.0,9200.0,0,110.0,0,1,0
11,34,2009.0,132,18,3,1.6,0,182427.0,9520.0,1,110.0,0,1,0
11,34,2014.0,134,4,3,1.6,0,150000.0,11920.0,0,110.0,0,1,0
29,0,2016.0,296,4,3,1.6,0,60000.0,14000.0,0,150.0,1,1,0
36,97,2024.0,400,21,3,1.0,1,10000.0,25200.0,0,110.0,0,1,0
18,23,2025.0,200,4,3,1.3,1,0.0,37076.0,2,272.0,0,0,0
29,0,2025.0,293,13,3,1.0,1,0.0,27960.0,2,120.0,0,0,0
6,11,2020.0,106,22,3,1.6,0,110000.0,17600.0,1,165.0,0,1,0
36,63,2024.0,397,22,3,1.0,1,0.0,24400.0,2,116.0,0,0,0
28,51,2019.0,275,22,3,1.6,1,48000.0,22500.0,0,120.0,0,0,0
11,34,2020.0,134,4,3,1.5,0,99000.0,18400.0,2,123.0,0,1,0
5,110,2015.0,92,13,3,1.8,1,117120.0,12800.0,0,140.0,1,0,0
31,32,2017.0,327,22,3,2.0,1,80800.0,16400.0,0,143.0,0,1,0
35,95,2021.0,393,18,0,2.8,1,68000.0,44800.0,1,204.0,1,0,0
5,110,2020.0,92,4,3,1.2,0,108000.0,23200.0,1,132.0,1,0,0
1,72,2025.0,5,2,3,2.0,0,0.0,57000.0,0,190.0,1,0,0
36,97,2025.0,402,13,3,1.6,0,0.0,26960.0,2,116.0,0,0,0
35,95,2023.0,393,21,0,2.8,1,21000.0,89000.0,0,204.0,1,0,0
18,23,2025.0,200,13,3,1.3,1,0.0,37205.0,2,272.0,0,0,0
11,34,2015.0,134,4,3,1.6,0,137500.0,12400.0,0,110.0,0,1,0
31,32,2013.0,322,2,3,1.6,0,193000.0,11120.0,0,110.0,0,1,0
31,32,2012.0,327,4,3,1.6,0,170000.0,9600.0,1,110.0,0,1,0
18,82,2025.0,212,4,3,1.3,1,0.0,35192.0,2,170.0,1,0,0
11,34,2020.0,134,2,3,1.5,0,85000.0,14800.0,2,123.0,0,1,0
10,71,2024.0,125,22,3,1.3,1,0.0,30000.0,0,110.0,0,0,0
36,96,2025.0,398,3,3,1.4,1,1000.0,31600.0,1,150.0,0,0,0
18,82,2025.0,212,13,3,1.3,1,0.0,35120.0,2,170.0,1,0,0
31,33,2019.0,332,22,3,1.6,0,104936.0,15200.0,2,110.0,0,1,0
36,108,2025.0,414,21,3,2.0,1,0.0,43992.0,2,150.0,1,0,0
5,110,2018.0,92,21,3,1.8,1,87055.0,16500.0,0,140.0,1,1,0
8,50,2012.0,114,18,3,2.4,0,145000.0,14000.0,0,170.0,1,0,0
13,47,2016.0,157,13,3,1.8,1,115000.0,21999.0,0,132.0,0,0,0
35,25,2025.0,369,4,2,1.8,1,0.0,35142.0,2,170.0,0,0,0
11,34,2018.0,136,4,3,1.5,1,71000.0,19000.0,0,123.0,0,1,0
29,0,2017.0,293,13,3,1.6,0,150000.0,12200.0,0,120.0,0,1,0
36,96,2024.0,398,13,3,1.4,1,0.0,35520.0,2,150.0,0,0,0
16,83,2022.0,189,13,3,1.5,1,66000.0,14400.0,0,110.0,0,1,0
35,25,2021.0,369,4,2,1.8,1,42000.0,31000.0,1,170.0,0,0,0
4,101,2015.0,66,18,3,2.0,0,146000.0,10800.0,0,138.0,0,0,0
11,8,2021.0,129,21,3,1.5,1,57000.0,33500.0,0,110.0,1,0,0
18,116,2011.0,217,18,3,3.8,0,170000.0,34000.0,1,199.0,1,0,1
31,32,2011.0,328,18,3,2.0,0,193000.0,8400.0,1,138.0,0,1,0
1,77,2014.0,16,13,3,3.0,1,135000.0,44900.0,0,333.0,1,0,0
5,110,2016.0,92,18,3,1.8,1,94000.0,16133.0,1,140.0,0,1,0
28,51,2021.0,275,4,3,1.6,1,75000.0,20900.0,0,120.0,0,0,0
11,34,2010.0,132,3,0,1.4,0,219000.0,7946.0,1,123.0,0,1,0
29,0,2016.0,299,4,3,1.6,0,107700.0,12400.0,0,120.0,0,1,0
11,34,2016.0,134,4,3,1.6,0,109000.0,15120.0,0,110.0,0,1,0
36,97,2025.0,400,4,3,1.0,1,0.0,30042.0,2,110.0,0,0,0
11,34,2018.0,134,18,3,1.5,0,97800.0,17000.0,1,123.0,0,1,0
35,25,2024.0,369,13,2,1.8,1,3000.0,40000.0,1,170.0,0,0,0
4,101,2013.0,65,4,3,2.0,1,220000.0,8400.0,1,138.0,0,1,0
36,107,2014.0,409,13,3,2.0,0,140000.0,19200.0,0,200.0,1,0,0
11,34,2019.0,136,2,3,1.5,1,90000.0,16800.0,1,123.0,0,1,0
21,90,2016.0,228,1,3,1.6,1,67000.0,19040.0,0,132.0,1,0,0
11,34,2014.0,133,22,3,1.6,0,114817.0,10880.0,2,110.0,0,1,0
31,13,2018.0,320,22,3,2.0,0,46000.0,16480.0,0,110.0,0,1,0
37,128,2012.0,420,4,3,2.0,0,176000.0,18500.0,0,240.0,1,0,0
10,71,2025.0,125,18,3,1.3,1,0.0,10400.0,0,110.0,0,0,0
35,95,2017.0,393,4,0,2.8,1,143000.0,34800.0,1,177.0,1,0,0
29,0,2018.0,296,13,3,1.6,1,127000.0,14500.0,0,150.0,1,1,0
18,23,2020.0,199,18,3,2.4,1,56000.0,23120.0,0,170.0,0,1,0
1,74,2024.0,9,4,3,1.4,1,0.0,62800.0,2,150.0,1,0,0
14,113,2013.0,178,13,3,2.0,0,103000.0,14900.0,0,154.0,0,0,0
18,23,2025.0,200,21,3,1.3,1,0.0,36400.0,2,272.0,0,0,0
5,35,2023.0,83,4,3,1.5,1,56000.0,31200.0,0,105.0,1,0,0
11,54,2013.0,143,13,3,2.5,0,134000.0,12700.0,0,180.0,1,1,0
28,51,2020.0,275,4,3,1.6,1,76680.0,19840.0,1,120.0,0,1,0
36,97,2019.0,400,4,3,1.6,0,38000.0,23200.0,0,110.0,0,0,0
35,46,2017.0,375,15,0,2.8,1,98000.0,33600.0,1,177.0,1,0,0
36,108,2018.0,414,2,3,1.4,0,92000.0,25000.0,0,150.0,1,0,0
29,0,2025.0,297,4,3,1.0,1,1000.0,30400.0,1,120.0,0,0,0
14,113,2024.0,176,2,3,2.0,1,0.0,48000.0,0,154.0,0,0,0
21,89,2012.0,226,21,3,2.4,1,175000.0,16800.0,1,185.0,1,0,0
8,50,2011.0,115,18,3,2.4,0,147000.0,10560.0,1,170.0,1,0,0
28,51,2019.0,275,4,3,1.6,1,74000.0,20720.0,0,120.0,0,0,0
36,108,2023.0,414,13,3,2.0,0,71000.0,46290.0,0,150.0,0,0,0
10,71,2025.0,124,13,3,1.0,1,0.0,24800.0,2,110.0,0,0,0
29,0,2022.0,296,21,3,1.6,1,76946.0,17760.0,2,150.0,1,1,0
11,34,2020.0,133,2,3,1.5,0,101000.0,17900.0,0,123.0,0,1,0
5,110,2016.0,92,4,3,1.8,0,143000.0,14800.0,0,140.0,0,1,0
18,23,2025.0,200,4,3,1.3,1,0.0,37076.0,2,272.0,0,0,0
36,96,2024.0,398,21,3,1.4,1,10000.0,31120.0,0,150.0,0,0,0
28,51,2020.0,277,13,3,1.6,0,96000.0,23000.0,1,120.0,0,1,0
18,42,2013.0,203,18,3,3.6,1,155000.0,22300.0,0,286.0,1,0,0
28,51,2021.0,275,21,3,1.6,1,42000.0,21520.0,2,120.0,0,1,0
10,71,2024.0,125,18,3,1.3,1,0.0,26800.0,2,110.0,0,0,0
29,0,2025.0,297,4,3,1.0,1,0.0,30480.0,2,120.0,0,0,0
28,51,2018.0,276,21,3,1.6,1,93000.0,20700.0,1,120.0,1,0,0
18,23,2019.0,199,18,3,2.4,1,97940.0,24240.0,2,170.0,0,0,0
22,79,1996.0,243,18,0,2.5,0,249500.0,21000.0,1,257.0,1,1,0
35,95,2023.0,393,4,0,2.8,1,35000.0,56500.0,0,204.0,1,0,0
5,110,2019.0,92,4,3,1.8,1,98700.0,16000.0,1,140.0,0,1,0
36,97,2020.0,400,2,3,1.6,0,37000.0,26900.0,0,110.0,0,0,0
3,117,2017.0,32,18,3,2.0,1,73000.0,32900.0,0,231.0,1,1,0
29,0,2021.0,293,21,3,1.6,1,68000.0,17520.0,0,120.0,0,1,0
28,130,2018.0,288,13,3,2.5,1,87028.0,23999.0,1,120.0,1,0,0
6,11,2018.0,110,13,3,1.2,1,87400.0,14000.0,0,165.0,0,0,0
25,17,2016.0,255,29,3,1.6,1,63000.0,31900.0,0,211.0,1,0,0
36,108,2024.0,414,21,3,2.0,1,0.0,43992.0,2,150.0,0,0,0
5,110,2025.0,91,22,3,1.2,0,0.0,21600.0,2,132.0,1,0,0
11,34,2013.0,130,13,3,1.6,0,157000.0,11000.0,1,110.0,0,1,0
5,111,2025.0,99,13,0,2.8,1,0.0,46128.0,2,200.0,1,0,0
25,19,2020.0,262,18,3,3.0,0,43000.0,140000.0,0,367.0,1,0,0
11,34,2019.0,131,4,3,2.0,1,63763.0,22000.0,0,170.0,1,1,0
6,10,2024.0,103,13,3,1.6,1,0.0,20712.0,0,120.0,0,1,0
4,101,2015.0,65,13,3,1.6,1,140000.0,10320.0,0,125.0,0,1,0
11,100,2022.0,145,4,3,1.5,0,29000.0,28600.0,2,143.0,0,0,0
11,34,2021.0,136,4,3,1.5,0,19000.0,21300.0,1,123.0,0,1,0
5,110,2024.0,95,4,3,1.2,1,0.0,23120.0,2,132.0,1,0,0
6,10,2025.0,103,13,3,1.0,1,0.0,26000.0,2,120.0,0,0,0
5,110,2014.0,92,13,3,1.8,0,149800.0,14900.0,1,140.0,1,0,0
8,50,2014.0,115,17,3,2.4,0,180000.0,17000.0,0,170.0,1,0,0
1,73,2017.0,8,13,3,2.0,0,128000.0,28000.0,1,220.0,1,0,0
36,97,2025.0,400,4,3,1.0,1,0.0,23840.0,2,110.0,0,0,0
29,0,2019.0,296,4,3,1.6,1,59000.0,17600.0,0,150.0,1,1,0
31,13,2018.0,318,4,3,1.6,1,83000.0,15440.0,0,110.0,0,0,0
31,33,2020.0,334,22,3,2.0,0,90000.0,17960.0,0,138.0,0,1,0
18,116,2025.0,214,18,3,2.0,0,0.0,127000.0,0,272.0,1,0,1
36,96,2024.0,398,18,3,1.4,1,0.0,29552.0,2,150.0,0,0,0
31,32,2024.0,325,5,3,1.6,1,0.0,21200.0,1,115.0,1,1,0
18,82,2024.0,208,18,3,1.3,1,0.0,29200.0,2,175.0,0,0,0
11,8,2025.0,129,2,3,2.0,0,1111.0,51999.0,1,110.0,1,0,0
18,116,2011.0,217,18,3,3.8,0,126000.0,40000.0,0,199.0,1,0,1
35,25,2025.0,369,13,2,1.8,1,0.0,38361.0,2,170.0,0,0,0
31,32,2013.0,322,26,3,1.6,0,115000.0,13300.0,0,110.0,0,1,0
13,47,2016.0,158,18,3,1.8,1,56000.0,22000.0,0,175.0,0,0,0
28,51,2021.0,276,5,3,1.6,0,80000.0,24400.0,0,120.0,1,0,0
14,113,2024.0,183,2,3,1.6,1,0.0,58000.0,0,154.0,0,0,0
28,51,2018.0,276,13,3,1.6,1,80000.0,19600.0,1,120.0,1,0,0
25,20,2011.0,263,18,3,3.0,0,113000.0,27600.0,1,231.0,1,0,0
4,101,2014.0,65,2,3,2.0,0,165000.0,11680.0,0,138.0,0,1,0
18,82,2024.0,210,18,3,1.8,1,5000.0,26900.0,0,175.0,0,0,0
11,34,2010.0,132,13,3,1.6,0,177625.0,8800.0,0,110.0,0,1,0
29,0,2025.0,293,4,3,1.0,1,0.0,28320.0,2,120.0,0,0,0
36,96,2021.0,398,13,3,1.4,1,40000.0,33000.0,0,150.0,0,0,0
6,12,2024.0,111,4,3,1.6,0,0.0,41920.0,2,110.0,0,0,0
5,110,2017.0,92,13,3,1.8,1,59000.0,16500.0,0,140.0,1,0,0
31,32,2013.0,326,2,3,2.0,0,130000.0,13600.0,0,138.0,1,1,0
18,82,2025.0,210,13,3,1.8,1,0.0,26360.0,0,170.0,0,0,0
5,110,2014.0,92,4,3,1.8,0,158500.0,12720.0,2,140.0,1,0,0
5,110,2022.0,92,2,3,1.2,0,43000.0,24000.0,1,132.0,1,0,0
11,34,2019.0,136,21,3,1.5,1,44000.0,19900.0,0,123.0,0,1,0
36,63,2025.0,397,2,3,1.0,1,1111.0,28000.0,0,101.0,0,0,0
36,63,2025.0,397,13,3,1.0,1,0.0,24440.0,0,101.0,0,0,0
5,110,2021.0,92,13,3,1.2,1,78000.0,21920.0,0,132.0,1,0,0
36,96,2024.0,398,2,3,1.4,1,0.0,70000.0,0,150.0,0,0,0
11,100,2021.0,144,4,3,2.0,1,80000.0,27120.0,1,85.0,1,0,0
36,97,2025.0,400,13,3,1.0,1,0.0,32800.0,2,110.0,0,0,0
11,34,2018.0,134,2,3,2.0,0,98000.0,18000.0,0,170.0,0,1,0
34,44,2009.0,351,18,3,2.0,0,187000.0,11000.0,1,110.0,1,1,0
5,110,2016.0,92,22,3,1.8,1,90000.0,15440.0,0,140.0,1,0,0
11,34,2016.0,130,13,3,2.0,0,125000.0,16720.0,0,143.0,1,1,0
14,113,2013.0,178,4,3,2.0,0,165482.0,17500.0,0,154.0,1,0,0
36,96,2024.0,398,18,3,1.4,1,0.0,32800.0,0,150.0,0,0,0
31,13,2018.0,318,22,3,2.0,1,110000.0,14800.0,0,110.0,0,1,0
6,11,2023.0,106,4,3,1.6,0,22000.0,21000.0,0,165.0,0,1,0
27,58,2000.0,271,2,0,2.5,0,238000.0,12500.0,0,110.0,1,0,0
28,51,2017.0,275,2,3,1.6,1,87900.0,16400.0,0,120.0,0,0,0
18,82,2020.0,210,13,3,1.8,1,52000.0,23840.0,0,170.0,0,1,0
27,66,2025.0,274,2,3,2.5,1,0.0,47760.0,0,184.0,1,0,0
5,110,2015.0,92,21,3,1.8,1,121200.0,14000.0,0,140.0,0,1,0
5,110,2025.0,95,13,3,1.2,0,0.0,25600.0,0,132.0,1,0,0
29,0,2017.0,296,21,3,1.6,1,98000.0,15200.0,1,150.0,1,1,0
10,71,2025.0,125,13,3,1.3,0,500.0,9600.0,0,110.0,0,1,0
11,100,2024.0,144,4,3,1.8,1,1750.0,36000.0,1,85.0,1,0,0
5,110,2016.0,92,2,3,1.8,1,84500.0,14720.0,1,140.0,1,0,0
28,51,2020.0,276,13,3,1.6,0,100000.0,22000.0,0,120.0,1,0,0
1,73,2016.0,8,4,3,1.4,1,88000.0,25000.0,0,150.0,1,0,0
18,23,2025.0,200,21,3,1.3,1,0.0,33440.0,2,272.0,0,0,0
11,34,2020.0,136,21,3,1.5,1,45000.0,17600.0,0,123.0,0,1,0
28,51,2023.0,275,13,3,1.6,1,19600.0,27200.0,1,120.0,0,0,0
14,86,2009.0,171,13,0,2.2,0,240000.0,8760.0,1,110.0,1,1,0
29,1,2020.0,303,4,0,2.0,1,85000.0,34320.0,0,165.0,1,0,0
4,103,2016.0,70,4,3,1.6,1,115000.0,10800.0,1,110.0,0,1,0
36,63,2025.0,397,4,3,1.0,1,0.0,22240.0,0,101.0,0,0,0
3,118,2022.0,36,13,3,2.0,1,12000.0,80000.0,1,205.0,1,0,0
36,96,2025.0,398,4,3,1.4,1,0.0,21592.0,2,150.0,0,0,0
36,97,2020.0,403,18,3,1.6,1,93815.0,20000.0,0,110.0,0,1,0
36,96,2022.0,398,4,3,1.4,1,10000.0,28800.0,1,150.0,0,0,0
35,46,2025.0,376,18,0,2.8,0,0.0,57245.0,2,177.0,1,0,0
29,0,2016.0,292,4,3,1.6,0,90000.0,13520.0,0,120.0,0,1,0
18,23,2025.0,200,13,3,1.3,1,0.0,32240.0,0,272.0,0,0,0
18,82,2017.0,210,13,3,1.8,1,80000.0,17500.0,0,170.0,0,1,0
29,0,2025.0,292,4,3,1.0,1,0.0,25488.0,2,120.0,0,1,0
3,120,2013.0,44,4,3,2.0,1,220000.0,20000.0,1,184.0,1,1,0
11,34,2014.0,130,17,3,1.6,0,120000.0,12300.0,0,110.0,0,1,0
36,107,2010.0,409,18,3,2.0,0,174300.0,12899.0,1,200.0,1,1,0
36,63,2025.0,397,4,3,1.0,1,0.0,28000.0,0,101.0,0,0,0
18,116,2013.0,218,4,3,3.6,0,94000.0,60000.0,0,284.0,1,0,1
5,110,2013.0,92,21,3,1.8,0,120000.0,13900.0,0,140.0,0,1,0
11,34,2013.0,134,13,3,1.6,0,158000.0,10160.0,0,110.0,0,1,0
5,110,2016.0,92,21,3,1.8,1,109000.0,11440.0,0,140.0,0,1,0
28,51,2021.0,277,22,3,1.6,0,30083.0,20640.0,0,120.0,0,1,0
11,34,2008.0,132,21,3,1.6,0,170965.0,7600.0,2,110.0,0,1,0
28,51,2024.0,275,13,3,1.6,1,0.0,26720.0,2,120.0,0,0,0
10,71,2024.0,125,13,3,1.3,1,7000.0,24490.0,0,110.0,0,1,0
31,13,2017.0,320,18,3,2.0,1,119000.0,15600.0,0,110.0,0,1,0
35,25,2024.0,369,13,2,1.8,1,0.0,35520.0,0,170.0,0,0,0
31,32,2014.0,326,13,3,2.0,0,162000.0,12720.0,1,138.0,0,1,0
18,23,2017.0,200,13,3,2.4,0,92000.0,26600.0,2,170.0,0,0,0
28,51,2025.0,277,13,3,1.6,1,0.0,23184.0,0,120.0,0,1,0
11,54,2014.0,141,13,3,1.6,0,149200.0,16500.0,0,150.0,0,1,0
27,58,2006.0,270,4,0,3.2,0,240000.0,18500.0,1,110.0,0,0,0
13,27,2013.0,154,18,3,2.4,0,220000.0,15200.0,1,185.0,0,0,0
4,101,2011.0,65,18,3,2.0,1,112600.0,6800.0,1,127.0,0,1,0
36,96,2024.0,398,18,3,1.4,1,0.0,31200.0,0,150.0,0,0,0
32,5,2012.0,344,13,3,2.3,0,155000.0,14000.0,1,150.0,0,1,0
13,47,2016.0,157,22,3,1.8,1,94000.0,20500.0,1,132.0,0,0,0
4,101,2015.0,66,18,3,2.0,0,135000.0,12000.0,1,138.0,1,1,0
11,34,2021.0,130,18,3,1.5,0,50000.0,18320.0,2,123.0,0,1,0
36,97,2019.0,402,21,3,1.6,1,45500.0,23900.0,1,116.0,0,1,0
18,23,2021.0,198,2,3,2.4,1,43000.0,36500.0,1,170.0,1,1,0
5,110,2023.0,95,4,3,1.2,0,49800.0,22800.0,0,132.0,1,0,0
3,120,2021.0,50,13,3,2.0,0,59050.0,198000.0,0,510.0,1,1,0
36,108,2019.0,414,4,3,1.4,0,93200.0,27500.0,1,150.0,0,0,0
35,55,2010.0,380,13,0,4.5,0,200000.0,45000.0,1,235.0,0,0,0
8,50,2012.0,114,21,3,2.4,0,112000.0,12500.0,1,170.0,1,0,0
18,82,2025.0,208,13,3,1.3,1,0.0,29520.0,2,170.0,0,0,0
11,34,2019.0,134,22,3,1.5,0,85000.0,15192.0,0,123.0,0,1,0
5,110,2015.0,92,4,3,1.8,1,92000.0,15760.0,0,140.0,1,0,0
11,34,2015.0,130,13,3,1.6,0,151000.0,14500.0,1,110.0,0,1,0
36,108,2025.0,414,13,3,2.0,1,0.0,43200.0,2,150.0,1,0,0
31,32,2025.0,325,4,3,1.6,1,0.0,25248.0,0,115.0,0,1,0
31,13,2018.0,320,22,3,2.0,0,96634.0,16300.0,2,110.0,0,1,0
5,110,2024.0,95,18,3,1.2,1,0.0,28720.0,2,132.0,1,0,0
18,69,2011.0,207,2,3,2.4,0,157000.0,6640.0,0,170.0,1,1,0
31,32,2025.0,329,4,3,1.3,1,0.0,24792.0,2,155.0,1,1,0
18,42,2013.0,204,3,3,3.6,1,199000.0,26990.0,2,286.0,1,0,0
28,51,2020.0,276,4,3,1.6,0,48000.0,22900.0,0,120.0,1,0,0
2,124,2023.0,24,8,3,1.5,1,0.0,38900.0,2,185.0,0,1,0
10,71,2024.0,126,13,3,1.0,1,0.0,26000.0,0,110.0,0,0,0
6,10,2024.0,103,18,3,1.0,1,0.0,10920.0,2,120.0,0,0,0
36,97,2024.0,400,4,3,1.0,1,0.0,28400.0,2,110.0,0,0,0
29,0,2025.0,293,4,3,1.0,1,0.0,29000.0,2,120.0,0,0,0
10,71,2024.0,125,13,3,1.3,1,0.0,22800.0,0,110.0,0,0,0
36,96,2025.0,398,4,3,1.4,1,0.0,31120.0,2,150.0,0,0,0
36,108,2019.0,414,13,3,1.4,0,72000.0,26900.0,0,150.0,0,0,0
5,111,2025.0,99,13,0,2.8,1,0.0,47600.0,2,200.0,1,0,0
10,71,2022.0,125,4,3,1.3,1,13000.0,19600.0,0,110.0,0,1,0
11,34,2018.0,134,2,3,1.5,0,125000.0,17200.0,0,123.0,0,1,0
13,47,2024.0,158,21,3,1.5,1,9700.0,35000.0,0,121.0,0,0,0
5,110,2017.0,92,4,3,1.8,0,94000.0,15520.0,0,140.0,1,0,0
28,51,2020.0,277,18,3,1.6,0,30000.0,21000.0,1,120.0,0,1,0
28,130,2025.0,289,13,3,2.5,1,0.0,51744.0,2,110.0,1,0,0
5,110,2017.0,92,13,3,1.8,1,82000.0,17000.0,0,140.0,1,0,0
29,0,2025.0,293,4,3,1.0,1,500.0,30000.0,0,120.0,0,0,0
31,32,2024.0,329,13,3,1.3,1,0.0,26320.0,2,155.0,1,1,0
5,35,2019.0,83,13,3,1.5,1,87769.0,25200.0,2,105.0,1,1,0
11,34,2013.0,136,2,3,1.6,0,165000.0,10800.0,1,110.0,0,1,0
18,82,2018.0,208,18,3,1.8,1,101000.0,18500.0,1,170.0,0,0,0
11,34,2020.0,134,4,3,1.5,0,58320.0,19000.0,0,123.0,0,1,0
25,17,2016.0,255,4,3,1.6,0,119000.0,27000.0,0,156.0,1,0,0
29,0,2025.0,297,4,3,1.0,1,0.0,17200.0,0,120.0,0,0,0
10,71,2023.0,126,13,3,1.0,0,5000.0,27000.0,1,110.0,0,0,0
36,96,2021.0,398,13,3,1.4,1,115000.0,24720.0,0,150.0,0,0,0
35,55,2008.0,380,15,0,4.5,0,249400.0,42000.0,1,235.0,0,0,0
11,34,2020.0,136,4,3,2.0,1,70000.0,19120.0,0,170.0,0,1,0
11,8,2024.0,129,13,3,2.0,0,0.0,42400.0,0,110.0,1,0,0
25,17,2016.0,255,13,3,1.6,0,60000.0,37000.0,0,211.0,1,0,0
36,63,2025.0,397,13,3,1.0,1,0.0,22392.0,2,101.0,0,1,0
31,32,2013.0,326,18,3,2.0,0,140000.0,11500.0,1,138.0,1,1,0
14,86,2009.0,171,18,3,2.7,0,200000.0,11900.0,1,110.0,1,1,0
6,11,2025.0,110,13,3,1.6,1,0.0,26480.0,0,165.0,0,0,0
35,25,2022.0,371,13,3,2.0,0,76000.0,26720.0,1,170.0,0,0,0
36,63,2025.0,397,13,3,1.0,1,0.0,27040.0,0,101.0,0,0,0
29,0,2024.0,297,13,3,1.0,1,5000.0,32500.0,1,120.0,0,0,0
18,23,2022.0,200,13,3,1.3,1,36000.0,36500.0,1,170.0,0,0,0
29,0,2017.0,299,21,3,1.6,1,77500.0,14000.0,1,120.0,0,1,0
18,42,2020.0,203,13,3,3.6,0,112000.0,53000.0,0,286.0,1,0,0
18,82,2018.0,210,4,3,1.8,1,88000.0,16400.0,1,170.0,0,1,0
31,32,2015.0,327,13,3,1.6,1,175000.0,10960.0,1,110.0,0,1,0
21,87,2022.0,223,13,3,1.6,0,17000.0,27120.0,0,132.0,0,0,0
5,110,2016.0,92,22,3,1.8,1,83000.0,15800.0,1,140.0,1,0,0
29,0,2017.0,296,15,3,1.6,1,90000.0,13360.0,0,150.0,1,1,0
3,117,2019.0,34,13,3,2.0,1,88000.0,34000.0,1,192.0,1,1,0
29,0,2017.0,296,4,3,1.6,1,69000.0,14880.0,1,150.0,1,1,0
4,101,2012.0,66,18,3,2.0,0,149000.0,9000.0,1,127.0,1,1,0
35,25,2025.0,371,13,3,2.0,1,0.0,31853.0,0,170.0,0,0,0
36,63,2024.0,397,22,3,1.0,1,0.0,21760.0,0,116.0,0,0,0
31,32,2013.0,330,18,3,2.0,0,76000.0,13500.0,0,138.0,1,1,0
28,51,2025.0,276,4,3,1.6,1,0.0,21408.0,0,120.0,1,0,0
5,110,2025.0,92,4,3,1.2,1,0.0,27160.0,0,132.0,1,0,0
18,23,2024.0,200,4,3,1.3,1,0.0,32807.0,2,170.0,0,0,0
2,124,2024.0,24,8,3,1.5,1,0.0,38900.0,2,185.0,0,0,0
2,124,2025.0,26,18,3,1.5,1,0.0,45360.0,0,185.0,0,0,0
25,18,2018.0,258,4,3,2.0,1,80000.0,46500.0,0,367.0,1,0,0
36,63,2021.0,397,13,3,1.0,1,104000.0,23920.0,2,101.0,0,0,0
25,17,2021.0,255,4,3,1.6,1,39000.0,49500.0,1,156.0,1,0,0
28,51,2021.0,276,4,3,1.6,1,49000.0,26000.0,1,120.0,1,0,0
28,51,2020.0,276,13,3,1.6,1,120000.0,22400.0,0,120.0,1,0,0
31,33,2019.0,332,4,3,1.6,0,75000.0,14800.0,1,110.0,0,1,0
36,96,2025.0,398,5,3,1.4,1,0.0,31920.0,2,150.0,0,0,0
14,113,2008.0,179,5,3,2.0,0,120000.0,10500.0,1,154.0,0,1,0
14,113,2013.0,178,13,3,2.0,0,140000.0,13500.0,0,154.0,0,0,0
11,34,2016.0,133,21,3,1.6,0,72000.0,12560.0,0,110.0,0,1,0
29,0,2025.0,297,13,3,1.2,1,500.0,32000.0,1,120.0,0,0,0
31,32,2021.0,327,21,3,1.6,1,55000.0,18320.0,1,110.0,0,1,0
11,100,2024.0,144,2,3,1.8,1,8500.0,29000.0,1,85.0,1,0,0
35,25,2025.0,370,21,3,2.0,1,0.0,34640.0,0,170.0,0,0,0
36,63,2025.0,397,2,3,1.0,1,1000.0,22600.0,1,101.0,0,0,0
2,124,2018.0,23,4,3,1.5,1,99800.0,17440.0,2,185.0,0,0,0
11,34,2013.0,134,2,3,1.6,0,116000.0,11920.0,0,110.0,0,1,0
29,0,2018.0,296,13,3,1.6,1,82000.0,15800.0,0,150.0,1,1,0
11,34,2008.0,132,13,3,1.6,0,183000.0,7680.0,0,110.0,0,1,0
36,97,2020.0,400,4,3,1.6,0,97000.0,22000.0,0,110.0,0,0,0
31,32,2018.0,327,13,3,1.6,1,93000.0,12900.0,0,110.0,0,1,0
28,51,2025.0,276,4,3,1.6,1,0.0,32999.0,0,120.0,1,0,0
1,75,2017.0,13,13,3,3.0,1,98000.0,35000.0,0,272.0,1,0,0
28,51,2018.0,276,13,3,1.6,1,116000.0,19600.0,0,120.0,1,0,0
18,116,2014.0,217,21,3,3.6,0,135000.0,48000.0,1,284.0,1,1,1
28,51,2023.0,276,13,3,1.6,0,41000.0,28000.0,0,120.0,1,0,0
3,117,2019.0,34,13,3,2.0,1,75000.0,35000.0,0,192.0,1,1,0
18,23,2025.0,200,13,3,1.3,1,0.0,35998.0,2,272.0,0,0,0
29,0,2025.0,297,18,3,1.0,1,0.0,31912.0,2,120.0,0,0,0
3,120,2017.0,41,18,3,2.0,0,110000.0,35000.0,1,245.0,1,1,0
11,100,2024.0,144,13,3,1.8,1,1300.0,34400.0,1,85.0,1,0,0
6,12,2022.0,111,13,3,1.6,1,25000.0,32800.0,1,110.0,0,0,0
5,110,2025.0,95,22,3,1.2,0,0.0,21360.0,2,132.0,1,0,0
11,34,2017.0,134,18,3,1.6,0,98000.0,15999.0,1,110.0,0,1,0
36,97,2022.0,400,13,2,1.0,0,31367.0,24920.0,2,110.0,0,0,0
22,36,2017.0,239,4,3,2.0,0,98000.0,54999.0,1,240.0,0,0,0
35,81,2013.0,382,4,3,2.4,1,190000.0,24000.0,1,257.0,1,0,0
29,0,2016.0,293,4,3,1.6,0,170000.0,12400.0,1,120.0,0,1,0
31,32,2019.0,327,4,3,1.6,1,59000.0,15800.0,0,110.0,0,1,0
5,110,2023.0,92,5,3,1.2,1,20000.0,28000.0,0,132.0,1,0,0
36,97,2025.0,400,21,3,1.0,1,0.0,23920.0,2,110.0,0,0,0
30,56,2016.0,313,18,3,3.0,0,84000.0,99000.0,2,340.0,0,1,0
35,25,2024.0,371,13,3,2.0,0,0.0,34520.0,0,170.0,0,0,0
35,46,2020.0,375,13,0,2.8,1,80000.0,40800.0,0,177.0,1,0,0
3,125,2014.0,60,4,0,3.0,0,135345.0,49500.0,1,245.0,1,0,0
18,23,2021.0,198,18,0,2.0,1,37000.0,36000.0,0,272.0,1,1,0
36,96,2023.0,398,18,3,1.4,1,22000.0,25440.0,2,150.0,0,0,0
5,110,2020.0,95,13,3,1.2,1,52000.0,20500.0,0,132.0,1,0,0
3,123,2009.0,58,2,0,3.0,0,182427.0,28500.0,1,306.0,1,1,0
29,0,2024.0,293,13,3,1.0,1,2700.0,31500.0,0,120.0,0,1,0
14,113,2014.0,178,13,3,2.0,0,98500.0,18900.0,1,154.0,1,0,0
21,87,2025.0,224,21,3,1.5,1,0.0,36000.0,0,185.0,0,0,0
28,51,2018.0,276,13,3,1.6,1,60000.0,20960.0,0,120.0,1,0,0
27,66,2025.0,274,18,3,2.5,1,0.0,51890.0,2,184.0,1,0,0
3,125,2011.0,60,4,3,3.0,0,123000.0,42000.0,1,306.0,1,0,0
35,25,2024.0,369,13,2,1.8,1,0.0,35360.0,1,170.0,0,0,0
6,10,2025.0,103,21,3,1.0,1,0.0,23800.0,2,120.0,0,0,0
5,110,2023.0,95,22,3,1.2,0,22000.0,24000.0,0,132.0,1,0,0
31,13,2020.0,320,13,3,2.0,1,90000.0,9200.0,2,110.0,0,1,0
31,32,2014.0,322,18,4,1.6,0,160300.0,12720.0,0,110.0,0,1,0
11,34,2014.0,130,3,2,1.6,0,135000.0,12088.0,2,110.0,0,1,0
5,110,2024.0,94,4,3,1.2,1,0.0,22000.0,2,132.0,0,0,0
36,96,2022.0,398,4,3,1.4,1,44000.0,33000.0,1,150.0,0,0,0
10,71,2024.0,125,13,3,1.3,1,0.0,28000.0,0,110.0,0,0,0
32,60,1999.0,346,13,0,2.9,0,205000.0,7200.0,1,110.0,0,1,0
11,54,2014.0,142,4,3,1.6,0,170000.0,15200.0,1,180.0,1,0,0
31,13,2018.0,318,4,3,1.6,1,86300.0,16792.0,0,110.0,0,0,0
36,97,2025.0,400,21,3,1.0,1,0.0,25200.0,0,110.0,0,0,0
18,82,2021.0,208,13,3,1.8,1,27996.0,23120.0,0,170.0,0,0,0
5,111,2018.0,98,15,0,2.8,1,95000.0,31500.0,0,200.0,1,0,0
11,34,2012.0,132,18,3,1.6,0,200000.0,9600.0,0,110.0,0,1,0
5,110,2016.0,92,18,3,1.8,1,80000.0,13760.0,1,140.0,0,1,0
36,63,2025.0,397,2,3,1.0,1,0.0,27440.0,2,101.0,0,0,0
11,100,2021.0,144,4,3,1.5,0,50000.0,27120.0,2,85.0,1,0,0
6,10,2025.0,103,23,3,1.0,0,0.0,24120.0,0,120.0,0,0,0
1,72,2025.0,5,13,3,1.5,0,0.0,51500.0,0,150.0,1,0,0
5,110,2024.0,95,13,3,1.2,1,0.0,21600.0,2,132.0,1,0,0
10,71,2025.0,124,22,3,1.0,1,0.0,14000.0,0,110.0,0,0,0
18,22,2025.0,195,13,0,2.0,1,0.0,45520.0,2,272.0,1,0,0
11,100,2025.0,144,18,3,1.8,1,880.0,79500.0,0,85.0,1,0,0
25,21,2001.0,265,18,3,3.2,0,243000.0,10500.0,1,110.0,1,0,0
35,25,2023.0,371,13,3,2.0,1,14400.0,31000.0,1,170.0,0,0,0
11,100,2024.0,144,13,3,1.8,1,6000.0,35192.0,1,85.0,1,0,0
11,34,2020.0,136,4,3,2.0,1,61000.0,20400.0,0,143.0,0,0,0
18,23,2021.0,199,4,3,2.4,1,25000.0,26000.0,0,170.0,0,1,0
25,17,2019.0,255,13,3,1.6,0,100000.0,31000.0,1,156.0,1,0,0
18,23,2013.0,200,18,3,2.4,0,135000.0,17500.0,1,170.0,0,0,0
36,63,2024.0,397,4,3,1.0,1,1111.0,25440.0,1,116.0,0,0,0
6,11,2023.0,106,4,3,1.6,0,0.0,21520.0,2,165.0,0,1,0
11,34,2014.0,136,4,3,1.6,0,108000.0,11920.0,0,110.0,0,1,0
36,63,2022.0,397,4,3,1.0,1,45000.0,26400.0,1,101.0,0,0,0
13,27,2013.0,154,13,3,2.4,0,90000.0,18500.0,1,185.0,0,0,0
36,63,2025.0,397,18,3,1.0,1,0.0,24800.0,2,101.0,0,0,0
3,125,2022.0,64,4,3,3.0,0,23000.0,164900.0,0,306.0,1,0,0
18,82,2025.0,208,13,3,1.3,1,0.0,29512.0,0,170.0,0,0,0
29,0,2018.0,293,13,3,1.6,0,61770.0,13360.0,2,120.0,0,1,0
1,77,2011.0,16,18,3,3.0,1,180000.0,28000.0,1,333.0,1,0,0
5,110,2017.0,92,4,3,1.8,1,118000.0,16000.0,1,140.0,0,1,0
36,108,2019.0,414,18,3,1.4,0,65300.0,28300.0,1,150.0,0,0,0
29,0,2019.0,296,21,3,1.6,1,115000.0,14800.0,1,150.0,1,1,0
3,118,2022.0,36,13,3,2.0,1,12000.0,79000.0,1,205.0,1,0,0
2,124,2024.0,23,22,3,1.5,1,7300.0,34500.0,0,185.0,0,0,0
18,82,2020.0,208,13,3,1.8,1,51000.0,22400.0,1,170.0,0,0,0
5,110,2017.0,92,4,3,1.8,1,102000.0,11200.0,0,140.0,1,0,0
5,110,2015.0,92,13,3,1.8,1,106000.0,13200.0,0,140.0,0,1,0
1,75,2025.0,13,18,3,2.0,1,0.0,83900.0,0,252.0,1,0,0
35,46,2023.0,376,4,0,2.8,1,48500.0,55000.0,1,177.0,1,0,0
1,75,2011.0,13,13,3,2.0,0,219000.0,15900.0,0,211.0,1,0,0
14,26,2025.0,164,2,3,1.6,1,1375.0,31000.0,0,115.0,0,0,0
28,51,2020.0,276,13,3,1.6,0,69000.0,19200.0,0,120.0,1,0,0
31,32,2017.0,327,18,3,1.6,1,84000.0,15600.0,0,110.0,0,1,0
31,32,2020.0,324,22,2,1.6,0,58326.0,13808.0,2,110.0,0,1,0
36,97,2025.0,400,13,3,1.0,1,0.0,22792.0,1,110.0,0,1,0
36,97,2020.0,402,4,3,1.6,1,85000.0,21600.0,0,116.0,0,0,0
29,1,2018.0,303,2,0,2.0,1,140000.0,23992.0,1,165.0,1,0,0
11,100,2025.0,144,18,3,1.8,1,2500.0,43900.0,1,85.0,1,0,0
18,23,2024.0,200,13,3,1.3,1,8761.0,33600.0,0,170.0,0,0,0
14,113,2012.0,178,13,3,2.0,0,175000.0,12000.0,1,154.0,0,0,0
36,96,2025.0,398,3,3,1.4,1,0.0,36900.0,2,150.0,0,0,0
8,50,2010.0,113,18,3,2.7,1,180000.0,12500.0,1,170.0,1,0,0
4,101,2014.0,65,4,3,2.0,0,126000.0,8800.0,0,125.0,0,1,0
35,25,2023.0,369,13,2,2.0,1,30000.0,32500.0,0,170.0,0,0,0
11,34,2018.0,133,2,3,1.5,0,87028.0,12800.0,1,123.0,0,1,0
18,23,2022.0,200,13,3,1.3,0,40000.0,28800.0,1,170.0,0,0,0
5,110,2025.0,91,2,3,1.2,0,500.0,12000.0,1,132.0,1,1,0
3,117,2022.0,34,4,3,2.0,0,27965.0,39024.0,2,192.0,1,1,0
36,97,2025.0,400,18,3,1.0,1,500.0,24000.0,1,110.0,0,0,0
5,110,2023.0,95,4,3,1.2,1,22000.0,21200.0,0,132.0,1,0,0
4,101,2013.0,65,2,3,2.0,0,179000.0,9600.0,1,138.0,0,1,0
8,50,2011.0,113,18,3,2.7,0,139000.0,13200.0,0,170.0,1,0,0
11,34,2012.0,132,18,3,2.0,0,145000.0,9600.0,1,143.0,1,1,0
35,25,2025.0,370,4,3,2.0,0,0.0,36000.0,0,170.0,0,0,0
3,118,2019.0,36,5,3,2.0,0,38000.0,60000.0,0,205.0,1,0,0
29,1,2017.0,301,18,0,2.0,0,130000.0,18400.0,0,165.0,1,0,0
31,32,2018.0,327,13,3,1.6,1,130000.0,12400.0,1,110.0,0,1,0
21,92,2013.0,231,3,3,2.0,0,138000.0,13990.0,0,163.0,0,0,0
6,10,2024.0,103,22,3,1.6,1,0.0,22600.0,2,120.0,0,1,0
18,82,2021.0,210,4,3,1.8,1,111000.0,17520.0,2,170.0,0,1,0
29,2,2014.0,305,21,3,2.0,0,90000.0,18000.0,1,150.0,1,0,0
31,33,2016.0,332,21,3,1.6,0,109000.0,11600.0,1,110.0,0,1,0
18,23,2025.0,200,13,3,1.3,1,0.0,31200.0,2,272.0,0,0,0
14,26,2025.0,164,3,3,1.5,1,0.0,35000.0,2,115.0,0,0,0
31,32,2017.0,327,4,3,1.6,1,115000.0,15600.0,0,110.0,0,1,0
18,23,2025.0,200,4,3,1.3,1,0.0,30400.0,2,272.0,0,0,0
5,110,2025.0,92,13,3,1.2,1,1000.0,22960.0,2,132.0,1,0,0
18,15,1998.0,194,18,3,4.0,0,435000.0,13000.0,1,170.0,1,1,0
21,92,2017.0,231,13,0,2.0,1,98000.0,21192.0,0,154.0,0,1,0
35,25,2025.0,371,4,3,2.0,1,0.0,30260.0,2,170.0,0,0,0
5,110,2023.0,92,4,3,1.2,1,42000.0,23200.0,0,132.0,1,0,0
18,82,2017.0,210,4,3,1.8,1,102000.0,15500.0,0,170.0,0,0,0
29,0,2025.0,297,13,3,1.0,1,0.0,33600.0,0,120.0,0,0,0
29,0,2018.0,293,13,3,1.6,0,68000.0,16000.0,1,120.0,0,1,0
36,63,2021.0,397,13,3,1.0,1,32000.0,23600.0,0,101.0,0,0,0
13,27,2014.0,154,18,3,2.4,1,175000.0,16800.0,1,185.0,0,0,0
11,100,2025.0,144,4,3,1.8,1,1100.0,36000.0,1,85.0,1,0,0
14,113,2025.0,183,18,3,1.6,1,1000.0,57000.0,0,154.0,0,0,0
18,23,2024.0,200,4,3,1.3,1,0.0,36687.0,2,170.0,0,0,0
29,0,2019.0,299,13,3,1.6,1,77000.0,15984.0,0,120.0,0,1,0
4,104,2025.0,73,13,3,1.5,1,0.0,29500.0,0,127.0,1,0,0
18,22,2025.0,195,13,3,2.0,1,0.0,51754.0,2,272.0,1,0,0
31,32,2025.0,329,13,3,1.3,1,500.0,27120.0,0,155.0,1,0,0
29,0,2020.0,293,22,3,1.6,0,54045.0,17472.0,0,120.0,0,1,0
36,97,2024.0,400,13,3,1.0,1,1111.0,27200.0,1,110.0,0,0,0
31,13,2018.0,318,4,3,2.0,1,121800.0,13872.0,2,110.0,0,1,0
10,71,2022.0,125,21,3,1.3,1,55000.0,19040.0,0,110.0,0,0,0
4,101,2011.0,66,13,3,2.0,0,156000.0,9520.0,0,127.0,1,1,0
29,0,2025.0,297,18,3,1.0,1,0.0,32632.0,0,120.0,0,0,0
18,23,2020.0,199,4,3,2.4,1,58000.0,22000.0,0,170.0,0,0,0
32,60,2005.0,346,13,0,2.9,0,140000.0,15000.0,1,110.0,0,1,0
28,51,2020.0,277,22,3,1.6,0,73000.0,18240.0,1,120.0,0,1,0
18,116,2011.0,218,2,3,3.6,1,100000.0,45000.0,0,284.0,1,0,1
35,95,2010.0,391,2,0,3.0,0,275500.0,23500.0,1,171.0,1,1,0
31,32,2019.0,327,13,3,2.0,1,87000.0,17200.0,0,143.0,1,1,0
11,34,2015.0,134,3,3,1.6,0,70000.0,12600.0,0,110.0,0,1,0
1,93,2018.0,18,13,3,3.0,0,72000.0,68000.0,0,354.0,1,0,0
21,92,2025.0,233,4,3,1.6,1,0.0,57000.0,0,154.0,1,0,0
30,56,2017.0,313,4,0,3.0,1,98000.0,169000.0,0,245.0,0,1,0
31,32,2025.0,329,21,3,1.3,1,2400.0,24784.0,2,155.0,1,1,0
5,110,2024.0,95,2,3,1.2,1,0.0,24900.0,0,132.0,1,0,0
18,23,2025.0,200,18,3,1.3,1,0.0,39900.0,2,272.0,0,0,0
18,82,2023.0,209,13,3,1.3,1,0.0,29600.0,2,170.0,0,0,0
35,25,2025.0,367,4,3,2.0,0,7706.0,43200.0,1,170.0,0,0,0
6,10,2017.0,104,4,3,1.6,1,133000.0,12400.0,1,120.0,0,1,0
11,34,2008.0,137,18,3,2.0,1,192000.0,8300.0,0,143.0,0,1,0
30,67,2011.0,316,18,3,4.8,0,160000.0,119000.0,0,500.0,0,0,0
11,8,2022.0,129,13,3,2.0,0,39000.0,35992.0,0,110.0,1,0,0
5,110,2024.0,92,2,3,1.2,1,0.0,24321.0,2,132.0,1,0,0
35,55,1987.0,378,3,3,4.2,0,65000.0,25000.0,1,265.0,0,1,0
5,110,2017.0,92,21,3,1.8,1,78000.0,17200.0,0,140.0,1,0,0
14,113,2024.0,176,18,3,2.0,1,0.0,53990.0,0,154.0,0,0,0
36,108,2019.0,414,4,3,2.0,0,79000.0,24792.0,2,150.0,0,0,0
30,14,2008.0,309,13,3,3.6,0,122000.0,28500.0,1,300.0,1,0,0
6,11,2020.0,106,18,3,1.6,0,117000.0,14240.0,0,165.0,0,1,0
11,54,2019.0,141,13,3,2.0,1,55000.0,22800.0,1,143.0,1,0,0
31,32,2013.0,322,4,3,1.6,0,143600.0,11200.0,0,110.0,0,1,0
5,110,2025.0,95,13,3,1.2,0,0.0,21360.0,2,132.0,1,0,0
5,111,2019.0,98,13,0,2.8,1,110000.0,27200.0,1,200.0,1,0,0
18,23,2019.0,200,4,3,2.4,0,112400.0,26320.0,0,170.0,0,0,0
11,100,2022.0,145,18,3,1.5,0,56000.0,27200.0,1,143.0,0,0,0
10,71,2024.0,125,22,3,1.3,1,0.0,25641.0,2,110.0,0,0,0
18,23,2022.0,200,13,3,1.3,0,34000.0,30000.0,0,170.0,0,0,0
36,97,2025.0,400,4,3,1.0,1,0.0,32720.0,0,110.0,0,0,0
5,110,2020.0,92,13,3,1.2,0,67000.0,22500.0,0,132.0,1,0,0
31,32,2013.0,322,2,3,1.6,0,150000.0,9520.0,0,110.0,0,1,0
14,86,2012.0,171,21,3,2.4,0,187000.0,13500.0,1,110.0,1,0,0
36,63,2025.0,397,2,3,1.0,1,0.0,29520.0,0,101.0,0,0,0
2,124,2025.0,25,4,3,1.5,1,0.0,37990.0,0,185.0,0,0,0
29,0,2025.0,297,18,3,1.0,1,0.0,34400.0,2,120.0,0,0,0
0,94,2025.0,3,8,3,2.0,1,0.0,86000.0,0,280.0,0,0,0
31,32,2017.0,327,13,3,1.6,1,98000.0,14000.0,0,110.0,0,1,0
6,11,2021.0,106,21,3,1.6,0,53000.0,18640.0,1,165.0,0,0,0
35,25,2021.0,369,4,3,2.0,1,30000.0,34500.0,1,170.0,0,0,0
18,116,2025.0,216,18,3,2.0,1,0.0,120000.0,2,272.0,1,0,1
36,97,2020.0,402,4,3,1.6,1,79000.0,24000.0,0,116.0,0,0,0
34,44,2010.0,351,13,3,2.4,0,170000.0,13600.0,0,110.0,1,1,0
36,96,2025.0,398,21,3,1.4,1,1000.0,40000.0,1,150.0,0,0,0
31,32,2013.0,322,18,3,1.6,0,184000.0,10560.0,1,110.0,0,1,0
6,10,2025.0,103,22,3,1.0,1,0.0,23280.0,2,120.0,0,0,0
35,25,2025.0,371,13,3,2.0,1,0.0,30579.0,2,170.0,0,0,0
1,75,2024.0,13,4,3,2.0,1,0.0,88000.0,2,252.0,1,0,0
13,47,2017.0,157,21,3,1.8,1,120900.0,19360.0,0,154.0,0,0,0
36,97,2024.0,400,2,3,1.0,1,1111.0,22880.0,1,110.0,0,0,0
2,124,2024.0,23,1,3,1.5,1,0.0,39700.0,0,185.0,0,0,0
31,33,2018.0,334,21,2,2.0,0,122860.0,14072.0,2,138.0,0,1,0
5,110,2016.0,92,13,3,1.8,1,73800.0,14800.0,1,140.0,1,0,0
5,110,2024.0,95,18,3,1.2,1,1000.0,21200.0,2,132.0,1,0,0
35,25,2023.0,370,18,3,2.0,1,30000.0,33000.0,1,170.0,0,0,0
28,68,1995.0,282,13,0,2.7,0,364000.0,8900.0,1,110.0,1,1,0
4,105,2018.0,75,13,3,2.0,1,89000.0,14400.0,1,127.0,1,0,0
5,110,2025.0,94,2,3,1.2,1,0.0,26800.0,2,132.0,1,0,0
35,95,2020.0,393,21,0,2.8,0,89000.0,46000.0,1,204.0,1,0,0
18,82,2018.0,210,22,3,1.8,1,84000.0,23100.0,1,170.0,0,1,0
3,118,2020.0,37,4,3,2.0,0,38000.0,55000.0,0,205.0,1,0,0
11,34,2017.0,134,5,3,1.6,0,85000.0,14000.0,2,110.0,0,1,0
35,81,2013.0,387,18,3,2.0,0,218000.0,15920.0,2,110.0,0,1,0
31,32,2024.0,325,21,3,1.6,1,0.0,22185.0,2,115.0,0,1,0
36,97,2025.0,400,4,3,1.0,1,0.0,23120.0,0,110.0,0,1,0
35,25,2025.0,369,4,2,1.8,1,0.0,35142.0,0,170.0,0,0,0
1,75,2021.0,13,2,3,2.0,0,59050.0,71000.0,0,252.0,1,0,0
18,23,2024.0,200,4,3,1.3,1,0.0,33440.0,2,170.0,0,0,0
11,54,2012.0,143,4,3,2.5,0,160000.0,12900.0,1,180.0,1,1,0
31,32,2016.0,327,18,3,2.0,0,150000.0,12800.0,0,143.0,0,1,0
28,51,2021.0,276,21,3,1.6,1,61932.0,24000.0,2,120.0,1,0,0
11,34,2013.0,136,18,3,1.6,0,93000.0,11600.0,0,110.0,0,1,0
28,59,2011.0,281,4,3,3.5,1,160000.0,12000.0,0,260.0,1,0,0
13,47,2019.0,157,13,3,1.8,1,54900.0,24750.0,0,154.0,0,0,0
36,96,2023.0,398,2,3,1.4,1,41000.0,33000.0,1,150.0,0,0,0
5,110,2018.0,92,4,3,1.8,1,88500.0,19200.0,0,140.0,1,1,0
18,23,2019.0,198,18,3,2.4,1,79000.0,25600.0,1,170.0,1,0,0
11,34,2013.0,134,13,3,1.6,0,138000.0,11360.0,0,110.0,0,1,0
13,27,2005.0,154,13,3,2.4,0,160000.0,12800.0,0,185.0,1,1,0
31,32,2012.0,324,4,3,1.6,0,155000.0,10000.0,1,110.0,0,1,0
11,54,2019.0,142,21,3,2.0,1,107000.0,26500.0,0,143.0,1,0,0
4,103,2016.0,70,4,3,1.6,1,103000.0,12792.0,0,110.0,0,1,0
36,96,2025.0,398,21,3,1.4,1,0.0,30392.0,2,150.0,0,0,0
29,0,2016.0,293,18,3,1.6,0,90000.0,11920.0,0,120.0,0,1,0
28,51,2023.0,277,4,3,1.6,0,4000.0,22400.0,1,120.0,0,1,0
31,33,2020.0,333,13,3,2.0,0,114000.0,17600.0,0,110.0,0,1,0
0,94,2020.0,3,22,3,2.0,0,61900.0,50000.0,0,200.0,0,0,0
5,110,2025.0,95,2,3,1.2,0,0.0,23600.0,2,132.0,1,0,0
11,34,2008.0,137,18,3,2.0,1,240000.0,8500.0,1,143.0,0,1,0
3,117,2012.0,34,2,3,2.0,0,155000.0,19000.0,0,150.0,1,1,0
35,25,2024.0,369,13,2,1.8,1,0.0,34000.0,1,170.0,0,0,0
18,23,2024.0,200,13,3,1.3,1,0.0,39900.0,2,170.0,0,0,0
28,51,2021.0,276,13,3,1.6,1,22000.0,24640.0,1,120.0,1,0,0
36,63,2025.0,397,4,3,1.0,1,0.0,22100.0,0,101.0,0,0,0
18,23,2008.0,199,13,3,2.4,0,176000.0,12400.0,0,170.0,0,0,0
36,96,2025.0,398,21,3,1.4,1,3000.0,33500.0,2,150.0,0,0,0
18,23,2025.0,200,4,3,1.3,1,0.0,37076.0,2,272.0,0,0,0
11,34,2018.0,136,13,3,1.5,1,58000.0,15120.0,2,123.0,0,1,0
3,123,2013.0,54,4,3,3.0,1,140000.0,25000.0,0,306.0,1,1,0
5,110,2024.0,92,2,3,1.2,1,0.0,27040.0,0,132.0,1,0,0
31,33,2017.0,333,26,3,2.0,1,135000.0,15200.0,0,110.0,0,1,0
31,32,2025.0,329,13,3,1.3,1,0.0,24544.0,2,155.0,1,0,0
29,0,2025.0,297,4,3,1.0,1,0.0,11280.0,2,120.0,0,0,0
1,75,2017.0,13,8,3,2.0,1,78000.0,33900.0,0,250.0,1,0,0
1,77,2023.0,16,21,3,3.0,1,0.0,175000.0,2,333.0,1,0,0
11,34,2011.0,132,18,3,2.0,0,207000.0,8000.0,1,143.0,0,1,0
5,110,2018.0,92,4,3,1.8,1,104000.0,15520.0,0,140.0,1,1,0
14,113,2019.0,174,13,3,2.0,0,70000.0,24000.0,1,154.0,0,1,0
11,100,2021.0,144,15,3,1.5,1,86000.0,28900.0,0,85.0,1,0,0
1,73,2024.0,8,13,3,2.0,1,0.0,69400.0,0,180.0,1,0,0
11,34,2018.0,130,4,3,1.5,1,95000.0,14400.0,2,123.0,0,1,0
29,0,2017.0,296,22,3,1.6,1,93000.0,13600.0,0,150.0,1,1,0
36,107,2010.0,409,13,0,2.0,0,208000.0,12400.0,1,200.0,1,0,0
21,87,2025.0,224,18,3,1.5,1,0.0,35499.0,0,185.0,0,0,0
36,96,2022.0,398,4,3,1.6,0,14000.0,34300.0,2,150.0,0,0,0
5,110,2017.0,92,22,3,1.8,1,95000.0,10000.0,0,140.0,1,0,0
18,82,2025.0,210,18,3,1.8,1,0.0,23992.0,2,170.0,0,0,0
14,113,2013.0,178,18,3,2.0,0,139000.0,15500.0,1,154.0,1,0,0
18,82,2017.0,210,4,3,1.8,1,94700.0,15500.0,1,170.0,0,1,0
31,13,2018.0,318,22,3,2.0,0,100000.0,17600.0,0,110.0,0,1,0
31,32,2013.0,326,18,3,2.0,0,190000.0,11500.0,1,138.0,1,1,0
28,51,2019.0,275,4,3,1.6,1,95000.0,16800.0,1,120.0,0,0,0
10,71,2025.0,125,22,3,1.3,0,0.0,24000.0,2,110.0,0,0,0
31,32,2017.0,327,4,3,2.0,1,164000.0,14320.0,1,143.0,0,1,0
5,110,2018.0,92,13,3,1.8,1,90000.0,19500.0,0,140.0,1,1,0
5,110,2018.0,92,4,3,1.8,1,90000.0,14800.0,0,140.0,1,1,0
3,125,2012.0,60,22,3,3.0,0,171000.0,35000.0,1,306.0,1,0,0
35,25,2024.0,369,21,3,2.0,1,8000.0,38000.0,0,170.0,0,0,0
5,110,2025.0,95,22,3,1.2,0,0.0,21680.0,2,132.0,1,0,0
28,51,2023.0,277,4,3,1.6,0,4000.0,22400.0,1,120.0,0,1,0
21,89,2011.0,226,5,3,2.4,0,174000.0,15000.0,0,163.0,1,0,0
11,34,2009.0,137,18,3,2.0,0,183000.0,8720.0,0,143.0,0,1,0
36,97,2025.0,400,4,3,1.0,1,0.0,28799.0,2,110.0,0,0,0
36,97,2023.0,400,22,3,1.0,0,12000.0,22400.0,1,110.0,0,1,0
25,17,2018.0,255,4,3,1.6,0,112000.0,32900.0,1,211.0,1,0,0
28,51,2020.0,276,21,3,1.6,0,70796.0,21600.0,0,120.0,1,0,0
35,25,2022.0,369,22,2,1.8,1,52000.0,30000.0,0,170.0,0,0,0
14,86,2010.0,171,18,3,2.4,0,200000.0,13000.0,1,110.0,1,0,0
31,32,2019.0,327,4,3,1.6,1,82000.0,14160.0,0,110.0,0,1,0
4,101,2013.0,65,22,3,2.0,0,140000.0,7600.0,1,138.0,0,1,0
28,130,2023.0,288,13,3,2.5,1,47992.0,44000.0,0,120.0,1,0,0
0,94,2019.0,3,13,3,2.0,0,47000.0,41500.0,1,200.0,0,0,0
28,59,2018.0,280,13,3,3.5,1,51000.0,37000.0,0,260.0,1,0,0
36,97,2025.0,400,4,3,1.0,1,0.0,25600.0,2,110.0,0,0,0
31,32,2022.0,331,13,3,1.6,0,24500.0,23500.0,1,110.0,0,1,0
13,70,2009.0,161,13,3,3.5,0,235000.0,20000.0,0,257.0,0,0,0
18,23,2020.0,199,13,3,2.4,1,80000.0,23900.0,0,170.0,0,0,0
13,27,2011.0,152,13,3,2.4,1,210000.0,15500.0,1,185.0,1,0,0
14,113,2010.0,178,18,3,2.0,0,137000.0,11040.0,0,154.0,0,0,0
29,0,2019.0,299,13,3,1.6,1,77000.0,15600.0,0,120.0,0,1,0
1,75,2016.0,13,4,3,2.0,0,80000.0,31900.0,0,225.0,1,0,0
11,34,2017.0,134,18,3,1.6,0,144000.0,16500.0,0,110.0,0,1,0
1,72,2018.0,5,4,3,1.4,0,90000.0,30000.0,0,150.0,1,0,0
28,51,2021.0,275,13,3,1.6,1,35700.0,22800.0,1,120.0,0,0,0
6,11,2022.0,110,21,3,1.6,1,40000.0,19600.0,1,165.0,0,0,0
36,107,2014.0,409,21,3,2.0,0,140000.0,21000.0,0,200.0,1,0,0
21,92,2020.0,231,13,3,2.0,1,65000.0,29200.0,1,154.0,0,0,0
14,113,2018.0,182,13,3,2.0,1,130000.0,23600.0,0,154.0,0,0,0
29,0,2025.0,293,13,3,1.0,1,0.0,28720.0,2,120.0,0,0,0
28,51,2021.0,275,13,3,1.6,1,50000.0,21520.0,0,120.0,0,0,0
14,113,2011.0,178,21,3,2.0,0,150000.0,13900.0,0,154.0,1,1,0
5,110,2025.0,92,13,3,1.2,1,0.0,22400.0,2,132.0,1,0,0
8,50,2015.0,113,4,3,3.6,1,160000.0,21800.0,1,280.0,1,0,0
1,77,2007.0,15,13,0,3.0,0,244000.0,18900.0,0,249.0,1,0,0
18,22,2022.0,195,18,0,2.0,0,58000.0,43920.0,2,272.0,1,0,0
35,25,2022.0,369,21,2,1.8,1,29000.0,30400.0,1,170.0,0,0,0
31,32,2018.0,327,4,3,2.0,1,85000.0,15440.0,1,143.0,0,1,0
29,1,2021.0,302,22,3,1.6,1,54600.0,33600.0,2,165.0,1,0,0
4,105,2017.0,74,17,3,2.0,1,115668.0,14584.0,0,110.0,0,1,0
5,110,2021.0,95,4,3,1.2,1,63640.0,21120.0,0,132.0,1,0,0
10,71,2024.0,125,13,3,1.3,1,0.0,22400.0,2,110.0,0,0,0
5,111,2013.0,98,18,0,2.8,1,185000.0,22500.0,1,180.0,1,0,0
1,72,2025.0,5,13,3,2.0,0,0.0,57800.0,0,190.0,1,0,0
14,113,2017.0,174,13,3,2.0,1,128000.0,24800.0,0,154.0,0,1,0
29,0,2019.0,296,13,3,1.6,1,79000.0,16000.0,1,150.0,1,1,0
5,110,2024.0,95,2,3,1.2,1,0.0,22312.0,2,132.0,1,0,0
29,0,2025.0,297,4,3,1.0,1,0.0,25592.0,2,120.0,0,0,0
11,100,2021.0,144,8,3,1.5,0,35000.0,28000.0,1,85.0,1,0,0
31,13,2017.0,318,4,3,2.0,0,98000.0,17200.0,0,110.0,0,1,0
4,103,2017.0,70,4,3,1.6,1,140000.0,12960.0,0,110.0,0,1,0
18,23,2018.0,198,18,3,2.4,1,86000.0,28160.0,1,170.0,1,1,0
6,11,2020.0,110,13,3,1.6,1,70796.0,18800.0,0,165.0,0,0,0
36,63,2025.0,397,13,3,1.0,1,0.0,28000.0,2,101.0,0,0,0
36,63,2025.0,397,4,3,1.0,1,0.0,23400.0,2,101.0,0,0,0
29,0,2025.0,292,13,3,1.0,1,0.0,25680.0,2,120.0,0,1,0
13,27,2011.0,154,13,3,2.4,0,197000.0,14500.0,1,185.0,0,0,0
36,96,2022.0,398,2,3,1.6,0,13000.0,33900.0,0,150.0,0,0,0
28,68,1997.0,283,5,3,3.3,0,215000.0,8480.0,1,123.0,1,1,0
25,16,2014.0,253,21,3,4.7,0,135000.0,67000.0,0,435.0,1,0,0
11,34,2013.0,136,13,3,1.6,0,135000.0,11200.0,1,110.0,0,1,0
5,110,2025.0,94,22,3,1.2,1,0.0,26560.0,2,132.0,1,0,0
4,103,2017.0,70,22,3,1.6,1,90000.0,12400.0,0,110.0,0,1,0
14,26,2021.0,164,5,3,1.6,1,66000.0,23600.0,0,115.0,0,0,0
13,27,2009.0,154,18,3,2.4,0,205000.0,14400.0,0,185.0,1,0,0
2,119,2019.0,19,4,3,1.5,1,73400.0,15500.0,1,110.0,0,1,0
31,32,2018.0,327,4,3,2.0,1,73000.0,18319.0,0,143.0,0,1,0
31,32,2018.0,327,13,3,1.6,1,73000.0,15900.0,0,110.0,0,1,0
31,32,2013.0,322,13,3,1.6,0,145000.0,10000.0,1,110.0,0,1,0
36,96,2025.0,398,13,3,1.4,1,0.0,29960.0,2,150.0,0,0,0
35,25,2022.0,369,21,2,1.8,1,65000.0,35000.0,1,170.0,0,0,0
28,51,2020.0,277,21,3,1.6,0,67000.0,20000.0,0,120.0,0,1,0
6,11,2025.0,110,13,3,1.6,1,0.0,25560.0,0,165.0,0,0,0
1,75,2019.0,13,13,3,2.0,0,105000.0,42000.0,0,250.0,1,0,0
11,34,2018.0,136,13,3,1.5,1,90000.0,16720.0,1,123.0,0,1,0
31,32,2017.0,327,18,3,1.6,1,110000.0,15200.0,0,110.0,0,1,0
5,110,2025.0,95,21,3,1.2,0,0.0,29450.0,2,132.0,1,0,0
18,23,2025.0,200,4,3,1.3,1,0.0,42100.0,2,272.0,0,0,0
6,10,2024.0,103,4,3,1.0,1,0.0,18400.0,2,120.0,0,0,0
14,113,2015.0,178,13,3,2.0,0,94275.0,15600.0,0,154.0,0,1,0
3,117,2012.0,34,13,3,2.0,0,155000.0,18000.0,1,150.0,1,1,0
15,112,1995.0,187,4,0,3.1,0,300000.0,8200.0,0,110.0,0,1,0
5,111,2025.0,99,18,0,2.8,1,0.0,46400.0,2,200.0,1,0,0
5,110,2021.0,95,22,3,1.2,1,30569.0,25520.0,2,132.0,1,0,0
18,82,2017.0,210,22,3,1.8,1,100000.0,17200.0,1,170.0,0,1,0
11,100,2024.0,144,4,3,1.8,1,10000.0,35920.0,0,85.0,1,0,0
31,32,2018.0,327,13,3,2.0,1,87028.0,18800.0,1,143.0,0,1,0
11,34,2014.0,134,4,0,1.5,0,138971.0,11500.0,1,90.0,0,1,0
36,97,2025.0,400,4,3,1.0,0,0.0,24729.0,2,110.0,0,0,0
6,10,2025.0,103,13,3,1.0,1,0.0,16352.0,0,120.0,0,0,0
31,32,2015.0,327,4,3,1.6,1,168000.0,11600.0,1,110.0,0,1,0
25,19,2016.0,262,13,3,3.0,0,55000.0,69000.0,0,333.0,1,0,0
2,124,2018.0,23,4,3,1.5,1,99800.0,17440.0,2,185.0,0,0,0
31,32,2018.0,327,13,3,2.0,1,87028.0,15200.0,0,143.0,0,1,0
28,51,2020.0,277,13,3,1.6,0,96000.0,23000.0,1,120.0,0,1,0
5,110,2016.0,92,2,3,1.8,1,65000.0,14950.0,0,140.0,0,1,0
36,107,2025.0,409,2,3,2.0,0,0.0,45199.0,2,200.0,1,0,0
5,110,2025.0,91,4,3,1.2,0,0.0,21198.0,2,132.0,1,0,0
36,96,2023.0,398,2,3,1.4,1,44200.0,34000.0,0,150.0,0,0,0
36,96,2024.0,398,4,3,1.4,1,0.0,36336.0,2,150.0,0,0,0
